,smiles,labels,labels-active,cluster,SVC_pred_prob,SVC_pred,LogisticRegression_pred_prob,LogisticRegression_pred,RandomForestClassifier_pred_prob,RandomForestClassifier_pred,KNeighborsClassifier_pred_prob,KNeighborsClassifier_pred,GradientBoostingClassifier_pred_prob,GradientBoostingClassifier_pred,DummyClassifier_pred_prob,DummyClassifier_pred
0,Clc1cc2CC([NH+]=C(N[C@@H](C[C@H]3[C@H](SC=C3c3cn[nH]c3)CCC)C(=O)[O-])c2cc1)(C)C,1,1,0,0.8239538498496132,1,0.9169969494399848,1,0.57,1,0.8,1,0.7384385500546878,1,1.0,1
1,Brc1cscc1C[C@H](NC1=[NH+]C(Cc2c1ccc(Cl)c2)(C)C)C(=O)[O-],1,1,0,0.9088283393310441,1,0.9177255495659016,1,0.79,1,0.6,1,0.5466234489486502,1,1.0,1
2,Clc1cc2CC([NH+]=C(N[C@@H](Cc3cscc3-c3cn[nH]c3)C(=O)[O-])c2cc1)(C)C,1,1,0,0.8327930758309118,1,0.9329180984860249,1,0.69,1,0.4,0,0.7220296444557033,1,1.0,1
3,Clc1cc2CC([NH+]=C(N[C@@H](Cc3cscc3CCC)C(=O)[O-])c2cc1)(C)C,1,1,0,0.9168766753424216,1,0.9798951879806452,1,0.82,1,0.8,1,0.5466234489486502,1,1.0,1
4,S1(=O)(=O)NCC2(N1c1cc(F)ccc1)CC([NH+](CC2)Cc1cc(OC(C)C)ccc1)C,0,0,1,0.866655155204695,1,0.4155356394280686,0,0.12,0,0.0,0,0.22920315249416087,0,1.0,1
5,Clc1ccccc1-c1cc(ccc1)C[NH+]1CCC2(N(S(=O)(=O)NC2)c2cc(F)ccc2)CC1C,0,0,1,0.5,0,0.5532315997315004,1,0.35,0,0.2,0,0.3360111991525797,0,1.0,1
6,S1(=O)(=O)NCC2(N1c1cc(F)ccc1)CC([NH+](CC2)Cc1cc(OCC)ccc1)C,0,0,1,0.7290433238816078,1,0.40375809245376965,0,0.19,0,0.2,0,0.22920315249416087,0,1.0,1
7,S1(=O)(=O)NCC2(N1c1cc(F)ccc1)CC([NH+](CC2)Cc1cc(OC2CCCC2)ccc1)C,0,0,1,0.8539163301113444,1,0.6177183247799491,1,0.17,0,0.2,0,0.22920315249416087,0,1.0,1
8,S1(=O)(=O)NCC2(N1c1cc(F)ccc1)CC([NH+](CC2)Cc1cc(OCC(C)C)ccc1)C,0,0,1,0.8093514226553439,1,0.6225099535412043,1,0.17,0,0.0,0,0.22920315249416087,0,1.0,1
9,S1(=O)(=O)NCC2(N1c1cc(F)ccc1)CC([NH+](CC2)Cc1ccccc1)C,0,0,1,0.7302241003595973,1,0.15514330186957714,0,0.25,0,0.2,0,0.20302497845071782,0,1.0,1
10,S1(=O)(=O)NCC2(N1c1cc(F)ccc1)CC([NH+](CC2)Cc1cc(OCCC)ccc1)C,0,0,1,0.7351025847102537,1,0.3543689468906073,0,0.19,0,0.2,0,0.22920315249416087,0,1.0,1
11,S1(=O)(=O)NCC2(N1c1cc(F)ccc1)CC([NH+](CC2)Cc1cc(OC)ccc1)C,0,0,1,0.6359933518506761,1,0.17787148882682616,0,0.2,0,0.2,0,0.22920315249416087,0,1.0,1
12,Clc1cc(cc(Cl)c1NC(=O)C)CNC(NC(=O)Cn1c2cc(ccc2cc1)C#N)=N,1,1,2,0.16036095143337986,0,0.012838996682125884,0,0.29,0,0.0,0,0.5585652609251077,1,1.0,1
13,Clc1cc(cc(Cl)c1NC(=O)C)C\N=C(\NC(=O)Cn1c2c(cccc2)cc1)/N,0,0,2,0.1299272770141237,0,0.03869764373035192,0,0.24,0,0.0,0,0.4930601341928033,0,1.0,1
14,Clc1cc(cc(C)c1NC(=O)C)CN\C(=N/C(=O)c1c(nsc1C)-c1ccc(OC)cc1)\N,1,1,2,0.5801951717054832,1,0.1925828924481322,0,0.52,1,0.0,0,0.4930601341928033,0,1.0,1
15,Clc1cc(cc(Cl)c1N)CN\C(=N/C(=O)c1c(nsc1C)-c1ccc(OC)cc1)\N,1,1,2,0.20124840922827628,0,0.0444988210998527,0,0.5,0,0.0,0,0.4930601341928033,0,1.0,1
16,Clc1cc(cc(Cl)c1NC(=O)C)CNC(=[NH2+])NC(=O)Cn1c2cc(ccc2cc1)C#N,1,1,2,0.18812124978570027,0,0.02101048159582839,0,0.27,0,0.0,0,0.4930601341928033,0,1.0,1
17,Clc1cc(cc(Cl)c1NC(=O)C)CNC(=[NH2+])NC(=O)Cn1c2c(cc(cc2)C#N)cc1,1,1,2,0.12350560736218677,0,0.01438932235916416,0,0.24,0,0.0,0,0.4930601341928033,0,1.0,1
18,Brc1cc2n(ccc2cc1)CC(=O)NC(=[NH2+])NCc1cc(Cl)c(NC(=O)C)c(Cl)c1,1,1,2,0.3375698280545844,0,0.018486915235955505,0,0.25,0,0.0,0,0.4930601341928033,0,1.0,1
19,Brc1cc2c(n(cc2)CC(=O)NC(=[NH2+])NCc2cc(Cl)c(NC(=O)C)c(Cl)c2)cc1,1,1,2,0.1453861199890665,0,0.008831466005690567,0,0.22,0,0.0,0,0.4930601341928033,0,1.0,1
20,Clc1cc(cc(Cl)c1NC(=O)C)CNC(=[NH2+])NC(=O)Cn1c2cc(OC)ccc2cc1,1,1,2,0.21381980491260374,0,0.01819623849490362,0,0.27,0,0.2,0,0.4930601341928033,0,1.0,1
21,Clc1cc(cc(Cl)c1NC(=O)C)CNC(=[NH2+])NC(=O)Cn1c2c(cc(OC)cc2)cc1,1,1,2,0.21012025841136164,0,0.01255601523196535,0,0.23,0,0.2,0,0.4930601341928033,0,1.0,1
22,Clc1cc(cc(Cl)c1NC(=O)C)CNC(=[NH2+])NC(=O)Cn1c2cc(ccc2cc1)CN(S(=O)(=O)C)C,1,1,2,0.4656263234304556,0,0.1216674477041252,0,0.34,0,0.0,0,0.4930601341928033,0,1.0,1
23,Clc1cc(cc(Cl)c1NC(=O)C)CNC(=[NH2+])NC(=O)Cn1c2c(cccc2)cc1,0,0,2,0.03727937289431191,0,0.003035239133171083,0,0.19,0,0.0,0,0.4930601341928033,0,1.0,1
24,Clc1cc(cc(Cl)c1NC(=O)C(C)C)CNC(=[NH2+])NC(=O)Cn1c2c(cccc2)cc1,0,0,2,0.05106116247033758,0,0.010255642137514594,0,0.24,0,0.0,0,0.4930601341928033,0,1.0,1
25,Clc1cc(cc(Cl)c1)CNC(=[NH2+])NC(=O)Cn1c2c(cccc2)cc1,0,0,2,0.4729845651922762,0,0.06555562719342853,0,0.12,0,0.0,0,0.4930601341928033,0,1.0,1
26,Fc1ccc(cc1C#CCCCF)[C@]1(N=C(N)N(C)C1=O)c1ccc(OC(F)F)cc1,1,1,3,0.9561691155910319,1,0.9617998719781621,1,0.6816666666666668,1,0.2,0,0.7485715860744434,1,1.0,1
27,FCC#Cc1cc(ccc1)[C@]1(N=C(N)N(C)C1=O)c1ccc(OC(F)F)cc1,1,1,3,0.21030849485466888,0,0.17578736322331062,0,0.545,1,0.2,0,0.6775653347716062,1,1.0,1
28,FCCC#Cc1cc(ccc1)[C@]1(N=C(N)N(C)C1=O)c1ccc(OC(F)F)cc1,1,1,3,0.5757795072242297,1,0.5199614421244415,1,0.595,1,0.2,0,0.7485715860744434,1,1.0,1
29,FC(F)Oc1ccc(cc1)[C@@]1(N=C(N)N(C)C1=O)c1cc(ccc1)C#CCCO,1,1,3,0.7418907117044813,1,0.612233697612162,1,0.545,1,0.2,0,0.7485715860744434,1,1.0,1
30,FC(F)Oc1ccc(cc1)[C@@]1(N=C(N)N(C)C1=O)c1cc(ccc1)C#CCCCCO,1,1,3,0.832556787161065,1,0.5909884864449876,1,0.535,1,0.2,0,0.7485715860744434,1,1.0,1
31,Fc1ccc(cc1OCCCF)[C@]1(N=C(N)N(C)C1=O)c1ccc(OC(F)F)cc1,1,1,3,0.8949682831186873,1,0.8696826647993107,1,0.7116666666666667,1,0.2,0,0.7485715860744434,1,1.0,1
32,FC(F)CCOc1cc(ccc1)[C@]1(N=C(N)N(C)C1=O)c1ccc(OC(F)F)cc1,1,1,3,0.39018240069417165,0,0.19572109034398813,0,0.5483333333333333,1,0.2,0,0.7625095494512291,1,1.0,1
33,Fc1ccc(cc1C#CCOC)[C@]1(N=C(N)N(C)C1=O)c1ccc(OC(F)F)cc1,1,1,3,0.8413799388973889,1,0.8184413122264165,1,0.6216666666666667,1,0.2,0,0.7485715860744434,1,1.0,1
34,Fc1ccc(cc1C#CCOC)[C@]1(N=C(N)N(C)C1=O)c1cc(C)c(OC(F)F)cc1,1,1,3,0.9238855491512964,1,0.9180288299430263,1,0.66,1,0.8,1,0.7485715860744434,1,1.0,1
35,FC(F)Oc1ccc(cc1)[C@@]1(N=C(N)N(C)C1=O)c1cc(ccc1)/C(/F)=C\C1CC1,1,1,3,0.6089615535612604,1,0.5894774677119458,1,0.59,1,0.2,0,0.7485715860744434,1,1.0,1
36,FC(F)Oc1ccc(cc1)[C@@]1(N=C(N)N(C)C1=O)c1cc(ccc1)\C=C\COC,1,1,3,0.844942820710517,1,0.5465572332876113,1,0.545,1,0.2,0,0.7968481064270894,1,1.0,1
37,FC(F)Oc1ccc(cc1)[C@@]1(N=C(N)N(C)C1=O)c1cc(ccc1)\C=C\CCOC,1,1,3,0.8416157692257606,1,0.582040705564765,1,0.555,1,0.2,0,0.7968481064270894,1,1.0,1
38,FC(F)Oc1ccc(cc1)[C@@]1(N=C(N)N(C)C1=O)c1cc(ccc1)C#CC,1,1,3,0.459654359587061,0,0.3495126998072752,0,0.6,1,0.2,0,0.7485715860744434,1,1.0,1
39,FC(F)Oc1ccc(cc1)[C@@]1(N=C(N)N(C)C1=O)c1cc(ccc1)C#CC(C)C,1,1,3,0.5,0,0.3623640736759027,0,0.585,1,0.2,0,0.7485715860744434,1,1.0,1
40,FC(F)Oc1ccc(cc1)[C@@]1(N=C(N)N(C)C1=O)c1cc(ccc1)C#CC1CC1,1,1,3,0.26692072642711806,0,0.25264694877188015,0,0.635,1,0.2,0,0.7485715860744434,1,1.0,1
41,FC(F)Oc1ccc(cc1)[C@@]1(N=C(N)N(C)C1=O)c1cc(ccc1)C#CCOC,1,1,3,0.42124465003586836,0,0.264473403654287,0,0.565,1,0.2,0,0.7485715860744434,1,1.0,1
42,FC(F)Oc1ccc(cc1)[C@@]1(N=C(N)N(C)C1=O)c1cc(ccc1)C#CCCOC,1,1,3,0.6469413476406823,1,0.5406366122582084,1,0.605,1,0.2,0,0.7485715860744434,1,1.0,1
43,FC(F)Oc1ccc(cc1)[C@@]1(N=C(N)N(C)C1=O)c1cc(ccc1)C#C[C@H](O)C,1,1,3,0.6184402166193307,1,0.6173991155677251,1,0.575,1,0.2,0,0.7485715860744434,1,1.0,1
44,FC(F)Oc1ccc(cc1)[C@@]1(N=C(N)N(C)C1=O)c1cc(OCC2CC2)ccc1,1,1,3,0.4216574380259529,0,0.20160097880622066,0,0.545,1,0.2,0,0.7485715860744434,1,1.0,1
45,Fc1ccc(cc1C#CC1CC1)[C@]1(N=C(N)N(C)C1=O)c1ccc(OC(F)F)cc1,1,1,3,0.5163871836381626,0,0.5701396457320298,1,0.6016666666666667,1,0.2,0,0.7485715860744434,1,1.0,1
46,Fc1ccc(cc1C#CC1CC1)[C@]1(N=C(N)N(C)C1=O)c1cc(C)c(OC(F)F)cc1,1,1,3,0.7093891337801923,1,0.7671806332377978,1,0.68,1,0.6,1,0.7485715860744434,1,1.0,1
47,Fc1ccc(cc1C#CCF)[C@]1(N=C(N)N(C)C1=O)c1cc(C)c(OC(F)F)cc1,1,1,3,0.8161718426793906,1,0.8691601963611643,1,0.65,1,0.6,1,0.6775653347716062,1,1.0,1
48,FC(F)Oc1ccc(cc1C)[C@@]1(N=C(N)N(C)C1=O)c1cc(ccc1)C#CC1CC1,1,1,3,0.4542956865090003,0,0.45648382696656536,0,0.72,1,0.6,1,0.7485715860744434,1,1.0,1
49,FC(F)Oc1ccc(cc1)[C@@]1(N=C(N)N(C)C1=O)c1cc(ccc1)CCCC,1,1,3,0.6829198978843802,1,0.3193216400189564,0,0.52,1,0.2,0,0.7485715860744434,1,1.0,1
50,FC(F)C\C=C\c1cc(ccc1)[C@]1(N=C(N)N(C)C1=O)c1ccc(OC(F)F)cc1,1,1,3,0.8636068207859959,1,0.6723754071301152,1,0.565,1,0.2,0,0.7968481064270894,1,1.0,1
51,FC(F)Oc1ccc(cc1)[C@@]1(N=C(N)N(C)C1=O)c1cc(ccc1)C#CCCC,1,1,3,0.47964155576372325,0,0.38949921882604116,0,0.575,1,0.2,0,0.7625095494512291,1,1.0,1
52,FC(F)COc1cc(ccc1)[C@]1(N=C(N)N(C)C1=O)c1ccc(OC(F)F)cc1,1,1,3,0.2302464426863574,0,0.08840664218544975,0,0.485,0,0.2,0,0.7485715860744434,1,1.0,1
53,Fc1ccc(cc1OCC\C=C(\F)/F)[C@]1(N=C(N)N(C)C1=O)c1ccc(OC(F)F)cc1,1,1,3,0.9700101890986761,1,0.962560576866191,1,0.6316666666666667,1,0.2,0,0.7485715860744434,1,1.0,1
54,FC(F)Oc1ccc(cc1)[C@@]1(N=C(N)N(C)C1=O)c1cc(OCC\C=C(\F)/F)ccc1,1,1,3,0.7471858764292052,1,0.5310899890410602,1,0.495,0,0.2,0,0.7485715860744434,1,1.0,1
55,Fc1ccc(cc1C#CCCC)[C@]1(N=C(N)N(C)C1=O)c1cc(C)c(OC(F)F)cc1,1,1,3,0.9389643850878095,1,0.9520879094943787,1,0.6833333333333335,1,0.6,1,0.7625095494512291,1,1.0,1
56,FCC\C=C\c1cc(ccc1)[C@]1(N=C(N)N(C)C1=O)c1ccc(OC(F)F)cc1,1,1,3,0.8459687242223417,1,0.7184327385216891,1,0.565,1,0.2,0,0.7968481064270894,1,1.0,1
57,FC(F)Oc1ccc(cc1)[C@@]1(N=C(N)N(C)C1=O)c1cc(ccc1)\C=C\CCCO,1,1,3,0.8686246197000171,1,0.6507916236620471,1,0.525,1,0.2,0,0.7968481064270894,1,1.0,1
58,FC(F)Oc1ccc(cc1)[C@@]1(N=C(N)N(C)C1=O)c1cc(ccc1)C#CCC,1,1,3,0.40132606613182836,0,0.27642297769699964,0,0.565,1,0.2,0,0.7485715860744434,1,1.0,1
59,FCCCCC#Cc1cc(ccc1)[C@]1(N=C(N)N(C)C1=O)c1ccc(OC(F)F)cc1,1,1,3,0.8246290259845216,1,0.682514582350397,1,0.645,1,0.2,0,0.7485715860744434,1,1.0,1
60,Fc1ccc(cc1C#CC)[C@]1(N=C(N)N(C)C1=O)c1ccc(OC(F)F)cc1,1,1,3,0.7656953551639696,1,0.793725119248724,1,0.6266666666666667,1,0.2,0,0.7485715860744434,1,1.0,1
61,FC(F)Oc1ccc(cc1)[C@@]1(N=C(N)N(C)C1=O)c1cc(ccc1)CCCC#N,1,1,3,0.7043322362452035,1,0.29859952895443825,0,0.535,1,0.2,0,0.7485715860744434,1,1.0,1
62,FC(F)Oc1ccc(cc1)[C@@]1(N=C(N)N(C)C1=O)c1cc(ccc1)\C=C\CCCOC,1,1,3,0.5578268729504873,0,0.23563019110114458,0,0.575,1,0.2,0,0.7968481064270894,1,1.0,1
63,FC(F)Oc1ccc(cc1)[C@@]1(N=C(N)N(C)C1=O)c1cc(ccc1)\C=C\CCO,1,1,3,0.8264951972606897,1,0.5689017244439837,1,0.535,1,0.2,0,0.7968481064270894,1,1.0,1
64,FC(F)(F)CCCc1cc(ccc1)[C@]1(N=C(N)N(C)C1=O)c1ccc(OC(F)F)cc1,1,1,3,0.30705267770774175,0,0.14010198589199904,0,0.555,1,0.2,0,0.7485715860744434,1,1.0,1
65,Fc1ccc(cc1OCC(F)F)[C@]1(N=C(N)N(C)C1=O)c1ccc(OC(F)F)cc1,1,1,3,0.7399781369613329,1,0.6167175614739377,1,0.6416666666666667,1,0.2,0,0.7485715860744434,1,1.0,1
66,Fc1ccc(cc1OCC(F)F)[C@]1(N=C(N)N(C)C1=O)c1cc(C)c(OC(F)F)cc1,1,1,3,0.7788057790039015,1,0.6800173536919605,1,0.68,1,0.6,1,0.7485715860744434,1,1.0,1
67,FCCCC(=O)c1cc(ccc1)[C@]1(N=C(N)N(C)C1=O)c1ccc(OC(F)F)cc1,1,1,3,0.8633960167956738,1,0.8289400920987983,1,0.66,1,0.2,0,0.7485715860744434,1,1.0,1
68,FCCC[C@@H](F)c1cc(ccc1)[C@]1(N=C(N)N(C)C1=O)c1ccc(OC(F)F)cc1,1,1,3,0.9097645727462833,1,0.7640516599365206,1,0.68,1,0.2,0,0.7625095494512291,1,1.0,1
69,FC(F)Oc1ccc(cc1C)[C@@]1(N=C(N)N(C)C1=O)c1ccccc1,1,1,3,0.4822830172109253,0,0.12700652581232671,0,0.4,0,0.0,0,0.7183578023033922,1,1.0,1
70,FC(F)Oc1ccc(cc1)[C@@]1(N=C(N)N(C)C1=O)c1cc(ccc1)CCC,1,1,3,0.6653980645691461,1,0.33330608266948,0,0.475,0,0.2,0,0.7485715860744434,1,1.0,1
71,FC(F)Oc1ccc(cc1)[C@@]1(N=C(N)N(C)C1=O)c1cc(ccc1)CCCCC,1,1,3,0.859402979214882,1,0.4996478046034116,0,0.5,0,0.2,0,0.7485715860744434,1,1.0,1
72,FC(F)Oc1ccc(cc1)[C@@]1(N=C(N)N(C)C1=O)c1cc(ccc1)\C=C\C1CC1,1,1,3,0.8718387839993089,1,0.7851642779359327,1,0.56,1,0.2,0,0.805536898918153,1,1.0,1
73,Fc1ccc(cc1OCCCCF)[C@]1(N=C(N)N(C)C1=O)c1ccc(OC(F)F)cc1,1,1,3,0.88385055197534,1,0.8384150570351204,1,0.7116666666666667,1,0.2,0,0.7485715860744434,1,1.0,1
74,FC(F)Oc1ccc(cc1)[C@@]1(N=C(N)N(C)C1=O)c1cc(ccc1)C[C@@H](CC)C,1,1,3,0.7431313945430668,1,0.533000620636864,1,0.525,1,0.2,0,0.7766481864052623,1,1.0,1
75,Fc1ccc(cc1OCCF)[C@]1(N=C(N)N(C)C1=O)c1ccc(OC(F)F)cc1,1,1,3,0.9092734819141788,1,0.9156751018191707,1,0.6416666666666667,1,0.4,0,0.7485715860744434,1,1.0,1
76,FC(F)Oc1ccc(cc1)[C@@]1(N=C(N)N(C)C1=O)c1ccccc1,1,1,3,0.11869000359060461,0,0.019931787225571082,0,0.1,0,0.0,0,0.43050694556306496,0,1.0,1
77,FC(F)(F)CCOc1cc(ccc1)[C@]1(N=C(N)N(C)C1=O)c1ccc(OC(F)F)cc1,1,1,3,0.3189728591604428,0,0.24336269157107956,0,0.5475,1,0.2,0,0.7485715860744434,1,1.0,1
78,FC(F)Oc1cc(ccc1)[C@]1(N=C(N)N(C)C1=O)c1ccc(OC(F)F)cc1,1,1,3,0.272812147138179,0,0.07106522700483071,0,0.475,0,0.2,0,0.7485715860744434,1,1.0,1
79,FC(F)Oc1ccc(cc1)[C@@]1(N=C(N)N(C)C1=O)c1cc(ccc1)C#C,1,1,3,0.1321371407174845,0,0.11329779950041988,0,0.545,1,0.2,0,0.7485715860744434,1,1.0,1
80,FC(F)Oc1ccc(cc1)[C@@]1(N=C(N)N(C)C1=O)c1cc(ccc1)C#CC1CCCCC1,1,1,3,0.44054550826695094,0,0.4782171433688039,0,0.665,1,0.2,0,0.7485715860744434,1,1.0,1
81,FC(F)Oc1ccc(cc1)[C@@]1(N=C(N)N(C)C1=O)c1cc(ccc1)/C(/F)=C/C1CC1,1,1,3,0.6089615535612604,1,0.5894774677119458,1,0.59,1,0.2,0,0.7485715860744434,1,1.0,1
82,FC(F)Oc1ccc(cc1)[C@@]1(N=C(N)N(C)C1=O)c1cc(ccc1)CC,1,1,3,0.7852777183604119,1,0.38750944288385236,0,0.565,1,0.2,0,0.7485715860744434,1,1.0,1
83,Fc1cc(cc(F)c1)CC(NC(=O)C)C(O)C[NH2+]C1(CCCCC1)c1cc(ccc1)C1CCOC1,1,1,4,0.5233969408796127,0,0.49650152118879176,0,0.85,1,0.8,1,0.7566774627012787,1,1.0,1
84,Fc1cc(cc(F)c1)CC(NC(=O)C)C(O)C[NH2+]C1(CCCCC1)c1cc(ccc1)C1OCCC1,1,1,4,0.6687607304133724,1,0.4266637849990011,0,0.8,1,0.8,1,0.7566774627012787,1,1.0,1
85,Fc1cc(cc(F)c1)C[C@H](NC(=O)C)[C@H](O)C[NH2+]C1(CCOCC1)c1cc(ccc1)[C@H]1CCOC1,1,1,4,0.5439326356287509,0,0.6062666275799306,1,0.76,1,0.8,1,0.7566774627012787,1,1.0,1
86,Fc1cc(cc(F)c1)CC(NC(=O)C)C(O)C[NH2+]C1(CCCCC1)c1cc(ccc1)C1CCOCOC1,1,1,4,0.6854130330431093,1,0.5991161151999806,1,0.86,1,0.8,1,0.7566774627012787,1,1.0,1
87,Fc1cc(cc(F)c1)CC(NC(=O)C)C(O)C[NH2+]C1(CC1)c1cc(ccc1)C1OCCC1,1,1,4,0.6449244565006065,1,0.4380347197052286,0,0.77,1,0.8,1,0.7566774627012787,1,1.0,1
88,Fc1cc(cc(F)c1)C[C@H](NC(=O)C)[C@H](O)C[NH2+]C1(CC1)c1cc(ccc1)[C@H]1CCOC1,1,1,4,0.5292785797702952,0,0.5551389798886119,1,0.79,1,0.8,1,0.7566774627012787,1,1.0,1
89,Fc1cc(cc(F)c1)CC(NC(=O)C)C(O)C[NH2+]C1(CCCCC1)c1cc(ccc1)C1CCCC1,1,1,4,0.7838415949862433,1,0.7996501596952732,1,0.9,1,0.8,1,0.7566774627012787,1,1.0,1
90,Fc1cc(cc(F)c1)CC(NC(=O)C)C(O)C[NH2+]C1(CC1)c1cc(ccc1)C1OCCCC1,0,0,4,0.8454333157289812,1,0.7073341261011757,1,0.77,1,0.8,1,0.7566774627012787,1,1.0,1
91,Fc1cc(cc(F)c1)CC(NC(=O)C)C(O)C[NH2+]C1(CC1)c1cc(ccc1)C1OCCOC1,0,0,4,0.3290557127813999,0,0.16986862565253094,0,0.66,1,0.8,1,0.7566774627012787,1,1.0,1
92,Fc1cc(cc(F)c1)CC(NC(=O)C)C(O)C[NH2+]C1(CCCCC1)c1cc(ccc1)C1CCCCC1,0,0,4,0.7838415949862433,1,0.7996501596952732,1,0.9,1,0.8,1,0.7566774627012787,1,1.0,1
93,Clc1ccc(nc1)C(=O)Nc1cc(ccc1)[C@]1([NH+]=C(N)CN(C)C1=O)C,1,1,5,0.8971620734379809,1,0.9827972414562198,1,0.59,1,0.6,1,0.712670582631484,1,1.0,1
94,Clc1ccc(nc1)C(=O)Nc1cc(C2(N=C(N)N(CC2)C)C)c(F)cc1,1,1,5,0.8293817288416067,1,0.9867239381056668,1,0.88,1,1.0,1,0.7705620415671329,1,1.0,1
95,Clc1ccc(nc1)C(=O)Nc1cc(C2(N=C(OCCC2)N)C)c(F)cc1,1,1,5,0.905305570420043,1,0.9647220732853492,1,0.9,1,1.0,1,0.742935361446853,1,1.0,1
96,Clc1ccc(nc1)C(=O)Nc1cc(ccc1)C1(N=C(N)N(C)C(=O)C1)C,1,1,5,0.9152072633347537,1,0.9892259772071432,1,0.65,1,0.8,1,0.6734524596915807,1,1.0,1
97,Clc1ccc(nc1)C(=O)Nc1cc(C2(N=C(N)COCC2)C)c(F)cc1,1,1,5,0.6988235230921372,1,0.873929936827114,1,0.82,1,1.0,1,0.742935361446853,1,1.0,1
98,Clc1ccc(nc1)C(=O)Nc1cc(C23N=C(N)COCC2C3)c(F)cc1,1,1,5,0.8178422525924702,1,0.9430929381991396,1,0.83,1,1.0,1,0.742935361446853,1,1.0,1
99,Clc1ccc(nc1)C(=O)Nc1cc(C2(N=C(N)COC2)C)c(F)cc1,1,1,5,0.7775457529549787,1,0.9195370429838821,1,0.87,1,1.0,1,0.742935361446853,1,1.0,1
100,Clc1ccc(nc1)C(=O)Nc1cc(C2(N=C(N)C3(CC2)CC3)C)c(F)cc1,1,1,5,0.8798201865082259,1,0.9860205437833056,1,0.89,1,1.0,1,0.742935361446853,1,1.0,1
101,Clc1ccc(nc1)C(=O)Nc1cc(ccc1)C1(N=C(N)C[NH+](C1)C)C,1,1,5,0.8185560562803038,1,0.9533046274312521,1,0.49,0,0.6,1,0.712670582631484,1,1.0,1
102,Clc1cc(Cl)cnc1C(=O)Nc1cc(C2(N=C(OCC2)N)C)c(F)cc1,1,1,5,0.4226806445625408,0,0.6151752420865264,1,0.85,1,1.0,1,0.742935361446853,1,1.0,1
103,Clc1ccc(nc1)C(=O)Nc1cc(C2(N=C(N)C(=O)N(C2)C)C)c(F)cc1,1,1,5,0.8855378693042484,1,0.9892141134486052,1,0.91,1,1.0,1,0.742935361446853,1,1.0,1
104,Clc1cc(Cl)cnc1C(=O)Nc1cc(C2(N=C(N)COC2)C)c(F)cc1,1,1,5,0.43491919410406804,0,0.655728680592915,1,0.82,1,1.0,1,0.742935361446853,1,1.0,1
105,Clc1ccc(nc1)C(=O)Nc1cc(C2(N=C(N)CCOC2)C)c(F)cc1,1,1,5,0.781041233785031,1,0.9404794846887425,1,0.88,1,1.0,1,0.742935361446853,1,1.0,1
106,Clc1ccc(nc1)C(=O)Nc1cc(C2(N=C(N)c3c(C2)cccc3)C)c(F)cc1,1,1,5,0.5311587033503257,0,0.8540086425304387,1,0.82,1,1.0,1,0.756341824959647,1,1.0,1
107,Clc1ccc(nc1)C(=O)Nc1cc(C2(Oc3c(cccc3)C(=N2)N)C)c(F)cc1,1,1,5,0.9704475616615265,1,0.9969355138790205,1,0.86,1,1.0,1,0.7887280109790457,1,1.0,1
108,Clc1ccc(nc1)C(=O)Nc1cc(C2(N=C(OCC2)N)C)c(F)cc1,1,1,5,0.7686962592760932,1,0.9055845129346857,1,0.91,1,1.0,1,0.742935361446853,1,1.0,1
109,Clc1ccc(nc1)C(=O)Nc1cc(ccc1)C1(N=C(N)C(=O)N(C1)C)C,1,1,5,0.7717550422261775,1,0.9454765588399209,1,0.55,1,0.8,1,0.712670582631484,1,1.0,1
110,Clc1ccc(nc1)C(=O)Nc1cc(ccc1)C1(N=C(N)CNC1=O)C,1,1,5,0.9417185524735809,1,0.9693017401476997,1,0.61,1,0.6,1,0.712670582631484,1,1.0,1
111,Clc1ccc(nc1)C(=O)Nc1cc(ccc1)C1(N=C(N)c2c1cccc2)C,1,1,5,0.8543478815750692,1,0.9702488472694691,1,0.67,1,0.8,1,0.7621283341076005,1,1.0,1
112,Clc1ccc(nc1)C(=O)Nc1cc(ccc1)C12N=C(SCC1C2)N,1,1,5,0.8029868853875085,1,0.9453263018656715,1,0.47,0,0.4,0,0.712670582631484,1,1.0,1
113,O=C1N(CC(=NC1(C)c1cc(NC(=O)c2ncc(cc2)C#N)ccc1)N)C,1,1,5,0.9361265719842999,1,0.9573017777466258,1,0.6325,1,1.0,1,0.712670582631484,1,1.0,1
114,Clc1ccc(nc1)C(=O)Nc1cc(ccc1)C1(N=C(N)N(C)C1=O)C,0,0,5,0.7743630835506587,1,0.9578267328894373,1,0.6425,1,0.2,0,0.712670582631484,1,1.0,1
115,FC(F)(F)c1ccc(nc1)C(=O)Nc1cc(ccc1)C1(N=C(N)CN(C)C1=O)C,0,0,5,0.805459786181464,1,0.8852024084495235,1,0.61,1,0.6,1,0.7858062309210481,1,1.0,1
116,Clc1ccc(nc1)C(=O)Nc1cc(ccc1)C1(N=C(OC1)N)C,0,0,5,0.49282605065826607,0,0.6407929231644444,1,0.55,1,1.0,1,0.712670582631484,1,1.0,1
117,Clc1ccc(nc1)C(=O)Nc1cc(ccc1)C12N=C(OC1COCC2)N,0,0,5,0.28155476894273096,0,0.21134282900827328,0,0.23,0,0.0,0,0.5901441239278554,1,1.0,1
118,Clc1ccc(nc1)C(=O)Nc1cc2c(CCC23N=C(SC3)N)cc1,0,0,5,0.7282719472809333,1,0.9769353728830074,1,0.6,1,1.0,1,0.712670582631484,1,1.0,1
119,O=C1N(CC(=NC1(C)c1cc(NC(=O)c2ncc(nc2)C)ccc1)N)C,0,0,5,0.8878711945634259,1,0.9399588708050759,1,0.5725,1,0.4,0,0.712670582631484,1,1.0,1
120,S1CC(N=C1N)(C)c1cc(NC(=O)c2ncccc2)ccc1,0,0,5,0.08400356240516933,0,0.018391107763196406,0,0.18,0,0.2,0,0.5351607132367975,1,1.0,1
121,Clc1ccc(nc1)C(=O)Nc1cc2c(CCC23N=C(OC3)N)cc1,0,0,5,0.9495136429836755,1,0.9959785463741649,1,0.72,1,1.0,1,0.7656826783725792,1,1.0,1
122,Clc1ccc(nc1)C(=O)Nc1cc(ccc1)[C@@]1(N=C(N)CN(C)C1=O)C,0,0,5,0.8689513339609538,1,0.9697263081391471,1,0.5725,1,0.6,1,0.712670582631484,1,1.0,1
123,Clc1ccc(nc1)C(=O)Nc1cc(ccc1)[C@@]1(N=C(N)C(=O)N(C1)C)C,0,0,5,0.7717550422261775,1,0.9454765588399209,1,0.55,1,0.8,1,0.712670582631484,1,1.0,1
124,Clc1ccc(nc1)C(=O)Nc1cc([C@@]2(N=C(N)C(=O)N(C2)C)C)c(F)cc1,0,0,5,0.8855378693042484,1,0.9892141134486052,1,0.91,1,1.0,1,0.742935361446853,1,1.0,1
125,Clc1ccc(nc1)C(=O)Nc1cc(ccc1)C12N=C(SCCC1C2)N,0,0,5,0.8173808186446128,1,0.9562602729400305,1,0.55,1,0.4,0,0.712670582631484,1,1.0,1
126,S(=O)(=O)(N(c1cc(cc(NCC)c1)C(=O)N[C@H]([C@H](O)C[NH2+][C@H](C(=O)NC1CCCCC1)C)Cc1ccccc1)c1ccccc1)C,1,1,6,0.9522253712694205,1,0.9968654891978029,1,0.87,1,1.0,1,0.7320078606465096,1,1.0,1
127,S(=O)(=O)(N(c1cc(ccc1)C(=O)N[C@H]([C@H](O)C[NH2+][C@H](C(=O)NC1CCCCC1)C)Cc1ccccc1)c1ccccc1)C,1,1,6,0.8922175411541423,1,0.9778672383595047,1,0.77,1,1.0,1,0.6957158751758531,1,1.0,1
128,S(=O)(=O)(N(C)c1cc(cc(c1)C(=O)N[C@H]([C@H](O)C[NH2+]C1CC1)Cc1ccccc1)C(=O)c1ccccc1)C,1,1,6,0.8008010546399781,1,0.7441561057618576,1,0.89,1,0.4,0,0.7320078606465096,1,1.0,1
129,O(CCC)c1cc(cc(N2CCCC2=O)c1)C(=O)N[C@H]([C@H](O)C[NH2+][C@H](C(=O)NC1CCCCC1)C)Cc1ccccc1,1,1,6,0.6975544049676436,1,0.9857766607185255,1,0.87,1,1.0,1,0.7604302230637071,1,1.0,1
130,S(=O)(=O)(CCCCC)c1cc(ccc1)C(=O)N[C@H]([C@H](O)C[NH2+][C@H](C(=O)NC1CCCCC1)C)Cc1ccccc1,0,0,6,0.9620334784740965,1,0.9736512065771038,1,0.73,1,1.0,1,0.6957158751758531,1,1.0,1
131,S(=O)(=O)(N(c1cc(ccc1)C(=O)NC(Cc1ccccc1)C(O)C[NH2+]C(C(=O)NC1CCCCC1)C)c1cc(ccc1)C#N)C,1,1,6,0.752850832282114,1,0.9779351666000521,1,0.72,1,1.0,1,0.6957158751758531,1,1.0,1
132,Clc1ccc(N(S(=O)(=O)C)c2cc(ccc2)C(=O)NC(Cc2ccccc2)C(O)C[NH2+]C(C(=O)NC2CCCCC2)C)cc1,1,1,6,0.7782427610071672,1,0.9789252748034936,1,0.72,1,1.0,1,0.6957158751758531,1,1.0,1
133,S(=O)(=O)(N(c1cc(ccc1)C(=O)NC(Cc1ccccc1)C(O)C[NH2+]C(C(=O)NC1CCCCC1)C)c1ccc(OC)cc1)C,1,1,6,0.86991340194068,1,0.9681148087749614,1,0.71,1,1.0,1,0.6588880334286079,1,1.0,1
134,Clc1cc(N(S(=O)(=O)C)c2cc(ccc2)C(=O)NC(Cc2ccccc2)C(O)C[NH2+]C(C(=O)NC2CCCCC2)C)cc(Cl)c1,1,1,6,0.9603661861976426,1,0.9954869982714459,1,0.71,1,1.0,1,0.6957158751758531,1,1.0,1
135,S(=O)(=O)(N(c1cc(ccc1)C(=O)NC(Cc1ccccc1)C(O)C[NH2+]C(C(=O)NC1CCCCC1)C)c1cc(OC)ccc1)C,1,1,6,0.8904411115493223,1,0.9793244375793142,1,0.73,1,1.0,1,0.6957158751758531,1,1.0,1
136,S(=O)(=O)(N(c1cc(ccc1)C(=O)NC(Cc1ccccc1)C(O)C[NH2+]C(C(=O)NC1CCCCC1)C)c1ccc(cc1)C(F)(F)F)C,1,1,6,0.786850176836144,1,0.9793039756283279,1,0.85,1,1.0,1,0.7717851484065859,1,1.0,1
137,S(=O)(=O)(N(c1cc(ccc1)C(=O)NC(Cc1ccccc1)C(O)C[NH2+]C(CCCC(C)C)C)c1ccccc1)C,1,1,6,0.8116655623209518,1,0.8168573577193705,1,0.76,1,1.0,1,0.7114544747603804,1,1.0,1
138,S(=O)(=O)(N(c1ccccc1OC)c1cc(ccc1)C(=O)NC(Cc1ccccc1)C(O)C[NH2+]C(C(=O)NC1CCCCC1)C)C,1,1,6,0.6721420393614415,1,0.8577973846258911,1,0.68,1,1.0,1,0.6957158751758531,1,1.0,1
139,S(=O)(=O)(N(Cc1ccccc1)c1cc(ccc1)C(=O)NC(Cc1ccccc1)C(O)C[NH2+]C(C(=O)NC1CCCCC1)C)C,1,1,6,0.7894677692706642,1,0.9623830572166366,1,0.76,1,1.0,1,0.6957158751758531,1,1.0,1
140,S(=O)(=O)(N(c1cc(ccc1)C(=O)NC(Cc1ccccc1)C(O)C[NH2+]C(C(=O)NC1CCCCC1)C)c1ccc(cc1)C#N)C,1,1,6,0.7691058048553281,1,0.9710293933205837,1,0.75,1,1.0,1,0.6957158751758531,1,1.0,1
141,S(=O)(=O)(N(c1cc(ccc1)C(=O)NC(Cc1ccccc1)C(O)C[NH2+]C1CCCCC1)c1ccccc1)C,1,1,6,0.7749174492797445,1,0.8120324796360385,1,0.79,1,1.0,1,0.6957158751758531,1,1.0,1
142,S(=O)(=O)(N(C1CCCCC1)c1cc(ccc1)C(=O)NC(Cc1ccccc1)C(O)C[NH2+]C(C(=O)NC1CCCCC1)C)C,1,1,6,0.7995554795387808,1,0.9341119245727424,1,0.78,1,1.0,1,0.6957158751758531,1,1.0,1
143,S(=O)(=O)(N(c1ccccc1C#N)c1cc(ccc1)C(=O)NC(Cc1ccccc1)C(O)C[NH2+]C(C(=O)NC1CCCCC1)C)C,1,1,6,0.9790262098187896,1,0.9956964659061133,1,0.73,1,1.0,1,0.6957158751758531,1,1.0,1
144,S(=O)(=O)(N(c1cc(ccc1)C(=O)NC(Cc1ccccc1)C(O)C[NH2+]C1CC1)c1ccccc1)C,1,1,6,0.620130731652919,1,0.608451155184178,1,0.76,1,1.0,1,0.6957158751758531,1,1.0,1
145,OC(C(NC(=O)c1cc(N(C(=O)C)c2ccccc2)ccc1)Cc1ccccc1)C[NH2+]C(C(=O)NC1CCCCC1)C,0,0,6,0.815596074902146,1,0.9161547748541361,1,0.72,1,1.0,1,0.6957158751758531,1,1.0,1
146,O=C1N(CCC1)c1cc(ccc1)C(=O)NC(Cc1ccccc1)C(O)C[NH2+]C(C(=O)NC1CCCCC1)C,0,0,6,0.8941087609705266,1,0.9796227573341336,1,0.79,1,1.0,1,0.7265494011794468,1,1.0,1
147,S(=O)(=O)(Nc1cc(ccc1)C(=O)NC(Cc1ccccc1)C(O)C[NH2+]C(C(=O)NC1CCCCC1)C)Cc1ccccc1,0,0,6,0.8491566665673511,1,0.9120116214267852,1,0.73,1,1.0,1,0.6957158751758531,1,1.0,1
148,OC(C(NC(=O)c1cc(Nc2ccccc2)ccc1)Cc1ccccc1)C[NH2+]C(C(=O)NC1CCCCC1)C,0,0,6,0.9550708004778924,1,0.985117315902643,1,0.78,1,1.0,1,0.6957158751758531,1,1.0,1
149,S(=O)(=O)(Nc1cc(ccc1)C(=O)NC(Cc1ccccc1)C(O)C[NH2+]C(C(=O)NC1CCCCC1)C)c1ccccc1,0,0,6,0.9310187742936983,1,0.9504732157747194,1,0.76,1,1.0,1,0.6957158751758531,1,1.0,1
150,S(Oc1cc(ccc1)C(=O)NC(Cc1ccccc1)C(O)C[NH2+]C(C(=O)NC1CCCCC1)C)(=O)(=O)Cc1ccccc1,0,0,6,0.9603370688618235,1,0.9858413383322241,1,0.69,1,1.0,1,0.6957158751758531,1,1.0,1
151,S(=O)(=O)(N(Cc1ccccc1)C)c1cc(ccc1)C(=O)NC(Cc1ccccc1)C(O)C[NH2+]C(C(=O)NC1CCCCC1)C,0,0,6,0.9857538422269598,1,0.9972824881279638,1,0.75,1,1.0,1,0.6957158751758531,1,1.0,1
152,S(=O)(=O)(Cc1cc(ccc1)C(=O)NC(Cc1ccccc1)C(O)C[NH2+]C(C(=O)NC1CCCCC1)C)c1ccccc1,0,0,6,0.96849436030356,1,0.9893449572228971,1,0.71,1,0.8,1,0.6957158751758531,1,1.0,1
153,S(=O)(=O)(Cc1ccccc1)c1cc(ccc1)C(=O)NC(Cc1ccccc1)C(O)C[NH2+]C(C(=O)NC1CCCCC1)C,0,0,6,0.9185299057808167,1,0.9625802765913689,1,0.74,1,1.0,1,0.6957158751758531,1,1.0,1
154,Clc1cc(ccc1)-c1cc2c(OC(C[C@@]23N=C(N)N(C)C3=O)(C)C)cc1,1,1,10,0.885809902027751,1,0.9417799430839661,1,0.73,1,0.8,1,0.5351607132367975,1,1.0,1
155,O1c2c(cc(cc2)-c2cc(ccc2)C#N)[C@]2(N=C(N)N(C)C2=O)CC1(C)C,1,1,10,0.8999896023391986,1,0.976918500876604,1,0.83,1,1.0,1,0.5351607132367975,1,1.0,1
156,Brc1cc2c(OC(C[C@@]23N=C(N)N(C)C3=O)(C)C)cc1,0,0,10,0.5744471197352001,1,0.48033815080703446,0,0.55,1,0.6,1,0.5351607132367975,1,1.0,1
157,O1c2c(cc(cc2)-c2cc(cnc2)C#CC)C2(N=C(N)N(C)C2=O)CC1(C)C,1,1,10,0.9866849797719731,1,0.997113054638453,1,0.89,1,0.8,1,0.712670582631484,1,1.0,1
158,Clc1cc(cnc1)-c1cc2c(OC(CC23N=C(N)N(C)C3=O)(C)C)cc1,1,1,10,0.969582113380627,1,0.9932975557780289,1,0.87,1,0.8,1,0.712670582631484,1,1.0,1
159,Clc1cc(cc(Cl)c1)-c1cc2c(OC(CC23N=C(N)N(C)C3=O)(C)C)cc1,1,1,10,0.9642571903647447,1,0.9860057113801775,1,0.72,1,0.8,1,0.5351607132367975,1,1.0,1
160,FC(F)Oc1cc(ccc1)-c1cc2c(OC(CC23N=C(N)N(C)C3=O)(C)C)cc1,1,1,10,0.8432467273841345,1,0.9242234041562782,1,0.75,1,0.8,1,0.5729180834966434,1,1.0,1
161,Clc1cc(-c2cc3c(OC(CC34N=C(N)N(C)C4=O)(C)C)cc2)c(F)cc1,1,1,10,0.8882965358826426,1,0.9594484852518176,1,0.7791666666666666,1,0.8,1,0.5729180834966434,1,1.0,1
162,Clc1cc(cc(F)c1)-c1cc2c(OC(CC23N=C(N)N(C)C3=O)(C)C)cc1,1,1,10,0.9695894146202434,1,0.9878760234121546,1,0.78,1,0.8,1,0.5729180834966434,1,1.0,1
163,Fc1ccc(OC)cc1-c1cc2c(OC(CC23N=C(N)N(C)C3=O)(C)C)cc1,1,1,10,0.9416520520860145,1,0.9715947926290057,1,0.7491666666666665,1,0.8,1,0.5729180834966434,1,1.0,1
164,Fc1cc(cc(OC)c1)-c1cc2c(OC(CC23N=C(N)N(C)C3=O)(C)C)cc1,1,1,10,0.9607456315877464,1,0.9844786504806852,1,0.7,1,0.8,1,0.5729180834966434,1,1.0,1
165,FC(F)(F)c1cc(cnc1)-c1cc2c(OC(CC23N=C(N)N(C)C3=O)(C)C)cc1,1,1,10,0.9471769053534415,1,0.9873997222256514,1,0.85,1,0.8,1,0.7858062309210481,1,1.0,1
166,O1c2c(cc(cc2)-c2cc(OC)ccc2)C2(N=C(N)N(C)C2=O)CC1(C)C,1,1,10,0.9045521397625408,1,0.9597920629869789,1,0.72,1,0.8,1,0.5351607132367975,1,1.0,1
167,O1c2c(cc(cc2)-c2cc(OCC)ccc2)C2(N=C(N)N(C)C2=O)CC1(C)C,1,1,10,0.9314107236733977,1,0.985675887909198,1,0.7833333333333333,1,0.8,1,0.5351607132367975,1,1.0,1
168,FC(F)(F)c1cc(ccc1)-c1cc2c(OC(CC23N=C(N)N(C)C3=O)(C)C)cc1,1,1,10,0.8768869382228235,1,0.9703035018319265,1,0.77,1,0.8,1,0.6300227932407674,1,1.0,1
169,Fc1cc(ccc1)-c1cc2c(OC(CC23N=C(N)N(C)C3=O)(C)C)cc1,1,1,10,0.8789535104960824,1,0.9314597052189499,1,0.77,1,0.8,1,0.5729180834966434,1,1.0,1
170,O1c2c(cc(cc2)-c2cccnc2)C2(N=C(N)N(C)C2=O)CC1(C)C,1,1,10,0.906742358498546,1,0.9759049832510319,1,0.8,1,0.8,1,0.712670582631484,1,1.0,1
171,Fc1ncccc1-c1cc2c(OC(CC23N=C(N)N(C)C3=O)(C)C)cc1,1,1,10,0.921713266436091,1,0.9649827037340327,1,0.88,1,1.0,1,0.6340800498957907,1,1.0,1
172,Fc1cc(cnc1)-c1cc2c(OC(CC23N=C(N)N(C)C3=O)(C)C)cc1,1,1,10,0.9000788343163904,1,0.9782579633934136,1,0.8,1,0.8,1,0.742935361446853,1,1.0,1
173,O1c2c(cc(cc2)-c2cncnc2)C2(N=C(N)N(C)C2=O)CC1(C)C,1,1,10,0.9000278925552576,1,0.9724172500224625,1,0.8775,1,0.8,1,0.712670582631484,1,1.0,1
174,O1c2c(cc(NC(=O)c3oc(cc3)C)cc2)C2(N=C(N)N(C)C2=O)CC1(C)C,1,1,10,0.7222031351416855,1,0.9279602576938505,1,0.64,1,0.4,0,0.5351607132367975,1,1.0,1
175,Clc1cc(ccc1)-c1cc2c(OC(CC23N=C(N)N(CC)C3=O)(C)C)cc1,1,1,10,0.6791379130393503,1,0.7219283321867915,1,0.5833333333333334,1,0.8,1,0.5351607132367975,1,1.0,1
176,O1c2c(cc(cc2)C2CCCCC2)C2(N=C(N)N(C)C2=O)CC1(C)C,1,1,10,0.7683188186668221,1,0.8841626307477242,1,0.67,1,0.6,1,0.5351607132367975,1,1.0,1
177,S(C)c1cc(ccc1)-c1cc2c(OC(CC23N=C(N)N(C)C3=O)(C)C)cc1,1,1,10,0.884159711452578,1,0.9522795832539988,1,0.77,1,0.8,1,0.5351607132367975,1,1.0,1
178,O1c2c(cc(OCC(C)C)cc2)C2(N=C(N)N(C)C2=O)CC1(C)C,1,1,10,0.45866405124637755,0,0.7495200544903958,1,0.52,1,0.6,1,0.5351607132367975,1,1.0,1
179,O1c2c(cc(cc2)-c2ccccc2)C2(N=C(N)N(C)C2=O)CC1(C)C,1,1,10,0.4948582943699986,0,0.6614806440423776,1,0.62,1,0.6,1,0.4505742108313255,0,1.0,1
180,s1nc(cc1)-c1cc2c(OC(CC23N=C(N)N(C)C3=O)(C)C)cc1,1,1,10,0.735611982500327,1,0.804329499907379,1,0.72,1,0.8,1,0.5351607132367975,1,1.0,1
181,Clc1cc(ccc1)-c1cc2c(OC(CC23N=C(N)N(CC(F)(F)F)C3=O)(C)C)cc1,1,1,10,0.8214245131489102,1,0.8782642416046591,1,0.57,1,0.8,1,0.5729180834966434,1,1.0,1
182,O1c2c(cc(cc2)-c2ccccc2OC)C2(N=C(N)N(C)C2=O)CC1(C)C,0,0,10,0.46347556419406466,0,0.7143074769617572,1,0.725,1,0.8,1,0.5979351909547669,1,1.0,1
183,O1c2c(cc(cc2)-c2ncccc2)C2(N=C(N)N(C)C2=O)CC1(C)C,0,0,10,0.7807159486233908,1,0.9160096622926298,1,0.66,1,0.8,1,0.5351607132367975,1,1.0,1
184,O1c2c(cc(cc2)-c2cc(OC(C)C)ccc2)C2(N=C(N)N(C)C2=O)CC1(C)C,0,0,10,0.9726723581401434,1,0.987412209216966,1,0.74,1,0.8,1,0.5351607132367975,1,1.0,1
185,O1c2c(cc(cc2)-c2ccncc2)C2(N=C(N)N(C)C2=O)CC1(C)C,0,0,10,0.5974787154207863,1,0.8541376155595489,1,0.77,1,0.8,1,0.4890835581206831,0,1.0,1
186,O1c2c(cc(cc2)-c2ccc(OC)cc2)C2(N=C(N)N(C)C2=O)CC1(C)C,0,0,10,0.73063036777944,1,0.7899733480845965,1,0.58,1,0.6,1,0.4471211462326548,0,1.0,1
187,O1c2c(cc(N3CCCCC3)cc2)C2(N=C(N)N(C)C2=O)CC1(C)C,0,0,10,0.4648981441692684,0,0.6210154147783221,1,0.535,1,0.4,0,0.5722608590416423,1,1.0,1
188,O(C)c1ccc(cc1)C1(N=C(N)CC1)c1cc(ccc1)-c1cncnc1,0,0,11,0.47139940272168157,0,0.28105282154501365,0,0.34333333333333327,0,0.4,0,0.5342114973535745,1,1.0,1
189,O1CC(N=C1N)(c1cc(ccc1)-c1cncnc1)c1ccc(OC)cc1,0,0,11,0.3466128034496984,0,0.12561401468443692,0,0.2816666666666666,0,0.0,0,0.5342114973535745,1,1.0,1
190,S1(=O)(=O)C[C@@H](Cc2cc(C[C@@H]3N(CCC)C(OC3)=O)c(O)cc2)[C@H](O)[C@@H]([NH2+]Cc2cc(ccc2)C(C)C)C1,1,1,13,0.926369358389432,1,0.9977133744718132,1,0.77,1,0.8,1,0.7780017018161038,1,1.0,1
191,Brc1cc(ccc1O)C[C@@H]1CS(=O)(=O)C[C@H]([NH2+]Cc2cc(ccc2)C2CC2)[C@H]1O,1,1,13,0.9456618976958725,1,0.8639753384183984,1,0.82,1,0.8,1,0.7780017018161038,1,1.0,1
192,Brc1cc(ccc1OC(=O)NC)CC1CS(=O)(=O)CC([NH2+]Cc2cc(ccc2)C(C)C)C1O,1,1,13,0.8981103497079284,1,0.9868223033974765,1,0.79,1,0.8,1,0.7780017018161038,1,1.0,1
193,S1(=O)(=O)CC(Cc2cc(CCCC)c(O)cc2)C(O)C([NH2+]Cc2cc(ccc2)C(C)C)C1,1,1,13,0.8650248117178393,1,0.9768131719831494,1,0.78,1,0.8,1,0.7780017018161038,1,1.0,1
194,S1(=O)(=O)CC(Cc2cc(CCC)c(O)cc2)C(O)C([NH2+]Cc2cc(ccc2)C(C)C)C1,1,1,13,0.8440779405310893,1,0.983632826340563,1,0.8,1,0.8,1,0.7780017018161038,1,1.0,1
195,Brc1cc(ccc1O)CC1CS(=O)(=O)CC([NH2+]Cc2cc(ccc2)C(C)C)C1O,1,1,13,0.8858026229841808,1,0.9452721591057702,1,0.83,1,0.8,1,0.7780017018161038,1,1.0,1
196,S1(=O)(=O)CC(Cc2cc(CC)c(O)cc2)C(O)C([NH2+]Cc2cc(ccc2)C(C)C)C1,1,1,13,0.8540230330278693,1,0.9830727659098496,1,0.8,1,0.8,1,0.7780017018161038,1,1.0,1
197,Brc1cc(ccc1)CC1CS(=O)(=O)CC([NH2+]Cc2cc(ccc2)C(C)C)C1O,1,1,13,0.8934244809398716,1,0.9370363207004889,1,0.86,1,0.8,1,0.7780017018161038,1,1.0,1
198,S1(=O)(=O)CC(Cc2cc(CCO)c(O)cc2)C(O)C([NH2+]Cc2cc(ccc2)C(C)C)C1,1,1,13,0.609106780595158,1,0.9111661484936263,1,0.78,1,0.8,1,0.7780017018161038,1,1.0,1
199,S1(=O)(=O)CC(Cc2ccccc2)C(O)C([NH2+]Cc2cc(ccc2)C(C)C)C1,0,0,13,0.2921423006355298,0,0.462492382379389,0,0.52,1,0.8,1,0.7501440650888183,1,1.0,1
200,S1(=O)(=O)CC(Cc2cc(ccc2)COCCC)C(O)C([NH2+]Cc2cc(ccc2)C(C)C)C1,0,0,13,0.8487877019902685,1,0.9629829197389732,1,0.79,1,0.8,1,0.7780017018161038,1,1.0,1
201,S1(=O)(=O)CC(Cc2cc(CO)c(O)cc2)C(O)C([NH2+]Cc2cc(ccc2)C(C)C)C1,0,0,13,0.8182558169490673,1,0.9589375880597242,1,0.79,1,0.8,1,0.7780017018161038,1,1.0,1
202,Brc1cc(ccc1O)CC1CS(=O)(=O)CC([NH2+]Cc2cc(OC(C)C)ccc2)C1O,0,0,13,0.9265172915607913,1,0.8765273547096106,1,0.79,1,0.8,1,0.7780017018161038,1,1.0,1
203,S1(=O)(=O)CC(Cc2ccc(O)cc2)C(O)C([NH2+]Cc2cc(ccc2)C(C)C)C1,0,0,13,0.8564440945310521,1,0.9497256049242145,1,0.65,1,0.8,1,0.7780017018161038,1,1.0,1
204,S1(=O)(=O)CC(Cc2cc(OCCC)ccc2)C(O)C([NH2+]Cc2cc(ccc2)C(C)C)C1,0,0,13,0.8206599394835463,1,0.9500766434557252,1,0.86,1,0.8,1,0.7780017018161038,1,1.0,1
205,Brc1cc(ccc1OC)CC1CS(=O)(=O)CC([NH2+]Cc2cc(ccc2)C(C)C)C1O,0,0,13,0.8834470273467211,1,0.9602104257988059,1,0.79,1,0.8,1,0.7780017018161038,1,1.0,1
206,Brc1cc(ccc1O)CC1CS(=O)(=O)CC([NH2+]Cc2cc(Cl)cc(Cl)c2)C1O,0,0,13,0.8561063581281653,1,0.8059797320277193,1,0.74,1,0.8,1,0.7292768037120565,1,1.0,1
207,Brc1cc(ccc1O)CC1CS(=O)(=O)CC([NH2+]Cc2nccc(c2)C(C)C)C1O,0,0,13,0.8502638539523312,1,0.9556487611718465,1,0.75,1,0.8,1,0.7292768037120565,1,1.0,1
208,S1(=O)(=O)CC(Cc2cc(Cc3cc(ccc3)C)c(O)cc2)C(O)C([NH2+]Cc2cc(ccc2)C(C)C)C1,0,0,13,0.4020827410418714,0,0.775064056820355,1,0.76,1,0.8,1,0.6948993511200189,1,1.0,1
209,Brc1cc(ccc1O)CC1CS(=O)(=O)CC([NH2+]Cc2ccccc2)C1O,0,0,13,0.5225603520816471,0,0.2673993307401516,0,0.67,1,0.8,1,0.6976807977660641,1,1.0,1
210,Brc1cc(ccc1O)CC1CS(=O)(=O)CC([NH3+])C1O,0,0,13,0.314151144500138,0,0.03084310172927252,0,0.27,0,0.6,1,0.5351607132367975,1,1.0,1
211,FC1(F)CN2C(=NC1)[C@]([NH+]=C2N)(c1cc(ccc1)C#CCOC)c1ccc(OC(F)F)cc1,1,1,15,0.13368238076021263,0,0.27859507831416946,0,0.44,0,0.4,0,0.46894547792201235,0,1.0,1
212,FC1(F)CN2C(=NC1)C(N=C2N)(c1cc(ccc1)-c1cc(OC)cnc1)c1ccc(OC(F)F)cc1,1,1,15,0.6758366482106223,1,0.883011636560007,1,0.8,1,0.8,1,0.808513180549123,1,1.0,1
213,FC1(F)CN2C(=NC1)C(N=C2N)(c1cc(ccc1)-c1cncnc1)c1ccc(OC(F)F)cc1,1,1,15,0.8919604155661572,1,0.9782640428983294,1,0.858,1,0.8,1,0.808513180549123,1,1.0,1
214,Fc1ccc(OC)cc1-c1cc(ccc1)C1(N=C(N2C1=NCC(F)(F)C2)N)c1ccncc1,1,1,15,0.9365287358010977,1,0.9818497257957454,1,0.8058333333333333,1,0.8,1,0.6621440329347507,1,1.0,1
215,Fc1ncccc1-c1cc(ccc1)C1(N=C(N2C1=NCC(F)(F)C2)N)c1ccc(OC(F)F)cc1,1,1,15,0.895695498313677,1,0.9701307863671965,1,0.85,1,0.8,1,0.7168433660949561,1,1.0,1
216,Fc1ccc(cc1-c1cccnc1)C1(N=C(N2C1=NCC(F)(F)C2)N)c1cc(C)c(OC)cc1,1,1,15,0.9713667161041972,1,0.9920447005082321,1,0.84,1,1.0,1,0.808513180549123,1,1.0,1
217,FC1(F)CN2C(=NC1)C(N=C2N)(c1cc(ccc1)C#CCCOC)c1ccc(OC(F)F)cc1,1,1,15,0.449507141274232,0,0.6103251029265483,1,0.6,1,0.6,1,0.6621440329347507,1,1.0,1
218,FC1(F)CN2C(=NC1)C(N=C2N)(c1cc(ccc1)C#COCCCF)c1ccc(OC(F)F)cc1,1,1,15,0.2656364985700055,0,0.40282671981899637,0,0.63,1,0.8,1,0.6621440329347507,1,1.0,1
219,FC1(F)CN2C(=NC1)C(N=C2N)(c1cc(ccc1)-c1cncnc1)c1ccc(OC)cc1,1,1,15,0.8765689633132511,1,0.9539649405194434,1,0.85,1,0.8,1,0.781040698165587,1,1.0,1
220,FC1(F)CN2C(=NC1)C(N=C2N)(c1cc(ccc1)-c1cncnc1)c1ccncc1,1,1,15,0.9452342356453973,1,0.9917757887335464,1,0.87,1,1.0,1,0.808513180549123,1,1.0,1
221,Brc1cc(ccc1)C1(N=C(N2C1=NCC(F)(F)C2)N)c1ccc(OC)cc1,0,0,15,0.43260746183377724,0,0.293569038011809,0,0.53,1,0.4,0,0.6234521324792397,1,1.0,1
222,Fc1cc(cc(F)c1)C[C@H](NC(=O)c1c2cccnc2n(c1)C(=O)N1CCC[C@@H]1COC)[C@H](O)C[NH2+]Cc1cc(OC)ccc1,1,1,21,0.7298604891863432,1,0.8214528991973964,1,0.94,1,1.0,1,0.87546861837277,1,1.0,1
223,Fc1cc(cc(F)c1)C[C@H](NC(=O)c1c2cccnc2n(c1)C(=O)N1CCC[C@@H]1COCC)[C@H](O)C[NH2+]Cc1cc(OC)ccc1,1,1,21,0.7834740219413412,1,0.9555391889847865,1,0.92,1,1.0,1,0.87546861837277,1,1.0,1
224,Fc1cc(cc(F)c1)C[C@H](NC(=O)c1c2cccnc2n(c1)C(=O)N1CCCC[C@@H]1COCC)[C@H](O)C[NH2+]Cc1cc(OC)ccc1,1,1,21,0.861070249154083,1,0.9807573918108787,1,0.91,1,1.0,1,0.87546861837277,1,1.0,1
225,Fc1cc(cc(F)c1)C[C@H](NC(=O)c1c2cccnc2n(c1)C(=O)N1CCCC[C@@H]1COC)[C@H](O)C[NH2+]Cc1cc(OC)ccc1,1,1,21,0.8222304490551384,1,0.9160425476619777,1,0.93,1,1.0,1,0.87546861837277,1,1.0,1
