,smiles,labels,labels-active,SVC_pred_prob,SVC_pred,LogisticRegression_pred_prob,LogisticRegression_pred,RandomForestClassifier_pred_prob,RandomForestClassifier_pred,KNeighborsClassifier_pred_prob,KNeighborsClassifier_pred,GradientBoostingClassifier_pred_prob,GradientBoostingClassifier_pred,DummyClassifier_pred_prob,DummyClassifier_pred
0,Clc1cc(cnc1)-c1cc2c(CC(CC23N=C(OC3)N)(C)C)cc1,1,1,0.3072253727024311,0,0.14618342704048953,0,0.18,0,0.2,0,0.5498137663470092,1,1.0,1
1,FC(F)(F)c1cc(ccc1)C[NH2+]CC(O)C(NC(=O)c1cc(N2CCCC2=O)c2n(cc(c2c1)CC)C)Cc1ccccc1,1,1,0.9826064881653498,1,0.9986948912288824,1,0.96,1,1.0,1,0.8346407940014282,1,1.0,1
2,O1c2c(cc(cc2)-c2ccccc2OC)C2(N=C(N)N(C)C2=O)CC1(C)C,0,0,0.46316386284654837,0,0.6424523783878396,1,0.63,1,0.6,1,0.6635154956261791,1,1.0,1
3,O1CCCCOc2nc(cc(c2)C(=O)NC(Cc2cc1ccc2)C(O)C[NH2+]Cc1cc(ccc1)C(C)C)C,1,1,0.8458160341869626,1,0.929570453880008,1,0.96,1,1.0,1,0.68367545061252,1,1.0,1
4,Fc1cc(cc(F)c1)CC(NC(=O)c1cc(cc(c1)/C(=N\O)/C)C(=O)N(CCC)CCC)C(O)C[NH2+]Cc1cc(OC)ccc1,1,1,0.9113090859920527,1,0.989348498596156,1,0.9558333333333334,1,0.8,1,0.8140325901358435,1,1.0,1
5,S1(=O)(=O)CC(Cc2cc(CC)c(N)c(F)c2)C(O)C([NH2+]Cc2cc(ccc2)C(C)(C)C)C1,1,1,0.9387905967582956,1,0.9878726278978371,1,1.0,1,1.0,1,0.8179076800192707,1,1.0,1
6,S1(=O)(=O)N(c2cc(cc3c2n(cc3CC)CC1)C(=O)NC(Cc1ccccc1)C(O)C[NH2+]C(CCCC(C)C)(C)C)C,1,1,0.9346918937173005,1,0.9979454485430823,1,0.98,1,1.0,1,0.8103861701197465,1,1.0,1
7,O=C1N(CCCC1)C(C)(C)[C@@H]1C[C@@H](CCC1)C(=O)N[C@H]([C@H](O)C[NH2+]Cc1cc(ccc1)C(C)C)Cc1ccccc1,1,1,0.9632985614673262,1,0.9618611446094716,1,0.86,1,0.8,1,0.7081259951296014,1,1.0,1
8,Fc1ccc(NC(=O)c2ncc(cc2)C#N)cc1[C@]1(N=C(OCC1(F)F)N)C,1,1,0.9631924576080326,1,0.9963254748110462,1,1.0,1,1.0,1,0.7989972545179883,1,1.0,1
9,S(=O)(=O)(N(C)c1cc(cc(c1)C(=O)N[C@H](C)c1ccc(F)cc1)-c1oc(nn1)[C@]([NH3+])(Cc1ccccc1)C)C,1,1,0.5288584569082659,0,0.48889434291081946,0,0.31,0,0.4,0,0.5936002275412902,1,1.0,1
10,Brc1cc(ccc1O)C[C@@H]1CS(=O)(=O)C[C@H]([NH2+]Cc2cc(ccc2)C2CC2)[C@H]1O,1,1,0.5994194766822941,1,0.32213700395115274,0,0.43,0,0.4,0,0.7081259951296014,1,1.0,1
11,O(C)c1cc(NC[C@@H](O)[C@@H](NC(=O)C2=CN(C=C(C(=O)N[C@H](C)c3ccccc3)[C@H]2CCC)CC(OC(C)C)=O)Cc2ccccc2)ccc1,0,0,0.44642926186231585,0,0.04774287646860714,0,0.12,0,0.0,0,0.5389339243878641,1,1.0,1
12,S1(=O)(=O)CC(Cc2cc(OC3COC3)c(N)c(F)c2)C(O)C([NH2+]Cc2cc(ccc2)C(C)(C)C)C1,1,1,0.9922875625895076,1,0.9987626107068743,1,0.99,1,1.0,1,0.809779430733755,1,1.0,1
13,S(=O)(=O)(N(C)c1cc(cc(c1)C(=O)NC(C)c1ccc(F)cc1)-c1oc(cn1)C([NH3+])(Cc1ccccc1)C)C,1,1,0.7017670113832217,1,0.839978722865979,1,0.5,0,0.4,0,0.6972012091006841,1,1.0,1
14,Fc1cc(cnc1)-c1cc2c(OC(CC23N=C(N)N(C)C3=O)(C)C)cc1,1,1,0.8033217645670299,1,0.9239019100433284,1,0.92,1,0.8,1,0.8000482736574945,1,1.0,1
15,O1c2c(cc(cc2)-c2ccccc2)C2(N=C(N)N(C)C2=O)CC1(C)C,1,1,0.23189008110279563,0,0.31278090506762446,0,0.48,0,0.6,1,0.6067553010984038,1,1.0,1
16,O=C(NCc1ccccc1)C(Cc1cc2cc(ccc2nc1N)-c1ccccc1C)C,1,1,0.7296924373402738,1,0.8655064932298515,1,0.88,1,1.0,1,0.7784305329375457,1,1.0,1
17,Fc1cc(cc(F)c1)CC(NC(=O)C)C(O)C[NH2+]C1(CCCC1)c1cc(ccc1)C(C)(C)C,1,1,0.7924450850734385,1,0.8394711260049276,1,0.99,1,0.8,1,0.7870842282099975,1,1.0,1
18,Fc1cc(cc(F)c1)CC(NC(=O)C(N1CCC(CC(C)C)C1=O)CCc1ccccc1)C(O)C[NH2+]Cc1cc(OC)ccc1,1,1,0.8784715448171407,1,0.992571915194702,1,1.0,1,1.0,1,0.8857745409028186,1,1.0,1
19,Fc1cc(cc(F)c1)CC(NC(=O)C)C(O)C[NH2+]C1(CCCN(C1)C(=O)N)c1cc(ccc1)C(C)(C)C,1,1,0.5939234657851586,1,0.8419758870499493,1,0.65,1,0.8,1,0.7737307427675436,1,1.0,1
20,O(C)c1cc(ccc1OC)C1(N=C(N)N(C)C1=O)C12CC3CC(C1)CC(C2)C3,1,1,0.7407860865965509,1,0.733236745062149,1,0.7189999999999999,1,0.6,1,0.5822476937427744,1,1.0,1
21,Clc1cc(cc(Cl)c1)-c1cc2c(OC(CC23N=C(N)N(C)C3=O)(C)C)cc1,1,1,0.8534419628840677,1,0.9602486244689866,1,0.82,1,0.8,1,0.6251894194961135,1,1.0,1
22,Fc1cc(cc(F)c1)CC(NC(=O)C(N1CCC(NC(=O)C)(C(CC)C)C1=O)C)C(O)C1[NH2+]CC(O)C1,1,1,0.9729750820561954,1,0.9921771073346202,1,0.89,1,1.0,1,0.6836210591602725,1,1.0,1
23,O(C)c1ccc(cc1)-c1cc(ccc1)C1CC1C1(N=C(N)N(C)C(=O)C1)C,0,0,0.15056916944779491,0,0.026838401519172474,0,0.06,0,0.0,0,0.3179514638837162,0,1.0,1
24,Clc1cc(ccc1)-c1cc2c(OC(C[C@@]23N=C(N)N(C)C3=O)(C)C)cc1,1,1,0.8075403813556681,1,0.8643685745442173,1,0.81,1,1.0,1,0.5553523566294736,1,1.0,1
25,O(C)c1c(cc(cc1C)C1(N=C(C)C(=N1)N)c1cc(ccc1)-c1cc(cnc1)C#CC)C,1,1,0.6859485346246581,1,0.7397267410105225,1,0.57,1,0.8,1,0.5894872836505167,1,1.0,1
26,Brc1cc2c(cc1)C1(CCC2)C[NH2+]CC1C(=O)N1CCC(CC1C1CCCCC1)c1ccccc1,1,1,0.9758306249704414,1,0.9907347469585633,1,0.71,1,0.6,1,0.7685777211432978,1,1.0,1
27,S1(=O)(=O)CC(Cc2cc(OCC)c(N)c(F)c2)C(O)C([NH2+]Cc2cc(ccc2)C(C)(C)C)C1,1,1,0.9175653348783508,1,0.9888890423728149,1,0.99,1,1.0,1,0.8179076800192707,1,1.0,1
28,S(=O)(=O)(N(C)c1cc2cc(c1)C(=O)NCC\C=C\COCC(NC2=O)C(O)C[NH2+]Cc1cc(ccc1)C(C)(C)C)C,1,1,0.9922891211049482,1,0.9970751562855268,1,0.84,1,0.8,1,0.736673910374315,1,1.0,1
29,Fc1cc(cc(F)c1)CC(NC(=O)c1c2c(n(c1)C(=O)NCCCC)cccc2)C(O)C[NH2+]Cc1cc(OC)ccc1,1,1,0.487177140411942,0,0.4597281311189203,0,0.74,1,0.8,1,0.7957244738197927,1,1.0,1
30,Fc1ncccc1-c1cc(ccc1)[C@]1(N=C(N)N(C)C1=O)c1ccc(OC(F)(F)F)cc1,1,1,0.883258012579624,1,0.9628765580728648,1,0.9673333333333334,1,1.0,1,0.8747501300378032,1,1.0,1
31,O=C1N(Cc2ccccc2)C(=NC1(C1CCCCC1)c1ccccc1)N,0,0,0.3814751891381874,0,0.20939073595078644,0,0.45,0,0.4,0,0.4421824766426486,0,1.0,1
32,Clc1cn(nc1C(=O)Nc1cc(C2(N=C(OCC2(F)F)N)C)c(F)cc1)C(F)F,1,1,0.7935905742717697,1,0.9636046141001067,1,0.99,1,1.0,1,0.6986577978939428,1,1.0,1
33,Fc1cc(cc(F)c1)CC(NC(=O)C)C(O)C[NH2+]C1(CCCCC1)c1cc(N2CCCNC2=O)ccc1,0,0,0.7659704997869966,1,0.8078355810472149,1,0.41,0,0.6,1,0.7622375606131514,1,1.0,1
34,Clc1cc2nc(n(c2cc1)C(CC(=O)NCc1cc(F)ccc1)CC)N,0,0,0.2802012718351612,0,0.0120590216681057,0,0.04,0,0.0,0,0.3179753516315314,0,1.0,1
35,Brc1cc2c(n(cc2)CC(=O)NC(=[NH2+])NCc2cc(Cl)c(NC(=O)C)c(Cl)c2)cc1,1,1,0.7783810673342798,1,0.8125930209708188,1,0.7,1,0.8,1,0.5161815217247018,1,1.0,1
36,FC(F)(F)c1cc(ccc1)C[NH2+]C[C@@H](O)[C@@H](NC(=O)c1cc(N2CCCC2=O)cc(NCC)c1)Cc1ccccc1,1,1,0.9334979183851738,1,0.9904728728233094,1,0.97,1,1.0,1,0.8346407940014282,1,1.0,1
37,O1c2ncccc2C([NH2+]CC(O)C(NC(=O)C)Cc2ccccc2)CC12CCC2,0,0,0.5980013370565719,1,0.7382808097106222,1,0.81,1,1.0,1,0.6876899391854808,1,1.0,1
38,Fc1cc(cnc1)-c1cc(ccc1)C1(N=C(N)[C@@H]2N1CCCC2)C,0,0,0.06126027528646186,0,0.03700676468508421,0,0.22,0,0.2,0,0.594504786902154,1,1.0,1
39,OC(C(NC(=O)C(NC(=O)C(NC(=O)C)CC(C)C)C)CC(C)C)CC(C(=O)NCCCC)C,1,1,0.1199154348529443,0,0.04347034765587746,0,0.45,0,0.6,1,0.4845035817804323,0,1.0,1
40,O=C1N(C)C(=NC(=C1)CCc1ccccc1)N,0,0,0.008582614410576549,0,0.00039644078309526796,0,0.02,0,0.0,0,0.34522935281563377,0,1.0,1
41,Clc1ccc(cc1)-c1cc2c(Oc3c(cc(OC)cc3)C23N=C(OC3)N)cc1,0,0,0.37911828474047654,0,0.17467971538509974,0,0.30833333333333335,0,0.4,0,0.4365394639990904,0,1.0,1
42,Clc1ccc(nc1)C(=O)Nc1cc(C2(Oc3c(cccc3)C(=N2)N)C)c(F)cc1,1,1,0.9547055721653688,1,0.9871760032955295,1,0.92,1,1.0,1,0.839196955207425,1,1.0,1
43,Fc1cc(cc(F)c1)CC(NC(=O)c1cc(cc(c1)C(=O)N(CCC)CCC)C([NH3+])C)C(O)C[NH2+]Cc1cc(OC)ccc1,1,1,0.7714954374049849,1,0.9119895317690784,1,0.89,1,0.8,1,0.7574027824199556,1,1.0,1
44,S(=O)(=O)(N(C)c1cc2cc(c1)C(=O)NCCCCCCOCC(NC2=O)C(O)C[NH2+]Cc1cc(ccc1)C(C)C)C,1,1,0.8739002109162612,1,0.9589794502749807,1,0.87,1,0.8,1,0.7081259951296014,1,1.0,1
45,O1c2ncc(cc2C([NH2+]CC(O)C(NC(=O)COC)Cc2cc3OCOc3cc2)CC12CCC2)CC(C)(C)C,1,1,0.9740454075268816,1,0.9979061154709483,1,0.99,1,1.0,1,0.8579370615936477,1,1.0,1
46,Fc1cc(cc(F)c1)CC(NC(=O)C(N1CCC(C(C)C)C1=O)CCc1ccccc1)C(O)C1[NH2+]CC(OCCC)C1,1,1,0.9938297420580767,1,0.9983246988927371,1,1.0,1,1.0,1,0.8015452656101438,1,1.0,1
47,O=C1N(C)C(=NC(C1)(C)C1CC1c1cc(ccc1)-c1ccccc1)N,0,0,0.02808546002345284,0,0.004277141448591692,0,0.0,0,0.0,0,0.34352677803717546,0,1.0,1
48,S1(=O)(=O)N(CCCC1)c1cc(cc(c1)/C(=N\OCc1ccccc1)/C)C(=O)N[C@H]([C@@H](O)C[NH2+]Cc1cc(OC)ccc1)Cc1cc(F)cc(F)c1,1,1,0.9852759997740882,1,0.9984435049517716,1,0.98,1,1.0,1,0.8057724408546474,1,1.0,1
49,O=C(N1CCC(CC1C1CCCCC1)c1ccccc1)C1C[NH2+]CC12CCCc1nc(ccc12)C,1,1,0.8599497431761259,1,0.8299965755756857,1,0.76,1,0.6,1,0.6619663261214392,1,1.0,1
50,O(CC)c1cc(ccc1)-c1ccc(cc1)C1CC1C=1N=C(N)N(C)C(=O)C=1,0,0,0.16108094816156726,0,0.020273448368589474,0,0.0,0,0.0,0,0.1955459018874382,0,1.0,1
51,Fc1ncccc1-c1cc(ccc1)C1(N=C(N)N(C)C1=O)c1cn(nc1)CCC(C)C,1,1,0.9707668695166712,1,0.9975053351284667,1,0.9616666666666666,1,0.8,1,0.9112513927019992,1,1.0,1
52,FC(F)Oc1ccc(cc1)[C@@]1(N=C(N)N(C)C1=O)c1cc(ccc1)C#CC,1,1,0.8495454093819947,1,0.9660984813376795,1,1.0,1,1.0,1,0.8653259644700153,1,1.0,1
53,S(=O)(=O)(N1C(C)=C(C(=O)N[C@H]([C@H](O)C[NH2+]C2CC2)Cc2ccccc2)[C@@H](C)C(C(=O)NOCc2ccccc2)=C1C)C,0,0,0.15516444325601056,0,0.019358151098755848,0,0.0,0,0.0,0,0.2104452331305997,0,1.0,1
54,O(C(C)C)c1cc(ccc1OC)C1(N=C(N)N(C)C1=O)c1cc(ccc1)-c1cccnc1,1,1,0.9817206314830207,1,0.9949621914224002,1,0.95,1,1.0,1,0.8595518445229678,1,1.0,1
55,Fc1cc(cc(F)c1)CC(NC(=O)C)C(O)C[NH2+]C1(CC1)c1cc(ccc1)C(C)(C)C,1,1,0.8469957511419854,1,0.8905105512256319,1,0.99,1,0.8,1,0.7870842282099975,1,1.0,1
56,Fc1ccc(cc1C#N)CC(NC(=O)C)C(O)C[NH2+]C1CC2(Oc3ncc(cc13)CC(C)(C)C)CCC2,1,1,0.9999958412327058,1,0.999884373700885,1,0.98,1,1.0,1,0.8966861605506327,1,1.0,1
57,S1(=O)(=O)CC(Cc2cc(-c3n[nH]cc3)c(N)c(F)c2)C(O)C([NH2+]Cc2cc(ccc2)C(C)(C)C)C1,1,1,0.9306278774609726,1,0.9756611506717864,1,0.85,1,1.0,1,0.7010029201874641,1,1.0,1
58,S(=O)(=O)(N(c1cc(cc(c1)C(=O)NC(Cc1ccccc1)C(O)C[NH2+]Cc1cc(ccc1)C(F)(F)F)C1CCCC1)c1ccccc1)C,1,1,0.8214447055261811,1,0.9578314453567108,1,0.945,1,1.0,1,0.8407107737757914,1,1.0,1
59,Clc1cc2CC(N=C(NC(Cc3ccccc3)c3nc(ccn3)C)c2cc1)(C)C,0,0,0.15248892598208977,0,0.017408787353223803,0,0.08,0,0.0,0,0.42827717240268476,0,1.0,1
60,S1(=O)(=O)N(c2cc(cc3c2n(cc3CC)CC1)C(=O)NC([C@H](O)C[NH2+]CC#C)Cc1ccccc1)C,1,1,0.9847785459119545,1,0.9992883158931096,1,0.99,1,1.0,1,0.8107036693010087,1,1.0,1
61,O(C)c1ccc(cc1)[C@@]1([NH+]=C(N)[C@H](OC)C1)c1cc(ccc1)-c1cccnc1,0,0,0.375420887666967,0,0.41133278623309455,0,0.32,0,0.4,0,0.5778483165489495,1,1.0,1
62,Fc1cc(cc(F)c1)CC(NC(=O)C(N1CCC(NC(=O)C)(C(CC)C)C1=O)CCc1ccccc1)C(O)C1[NH2+]Cc2c(C1)cccc2OC,1,1,0.9911413715043383,1,0.9975534066332788,1,0.97,1,1.0,1,0.8015452656101438,1,1.0,1
63,Fc1cc(cc(F)c1)CC(NC(=O)C)C(O)C[NH2+]C1(CCCCC1)c1nn(cc1)C(C)(C)C,0,0,0.7019199442703465,1,0.6883603712592129,1,0.875,1,0.6,1,0.7912294928609354,1,1.0,1
64,O=C1N(C)C(=NC1(c1cc(ccc1)-c1cncnc1)c1cn(nc1)C1CCCC1)N,1,1,0.8841406118832409,1,0.9517040182212992,1,0.95,1,1.0,1,0.8402244985988492,1,1.0,1
65,S1(=O)(=O)CC(Cc2cc(CC(OC)C(F)(F)F)c(N)c(F)c2)C(O)C([NH2+]Cc2cc(ccc2)C(C)(C)C)C1,1,1,0.4930109719630366,0,0.9429087639776546,1,0.95,1,1.0,1,0.809779430733755,1,1.0,1
66,S(=O)(=O)(N(C)c1cc(cc(OCCC([NH3+])(Cc2ccccc2)CO)c1)C(=O)NC(C)c1ccc(F)cc1)C,0,0,0.6870636220812385,1,0.3238900068591359,0,0.13,0,0.0,0,0.5936002275412902,1,1.0,1
67,O=C1N(CCCCCC)C(=NC1(C1CCCCC1)c1ccccc1)N,0,0,0.7683895770844267,1,0.5507517716558455,1,0.63,1,0.4,0,0.45545561007604246,0,1.0,1
68,s1cc(cc1C12N=C(N)N(C)C(=O)C1CN(C2)c1ncccc1C#N)-c1cc(ccc1)C#N,1,1,0.9922995693431936,1,0.9988740875968207,1,0.93,1,1.0,1,0.5857058758843869,1,1.0,1
69,O1c2c(cc(cc2)-c2cc(OCC)ccc2)C2(N=C(N)N(C)C2=O)CC1(C)C,1,1,0.8224985790565986,1,0.9436297678044726,1,0.83,1,0.8,1,0.6376761068566489,1,1.0,1
70,S1(=O)(=O)CC(Cc2cc(-c3occc3)c(N)c(F)c2)C(O)C([NH2+]Cc2cc(ccc2)C(C)(C)C)C1,1,1,0.6950080891307567,1,0.9019344923568785,1,0.88,1,1.0,1,0.809779430733755,1,1.0,1
71,O1c2ncc(cc2C([NH2+]CC(O)C2NC(=O)C=3C=CC(=O)N(CCCCc4cc(C2)ccc4)C=3)CC12CCC2)CC(C)(C)C,1,1,0.9973244567908633,1,0.9998598756825148,1,0.98,1,1.0,1,0.8398512280075932,1,1.0,1
72,S1(Oc2cc(cc3c2n(cc3CC)CC1)C(=O)NC([C@H](O)C[NH2+]CC#C)Cc1ccccc1)(=O)=O,1,1,0.9364673080819165,1,0.9933535825554773,1,0.98,1,1.0,1,0.7309508497713005,1,1.0,1
73,S1(=O)(=O)CC(Cc2cc(OC(C)C)c(N)c(F)c2)C(O)C([NH2+]Cc2cc(ccc2)C(C)(C)C)C1,1,1,0.9730930502568305,1,0.98346064846245,1,0.94,1,1.0,1,0.809779430733755,1,1.0,1
74,OC(C(NC(=O)C(NC(=O)C(NC(=O)C(NC(=O)C(NC(=O)C(NC(=O)C([NH3+])Cc1c2c([nH]c1)cccc2)Cc1c2c([nH]c1)cccc2)CO)CCC(=O)[O-])C(C)C)CC(=O)N)CC(C)C)CC(C(=O)NC(C(=O)NC(CCC(=O)[O-])C(=O)NC(Cc1ccccc1)C(=O)[O-])C)C,1,1,0.9729911374623255,1,0.9960763539089107,1,0.75,1,0.6,1,0.3287387209110379,0,1.0,1
75,O=C1N(C)C(=NC1(c1cc(ccc1)-c1ccccc1)c1ccncc1)N,1,1,0.4009375535543344,0,0.47621830605339516,0,0.65,1,0.8,1,0.7552519792933456,1,1.0,1
76,S(=O)(=O)(N(c1cc(ccc1)C(=O)NC(Cc1ccccc1)C(O)C[NH2+]C(CCCC(C)C)C)c1ccccc1)C,1,1,0.8559841247459807,1,0.8342133122244948,1,0.88,1,1.0,1,0.716137797032481,1,1.0,1
77,O1c2ncc(cc2C([NH2+]CC(O)C(NC(=O)COC)Cc2cc(ccc2)-c2occn2)CC12CCC2)CC(C)(C)C,1,1,0.9906840587360587,1,0.9991038847460175,1,1.0,1,1.0,1,0.8398512280075932,1,1.0,1
78,O1CCC(CC1)CNC(=O)C(Cc1cc2cc(ccc2nc1N)-c1ccccc1C)C,1,1,0.7607376928731774,1,0.9215719478669006,1,0.91,1,1.0,1,0.7784305329375457,1,1.0,1
79,FC1(F)COC(=NC1(C)c1cc(NC(=O)c2ncc(OC(F)(F)F)cc2)ccc1F)N,1,1,0.8754351704784585,1,0.9853214097087859,1,0.98,1,1.0,1,0.7851696800498454,1,1.0,1
80,S1(=O)(=O)CC(Cc2cc(ccc2)COCCC)C(O)C([NH2+]Cc2cc(ccc2)C(C)C)C1,0,0,0.4646161177878626,0,0.6864734010996096,1,0.46,0,0.4,0,0.7190911459593087,1,1.0,1
81,Fc1cc(cc(F)c1)CC(NC(=O)C)C(O)C[NH2+]C1(CCC(CC1)C#N)c1cc(ccc1)C(C)(C)C,1,1,0.9377006389899513,1,0.9840076882648987,1,0.97,1,1.0,1,0.8008198333424037,1,1.0,1
82,O1c2c(cc(cc2)CC)C([NH2+]CC(O)C2NC(=O)C=3C=C(c4ncccc4)C(=O)N(CCCCc4cc(C2)ccc4)C=3)CC12CCC2,1,1,0.9970370117446014,1,0.9998276569803988,1,0.87,1,1.0,1,0.7782751322503176,1,1.0,1
83,FC(F)(F)c1cc(ccc1OC)C1(N=C(N)N(C)C1=O)c1cc(ccc1)-c1cccnc1,1,1,0.9674648690075572,1,0.9948434256159835,1,0.9975,1,1.0,1,0.9030338547679746,1,1.0,1
84,Fc1ncccc1-c1cc2c(CC(CC23N=C(N)N(C)C3=O)(C)C)cc1,1,1,0.8032816001412889,1,0.8671091993425583,1,0.695,1,1.0,1,0.6658746464803416,1,1.0,1
85,FC(F)COc1cc(ccc1)[C@]1(N=C(N)N(C)C1=O)c1ccc(OC(F)F)cc1,1,1,0.8953975543205257,1,0.9103626777279079,1,1.0,1,1.0,1,0.8552346059529329,1,1.0,1
86,s1cc(nc1N)C(Cc1cc([N+](=O)[O-])ccc1OC)c1ccc(OC)cc1,0,0,0.5197226453353972,0,0.3702131397373529,0,0.25,0,0.0,0,0.5161815217247018,1,1.0,1
87,Fc1cc(cc(F)c1)C[C@H](NC(=O)c1cc(cc(c1)C)C(=O)N(CCC)CCC)[C@H](O)[C@@H]1[NH2+]CN(Cc2ccccc2)C1=O,1,1,0.7123291631784701,1,0.8416749638556316,1,0.92,1,0.8,1,0.6836210591602725,1,1.0,1
88,Brc1cc(ccc1N)CC1CS(=O)(=O)CC([NH2+]Cc2cc(ccc2)C(C)(C)C)C1O,1,1,0.688389127219042,1,0.7002031644545884,1,0.87,1,1.0,1,0.736673910374315,1,1.0,1
89,S(=O)(=O)(N(C)c1cc(cc(c1)C(=O)NC(C(O)CC(C(=O)NC(C(C)C)C(=O)NCc1ccc(F)cc1)C)COCc1cc(F)cc(F)c1)C(=O)NC(C)c1ccccc1)C,0,0,0.8384468053031011,1,0.9088881341846761,1,0.77,1,0.8,1,0.779095358713353,1,1.0,1
90,Fc1ccc(cc1-c1cncnc1)C1(N=C(N)N(C)C1=O)c1cc(C)c(OC)cc1,1,1,0.9384806539157311,1,0.9650349120351177,1,0.9127142857142858,1,0.8,1,0.9030338547679746,1,1.0,1
91,S1(=O)(=O)CC(Cc2cc(O[C@@H](COCC)C(F)(F)F)c(N)c(F)c2)C(O)C([NH2+]Cc2cc(ccc2)C(C)(C)C)C1,1,1,0.9773510577237772,1,0.997854673000712,1,0.99,1,1.0,1,0.8179076800192707,1,1.0,1
92,FC(F)(F)c1cc(ccc1)C[NH2+]C[C@@H](O)[C@@H](NC(=O)C=1C=C(N2CCCC2=O)C(=O)N(C=1)C1CCCC1)Cc1ccccc1,1,1,0.9921517657343074,1,0.996009702734112,1,0.92,1,1.0,1,0.8556817473761047,1,1.0,1
93,O(C)c1ccc(cc1)C1(N=C(N)N(C)C1=O)c1ccccc1,0,0,0.09791511167003585,0,0.02309340955468177,0,0.19,0,0.0,0,0.4511015001282118,0,1.0,1
94,S1(=O)(=O)N(C2(CC([NH+](CC2)Cc2cc3c([nH]nc3CC)cc2)C)CN1C)c1cc(F)ccc1,0,0,0.24594079169074978,0,0.2879658900211771,0,0.19,0,0.2,0,0.26875586425857,0,1.0,1
95,Fc1cc(cc(F)c1)CC(NC(=O)C(N1CCC(C(O)CCC)C1=O)C)C(O)C1[NH2+]CC(OCCC)C1,1,1,0.9973479021545789,1,0.9983306390542093,1,1.0,1,1.0,1,0.7010668168645491,1,1.0,1
96,Fc1cc(cc(F)c1)CC(NC(=O)c1cc(cc(c1)C(=O)N(CCC)CCC)C(O)C)C(O)C[NH2+]Cc1cc(OC)ccc1,1,1,0.9027946217181185,1,0.9501616875658431,1,0.905,1,0.8,1,0.8140325901358435,1,1.0,1
97,Fc1cc(cc(F)c1)CC(NC(=O)C(N1CCC(C(O)CCC)C1=O)C)C(O)C[NH2+]Cc1cc(OC)ccc1,1,1,0.9854991291048545,1,0.9965051576686872,1,0.98,1,1.0,1,0.8261163169902909,1,1.0,1
98,S(=O)(=O)(N(C)c1cc(cc(c1)C(=O)N[C@H]([C@@H](O)CC(=O)N[C@@H](CC(C)C)C(=O)N[C@H](C(=O)N([C@H](Cc1ccccc1)C(=O)N1CCC[C@H]1C(OC)=O)C)C)Cc1ccccc1)C(=O)N[C@H](C)c1ccccc1)C,1,1,0.9686297039519438,1,0.9945727847683444,1,0.67,1,1.0,1,0.7131549656768149,1,1.0,1
99,Fc1ccc(cc1CC(NC(=O)COC)C(O)C[NH2+]C1CC2(Oc3ncc(cc13)CC(C)(C)C)CCC2)C#C,1,1,0.9107156900719351,1,0.9960923798202901,1,1.0,1,1.0,1,0.8966861605506327,1,1.0,1
100,Fc1cc(cc(F)c1)CC(NC(=O)C(N1CCC(NC(=O)C)(C(CC)C)C1=O)CCc1ccccc1)C(O)C1[NH2+]Cc2c(C1)cccc2O,1,1,0.984708362337974,1,0.9981383634609794,1,0.97,1,1.0,1,0.8015452656101438,1,1.0,1
101,S(=O)(=O)(N(C)c1cc(cc(c1)C(=O)NC(C(O)CC(OC)COCc1ccc(F)cc1)COc1cc(F)cc(F)c1)C(=O)NC(C)c1ccccc1)C,0,0,0.8384016455516737,1,0.5129367736525109,1,0.67,1,0.4,0,0.5150481482680113,1,1.0,1
102,s1cc(nc1C1([NH2+]CC(O)C(NC(=O)C)Cc2cc(F)cc(F)c2)CC1)CC(C)(C)C,0,0,0.8306453845436164,1,0.880079374193448,1,0.68,1,0.6,1,0.7406598587369592,1,1.0,1
103,Fc1cc(cc(F)c1)CC(NC(=O)C)C(O)C[NH2+]C1(CCC(Nc2cccnc2)CC1)c1cc(ccc1)C(C)(C)C,1,1,0.9878536236618122,1,0.9980393307878797,1,0.95,1,1.0,1,0.8535319172560152,1,1.0,1
104,S1(=O)(=O)N(C2(CC([NH+](CC2)Cc2cc(OC(C)C)ccc2)C)CN1c1ccncc1)c1cc(F)ccc1,0,0,0.023872017619713835,0,0.006613642484573557,0,0.07,0,0.0,0,0.3799465396528027,0,1.0,1
105,O(C)c1ccccc1-c1cc(ccc1)C1CC1C1(N=C(N)N(C)C(=O)C1)C,0,0,0.0485112612171159,0,0.011823905753998781,0,0.1,0,0.0,0,0.3821929455769218,0,1.0,1
106,Brc1ccccc1C1C[NH2+]CC1C(=O)N1CCC(CC1)c1ccccc1,0,0,0.13531313087987426,0,0.0017910648960126059,0,0.06,0,0.0,0,0.37117417749984505,0,1.0,1
107,s1c(ccc1C)-c1ccc(cc1)C1CC1C=1N=C(N)N(C)C(=O)C=1,0,0,0.05998994865858626,0,0.005373065917559815,0,0.0,0,0.0,0,0.19939395848735458,0,1.0,1
108,O1c2c(cc(cc2)-c2ncccc2)C2(N=C(N)N(C)C2=O)CC1(C)C,0,0,0.7570709621717443,1,0.8240263652822695,1,0.69,1,0.8,1,0.6251894194961135,1,1.0,1
109,Clc1cc(cc(F)c1)-c1cc(ccc1)C12N=C(OC1CCCC2)N,0,0,0.6027787196222218,1,0.23313302101783728,0,0.15,0,0.0,0,0.4632290899658906,0,1.0,1
110,FC1(F)COC(=NC1(C)c1cc(NC(=O)c2ncc(OCC(F)(F)F)nc2)ccc1F)N,1,1,0.9199636802952946,1,0.9915021973380234,1,0.98,1,1.0,1,0.7851696800498454,1,1.0,1
111,S1(=O)CC(Cc2cc(OC(COC)C(F)(F)F)c(N)c(F)c2)C(O)C([NH2+]Cc2cc(OC(C)C)ccc2)C1,1,1,0.6434592193796103,1,0.6978228154183163,1,0.88,1,1.0,1,0.7868640461647979,1,1.0,1
112,O1c2c(cc(cc2)C2CCCCC2)C2(N=C(N)N(C)C2=O)CC1(C)C,1,1,0.7066408604362473,1,0.6562843867018326,1,0.6166666666666667,1,0.4,0,0.64792636683171,1,1.0,1
113,s1ccnc1-c1cc(ccc1)CC(NC(=O)CC)C(O)C[NH2+]C1CC2(Oc3ncc(cc13)CC(C)(C)C)CCC2,1,1,0.995287430632517,1,0.9996850500682747,1,1.0,1,1.0,1,0.8469373750954923,1,1.0,1
114,o1cccc1C[N@H+](Cc1cc(ccc1)CCc1cccnc1N)C,0,0,0.06042771195691242,0,0.012251389086945098,0,0.29,0,0.0,0,0.45579617239727727,0,1.0,1
115,Fc1ncccc1-c1cc(ccc1)C1(N=C(N)N(C)C1=O)c1cc(C)c(OC)cc1,1,1,0.9673460574354674,1,0.992468768390096,1,0.985,1,1.0,1,0.8747501300378032,1,1.0,1
116,O(C)c1nc(cnc1)-c1ccc(cc1)C1CC1C=1N=C(N)N(C)C(=O)C=1,0,0,0.1720848131119398,0,0.02158818165857846,0,0.11,0,0.0,0,0.2819216169256703,0,1.0,1
117,O(C)c1cc(ccc1)-c1cc(ccc1)[C@@H]1C[C@@H]1C=1N=C(N)N(C)C(=O)C=1,0,0,0.032133187215692,0,0.0015596730216512894,0,0.01,0,0.0,0,0.19939395848735458,0,1.0,1
118,S1(=O)C[C@@H](Cc2cc(O[C@H](COC)C(F)(F)F)c(N)c(F)c2)[C@H](O)[C@@H]([NH2+]Cc2cc(ccc2)C(C)(C)C)C1,1,1,0.9643156463476161,1,0.9847363106786015,1,1.0,1,1.0,1,0.809779430733755,1,1.0,1
119,s1c(nnc1C([NH3+])(Cc1ccccc1)C)-c1cc(cc(N(S(=O)(=O)C)C)c1)C(=O)NC(C)c1ccc(F)cc1,0,0,0.8200985038212355,1,0.8968698968606414,1,0.36,0,0.4,0,0.5746694472405137,1,1.0,1
120,n1cc(ccc1)-c1cc(ccc1)C1(N=C(N2C1=NCCC2)N)c1ccncc1,1,1,0.8760327914609419,1,0.9418737762232984,1,0.86,1,1.0,1,0.7336017739825998,1,1.0,1
121,Clc1ccc(nc1)C(=O)Nc1cc(C2(N=C(N)COC2)C)c(F)cc1,1,1,0.8812745280150026,1,0.8999343242400293,1,0.9766666666666667,1,1.0,1,0.7601676690988172,1,1.0,1
122,Fc1cc(cc(F)c1)CC(NC(=O)C(N1CCC(NC(=O)C)(C(CC)C)C1=O)CCc1ccccc1)C(O)C1[NH2+]Cc2c(C1)cccc2OCCC,1,1,0.9889169004298083,1,0.9966110389376462,1,0.93,1,1.0,1,0.8015452656101438,1,1.0,1
123,Clc1scc(c1)C1(N=C(N)N(C)C1=O)c1cc(ccc1)-c1cncnc1,1,1,0.8864184823476582,1,0.9685068945898627,1,0.95,1,1.0,1,0.8402244985988492,1,1.0,1
124,Fc1cc(cc(F)c1)CC(NC(=O)c1cc(cc(c1)C(=O)N(CCC)CCC)CCO)C(O)C[NH2+]Cc1cc(OC)ccc1,1,1,0.9581806415772519,1,0.9740372989785522,1,0.745,1,0.8,1,0.8140325901358435,1,1.0,1
125,s1cc(cc1)C[C@H](NC(=O)c1cc(nc(NC[C@H]2C[C@@H]2C)c1)N(S(=O)(=O)C)C)[C@@H]([NH3+])CCCC,1,1,0.3030343385063632,0,0.44065593433362343,0,0.56,1,0.4,0,0.4947592308289607,0,1.0,1
126,n1cc(ccc1)-c1cc(ccc1)C1(N=C(C)C(=N1)N)c1ccccc1,0,0,0.3538539921240997,0,0.31187655062671465,0,0.51,1,0.8,1,0.5690211630195595,1,1.0,1
127,S1(=O)(=O)N(c2cc(cc3c2n(cc3CC)CC1)C(=O)NC(Cc1ccccc1)C(O)C[NH2+]C)C,1,1,0.8949972123336483,1,0.9884099651986528,1,0.98,1,1.0,1,0.7974772887127609,1,1.0,1
128,Fc1cc(cc(F)c1)CN1C(=O)C(N=C1N)(C1CCCCC1)c1ccccc1,0,0,0.39934790370957407,0,0.26725575898447773,0,0.5525,1,0.4,0,0.645692765208139,1,1.0,1
129,O1C2CCCCC2(N=C1N)c1cc(ccc1)-c1cc(ccc1)C#N,0,0,0.19050212604368583,0,0.036630173986467944,0,0.16,0,0.0,0,0.3814997296146573,0,1.0,1
130,Fc1c2c(ccc1)C(N=C2N)(c1cc(ccc1)-c1cncnc1)c1cc(ncc1)C(F)(F)F,1,1,0.901153071339047,1,0.9813200670075227,1,0.98,1,1.0,1,0.8484007710696182,1,1.0,1
131,O(C)c1ccc(cc1)C1(N=C(n2nc(cc12)C)N)c1cc(ccc1)-c1cncnc1,1,1,0.909112421633908,1,0.8010923325369201,1,0.8,1,1.0,1,0.7922226494194685,1,1.0,1
132,s1cc(cc1C(=O)CC)[C@]1(N=C(N)N(C)C1=O)c1cc(ccc1)-c1cccnc1F,0,0,0.9840362176050782,1,0.9970979757887571,1,0.9633333333333334,1,1.0,1,0.8636111137100684,1,1.0,1
133,Clc1ccc(nc1)C(=O)Nc1cc(ccc1)[C@]1([NH+]=C(N)CN(C)C1=O)C,1,1,0.6170236267113721,1,0.7604580537695937,1,0.39583333333333337,0,0.4,0,0.653728894519476,1,1.0,1
134,O1c2c(cc(cc2)-c2cccnc2)C2(N=C(N)N(C)C2=O)CC1(C)C,1,1,0.7977464564789979,1,0.9270215868060641,1,0.8,1,0.8,1,0.7244753572744795,1,1.0,1
135,S1(=O)(=O)CC(Cc2ccccc2)C(O)C([NH2+]Cc2cc(ccc2)C(C)(C)C)C1,0,0,0.2569660280231019,0,0.32128595431015017,0,0.76,1,0.8,1,0.736673910374315,1,1.0,1
136,S1(=O)(=O)N(c2cc(cc3c2n(cc3CC)CC1)C(=O)N[C@H]([C@H](O)C[NH2+]Cc1cc(ccc1)C(F)(F)F)Cc1ccccc1)C,1,1,0.9836459938934102,1,0.9993799675020034,1,0.98,1,1.0,1,0.8883521107367108,1,1.0,1
137,Clc1ccccc1-c1n(Cc2nc(N)ccc2)c(cc1)-c1ccc(Oc2nccnc2)cc1,1,1,0.8491042231200007,1,0.9397362170317853,1,0.9,1,1.0,1,0.5936560417911085,1,1.0,1
138,Fc1ccc(cc1OC)CC(NC(=O)C)C(O)C[NH2+]C1CC2(Oc3ncc(cc13)CC(C)(C)C)CCC2,1,1,0.994923334170393,1,0.999390539117712,1,1.0,1,1.0,1,0.8886422734472094,1,1.0,1
139,Clc1cc(cc(Cl)c1NC(=O)C)CNC(=[NH2+])NC(=O)Cn1c2cc(ccc2cc1)CN(S(=O)(=O)C)C,1,1,0.9004230242636322,1,0.9699196526291467,1,0.71,1,0.8,1,0.5161815217247018,1,1.0,1
140,FC1(F)CN2C(=NC1)C(N=C2N)(c1cc(ccc1)-c1cc(OC)cnc1)c1ccc(OC(F)F)cc1,1,1,0.8512971530519461,1,0.9889398755895255,1,0.89,1,0.8,1,0.8668957491018132,1,1.0,1
141,O(C)c1cc(ccc1)C[NH2+]C[C@@H](O)[C@@H](NC(=O)c1cc(N2CCCC2=O)c2c(n(cc2)CC)c1)CC=1CCC=CC=1,1,1,0.8104765187945394,1,0.969021568261411,1,0.7,1,0.8,1,0.7420409419240516,1,1.0,1
142,n1c(cccc1N)Cn1c(ccc1-c1ccccc1)-c1ccccc1,0,0,0.04221170661232218,0,0.0060287060706031076,0,0.15,0,0.0,0,0.33059248246256884,0,1.0,1
143,n1cccc(NCc2cc(ccc2)-c2cccnc2)c1N,0,0,0.4365687435875441,0,0.2393622248860281,0,0.21,0,0.0,0,0.5690211630195595,1,1.0,1
144,S(=O)(=O)(N(c1cc(cc(c1)C(=O)N[C@H]([C@@H](O)C[NH2+]Cc1cc(OC)ccc1)Cc1cc(F)cc(F)c1)C(=O)C)c1ccccc1)C,1,1,0.9233758513511182,1,0.9911116151182043,1,0.99,1,1.0,1,0.820696539636051,1,1.0,1
145,O(C(=O)C=1[C@H](C)C(C(=O)N[C@H]([C@H](O)C[NH2+]C2CC2)Cc2ccccc2)=C(N(CC(=O)N(C)C)C=1C)C)Cc1ccccc1,0,0,0.08129796109758192,0,0.019281860172118706,0,0.02,0,0.0,0,0.2104452331305997,0,1.0,1
146,FC(F)(F)c1cc(ccc1)-c1cc(ccc1)C1(N=C(N)N(C)C1=O)c1ccncc1,1,1,0.8931035043794593,1,0.9441903736511045,1,0.97,1,1.0,1,0.8540892318063242,1,1.0,1
147,s1cc(cc1C1([NH2+]CC(O)C(NC(=O)C)Cc2cc(F)cc(F)c2)CCCCC1)C(C)C,1,1,0.4185460895238351,0,0.28420883261325897,0,0.52,1,0.4,0,0.7622375606131514,1,1.0,1
148,O(C)c1ccc(cc1)[C@@]1([NH+]=C(N2C1=NCCC2)N)c1cc(ccc1)-c1cncnc1,1,1,0.8446727415279325,1,0.89883539307399,1,0.64,1,0.6,1,0.5778483165489495,1,1.0,1
149,O=C1N(C)C(=NC1(C1CCCCC1)C1CCCCC1)N,0,0,0.5599357311854595,0,0.3652951240495156,0,0.645,1,0.2,0,0.4421824766426486,0,1.0,1
150,Fc1cc(cc(F)c1)CC(NC(=O)C)C(O)C[NH2+]C1(CCCCC1)c1cc(ccc1)C(C)=C,1,1,0.8923166168760795,1,0.8341872132880188,1,0.8841666666666668,1,0.6,1,0.7622375606131514,1,1.0,1
151,O1CCCCOc2cc(CC(NC(=O)c3cc(N4CCCC4=O)cc1c3)C(O)C[NH2+]C1(CC1)c1cc(ccc1)C(C)C)ccc2,1,1,0.9933240373694794,1,0.9982007073643374,1,0.89,1,1.0,1,0.6781233535475615,1,1.0,1
152,Clc1ccc(nc1)C(=O)Nc1cc(C2(N=C(OCC2(F)F)N)C)c(F)cc1,1,1,0.8360851162446762,1,0.9631703767094953,1,0.98,1,1.0,1,0.7851696800498454,1,1.0,1
153,Clc1cc2nc(n(c2cc1)CCCC(=O)NCC[NH+]1CCOCC1)N,0,0,0.20764246793797,0,0.006273127993167958,0,0.07,0,0.0,0,0.22503264983297622,0,1.0,1
154,Clc1cc(cnc1)-c1cc(ccc1)C12N=C(OC1COCC2)N,0,0,0.1254820571452365,0,0.03649161987505392,0,0.04,0,0.0,0,0.47201968548991025,0,1.0,1
155,Clc1ccccc1-c1n(Cc2nc(N)ccc2)c(cc1)-c1ccc(Oc2ccccc2)cc1,1,1,0.652783677385841,1,0.698103953024303,1,0.7,1,0.8,1,0.48099998533708976,0,1.0,1
156,O1CC[NH+](CC1)CC(O)COc1cc(ccc1C)C,0,0,0.06608828089278564,0,0.009665908203538411,0,0.3,0,0.0,0,0.37934188905662486,0,1.0,1
157,S(=O)(=O)(N(C)c1cc(cc(c1)CNC(=O)C([NH3+])(Cc1ccccc1)C)C(=O)NC(C)c1ccc(F)cc1)C,0,0,0.2210599808395198,0,0.10020685158551708,0,0.305,0,0.4,0,0.5936002275412902,1,1.0,1
158,Fc1ncccc1-c1cc(ccc1)C1(N=C(OC1)N)c1ccc(OC(F)F)cc1,0,0,0.8340797876400654,1,0.9024389615170169,1,0.43,0,0.4,0,0.6186085579864283,1,1.0,1
159,S(=O)(=O)(N(c1ccccc1C#N)c1cc(ccc1)C(=O)NC(Cc1ccccc1)C(O)C[NH2+]C(C(=O)NC1CCCCC1)C)C,1,1,0.97289077353489,1,0.9830999068767535,1,0.93,1,1.0,1,0.7165579131332181,1,1.0,1
160,Brc1cc(ccc1O)CC1CS(=O)(=O)CC([NH2+]Cc2ccccc2)C1O,0,0,0.1378280293337662,0,0.03643338717926194,0,0.3,0,0.4,0,0.6781233535475615,1,1.0,1
161,Clc1ccc(nc1)C(=O)Nc1cc(ccc1)C1(N=C(N)CNC1=O)C,1,1,0.392459055565689,0,0.2583612119998459,0,0.4525,0,0.4,0,0.653728894519476,1,1.0,1
162,O(C)c1cc(ccc1)CN1CC(NC1=O)C(=O)NC(Cc1ccccc1)C(O)C[NH2+]Cc1cc(N(C)C)ccc1,1,1,0.8976050715230063,1,0.9238070391351707,1,0.72,1,0.6,1,0.724764534863496,1,1.0,1
163,Fc1c(cccc1OC)-c1cc(ccc1)C1(N=C(N2C1=NCCC2)N)c1ccncc1,1,1,0.8953897432530057,1,0.9736870749652403,1,0.8641666666666667,1,1.0,1,0.7586017571381231,1,1.0,1
164,Clc1cc2nc(n(c2cc1)CCCC(=O)N(C)C1CCCCC1)N,0,0,0.03367617478818126,0,0.0029613907279337015,0,0.04,0,0.0,0,0.22503264983297622,0,1.0,1
165,S(=O)(=O)(N(c1cc(ccc1)C(=O)NC(Cc1ccccc1)C(O)C[NH2+]C(C(=O)NC1CCCCC1)C)c1ccc(OC)cc1)C,1,1,0.8038634137659322,1,0.8869665883606276,1,0.97,1,1.0,1,0.6743395304837637,1,1.0,1
166,FC1(F)COC(=NC1(C)c1cc(NC(=O)c2ncc(cc2)C)ccc1F)N,1,1,0.6278177330856215,1,0.8682438033742015,1,0.96,1,1.0,1,0.7851696800498454,1,1.0,1
167,O=C1N(Cc2ccc(cc2)CNC(=O)NCCCC)C(N[C@@]1(CC(C)C)C)=N,0,0,0.08653850778903466,0,0.013948694422922476,0,0.08,0,0.0,0,0.490623047413583,0,1.0,1
168,Clc1cc2CC(N=C(NC(Cc3cscc3CCC3CC3)C(=O)[O-])c2cc1)(C)C,1,1,0.896249261480249,1,0.7651477205021578,1,0.59,1,0.6,1,0.5459483959086032,1,1.0,1
169,S1(=O)C[C@@H](Cc2cc(OC(C(F)(F)F)C(F)(F)F)c(N)c(F)c2)[C@H](O)[C@@H]([NH2+]Cc2cc(ccc2)C(C)(C)C)C1,1,1,0.9479394541708642,1,0.9777790846924586,1,0.98,1,1.0,1,0.809779430733755,1,1.0,1
170,S1(=O)(=O)N(c2cc(cc3n(cc(CC1)c23)CC)C(=O)NC([C@H](O)CNc1ccccc1)Cc1ccccc1)C,1,1,0.4255132976421035,0,0.658185390881513,1,0.73,1,1.0,1,0.69120833280713,1,1.0,1
171,S1(=O)(=O)N(CCCC1)c1cc(cc(NCC)c1)C(=O)NC(Cc1ccccc1)C(O)C[NH2+]C1CCc2c1cc(OC)cc2,1,1,0.9912874884764274,1,0.9991729901095867,1,0.92,1,1.0,1,0.7141170740191026,1,1.0,1
172,s1ccnc1-c1cc(ccc1)C[C@H](NC(=O)[C@H](OC)C)[C@H](O)C[NH2+][C@H]1CC2(Oc3ncc(cc13)CC(C)(C)C)CCC2,1,1,0.9811135762111871,1,0.9993768445499339,1,1.0,1,1.0,1,0.8549255377861574,1,1.0,1
173,Fc1cc(cc(F)c1)CC(NC(=O)C)C(O)C[NH2+]C1(CCCCC1)c1cc(ccc1)C1CCOC1,1,1,0.8015072717854123,1,0.8476447846350709,1,0.9233333333333333,1,0.8,1,0.7622375606131514,1,1.0,1
174,S(=O)(=O)(N(C)c1cc(cc(c1)C(=O)NC(Cc1ccccc1)C[NH2+]C(C(O)C)C(=O)NCC(C)C)C(=O)NC(C)c1ccccc1)C,1,1,0.732830705508367,1,0.7096056267962733,1,0.73,1,0.8,1,0.6333794109615186,1,1.0,1
175,S(=O)(=O)(N(C)c1cc(cc(c1)C(OCC([NH2+]C)(Cc1ccccc1)CO)=O)C(=O)NC(C)c1ccc(F)cc1)C,0,0,0.9580302660195438,1,0.9759209979220198,1,0.5225,1,0.2,0,0.7989805194246333,1,1.0,1
176,n1cccc(NCc2ccccc2)c1N,0,0,0.02444818039152893,0,0.002058959840300618,0,0.13,0,0.0,0,0.3566529048593109,0,1.0,1
177,O1CCC(CC1)C1(N=C(C)C(=N1)N)c1cc(ccc1)-c1cc(OC)ccc1,0,0,0.638303191489726,1,0.4337796558392742,0,0.4066666666666666,0,0.4,0,0.45579617239727727,0,1.0,1
178,S(=O)(=O)(N(c1cc(ccc1)C(=O)NC(Cc1ccccc1)C(O)C[NH2+]Cc1cc(ccc1)C(F)(F)F)c1cccnc1)C,1,1,0.9214423601771663,1,0.9722478695217542,1,0.9175,1,1.0,1,0.8810087102895012,1,1.0,1
179,O(C)c1ccc(cc1C)C1(N=C(N)N(C)C1=O)c1cc(ccc1)-c1cncnc1,1,1,0.9684047470730228,1,0.9845180183328767,1,0.9816666666666666,1,1.0,1,0.8595518445229678,1,1.0,1
180,Fc1cc(cc(F)c1)C[C@H](NC(=O)C)[C@H](O)C[NH2+]C1(CC1)c1cc(ccc1)C(C(F)(F)F)=C,0,0,0.6306404814245881,1,0.7718835523787981,1,0.9075,1,1.0,1,0.7622375606131514,1,1.0,1
181,FC(F)Oc1ccc(cc1)[C@@]1(N=C(N)N(C)C1=O)c1ccccc1,1,1,0.5235396391231728,0,0.594956252077831,1,0.52,1,0.6,1,0.5839936274925295,1,1.0,1
182,O=C1N(C)C(=NC(=C1)C1CC1c1ccc(cc1)-c1cc(NC(=O)C)ccc1)N,0,0,0.16981539645425014,0,0.021066146636258335,0,0.06,0,0.0,0,0.18724271446134336,0,1.0,1
183,O=C(NCCC(C)(C)C)C(Cc1cc2cc(ccc2nc1N)-c1ncccc1C)C,1,1,0.9167000592103735,1,0.9861013712743644,1,0.9733333333333334,1,1.0,1,0.7482267852579428,1,1.0,1
184,Fc1cc(cc(F)c1)CC(NC(=O)C)C(O)C[NH2+]C1(CC1)c1cc(N2C3CC(CC3)C2)ccc1,0,0,0.8419686932475541,1,0.9196968573559122,1,0.6616666666666666,1,0.8,1,0.7767638642816405,1,1.0,1
185,Brc1cc(ccc1)C12N=C(OC1CCCC2)N,0,0,0.04617042463908829,0,0.0012594127324225628,0,0.08,0,0.0,0,0.3618889134576106,0,1.0,1
186,Fc1cc(cc(F)c1)CC(NC(=O)c1cc(cc(c1)C)C(=O)N(CCC)CCC)C(O)C1[NH2+]CC[NH2+]C1,1,1,0.8219417638866918,1,0.8656705753717109,1,0.78,1,1.0,1,0.6581088293760026,1,1.0,1
187,S(=O)(=O)(N(C)c1cc(cc(c1)C(=O)N[C@H]([C@@H](O)C[NH2+]Cc1cc(OC)ccc1)Cc1cc(F)cc(F)c1)C(O)C)C,1,1,0.9067397296694338,1,0.9530155076184517,1,0.98,1,1.0,1,0.8057724408546474,1,1.0,1
188,S1(=O)(=O)N(c2c(CCC1)c(NCC)cc(c2)C(=O)NC(Cc1ccccc1)C(O)C[NH2+]C1CC1)C,1,1,0.8798624124205069,1,0.987796268518383,1,0.98,1,1.0,1,0.7974772887127609,1,1.0,1
189,S(=O)(=O)(Nc1cc(ccc1)C(=O)NC(Cc1ccccc1)C(O)C[NH2+]C(C(=O)NC1CCCCC1)C)Cc1ccccc1,0,0,0.45217421290150084,0,0.24102367956876455,0,0.3,0,0.2,0,0.6781233535475615,1,1.0,1
190,O1C[C@]2(N=C1N)c1cc(ccc1Oc1c2cc(OCC(C)C)cc1)-c1cncnc1,1,1,0.9285272322932676,1,0.733710305838503,1,0.5719047619047619,1,0.4,0,0.5690211630195595,1,1.0,1
191,S1(=O)(=O)CC(Cc2cc(OCCC)c(N)c(F)c2)C(O)C([NH2+]Cc2cc(ccc2)C(C)(C)C)C1,1,1,0.9774901643867396,1,0.9926971899911111,1,0.99,1,1.0,1,0.8179076800192707,1,1.0,1
192,Fc1cc(cc(F)c1)CC(NC(=O)C(N1CCC(C(C)C)C1=O)CCc1ccccc1)C(O)C[NH2+]Cc1cc(OC)ccc1,1,1,0.9593350902037836,1,0.9951177486296281,1,0.99,1,1.0,1,0.8857745409028186,1,1.0,1
193,S(=O)(=O)(Nc1cc(ccc1)C(=O)NC(Cc1ccccc1)C(O)C[NH2+]C(C(=O)NC1CCCCC1)C)c1ccccc1,0,0,0.5242229089714529,0,0.23184202109919994,0,0.27,0,0.2,0,0.6781233535475615,1,1.0,1
194,Fc1ccncc1-c1cc(ccc1)C1(N=C(OC1)N)c1ccc(OC)cc1,0,0,0.1528281003838575,0,0.059224215656299296,0,0.26,0,0.2,0,0.6583234315636499,1,1.0,1
195,Fc1ccc(cc1OCC\C=C(\F)/F)[C@]1(N=C(N)N(C)C1=O)c1ccc(OC(F)F)cc1,1,1,0.9999903167745711,1,0.9995434829041344,1,0.99,1,1.0,1,0.8552346059529329,1,1.0,1
196,Clc1cc(cnc1)-c1cc(ccc1)C1(N=C(C)C(=N1)N)C1CC1,1,1,0.5108327348131309,0,0.6162498289955133,1,0.385,0,0.4,0,0.5690211630195595,1,1.0,1
197,Clc1cc(cc(Cl)c1NC(=O)C)C\N=C(\NC(=O)Cn1c2c(cccc2)cc1)/N,0,0,0.6050717554184102,1,0.5417224679467775,1,0.36,0,0.4,0,0.5161815217247018,1,1.0,1
198,S(=O)(=O)(N(C)c1cc(cc(c1)C(=O)NC(C(O)CC(OC)COC(C)C)COc1cc(F)cc(F)c1)C(=O)NC(C)c1ccccc1)C,1,1,0.17744481735606352,0,0.05948242748379858,0,0.1,0,0.2,0,0.5150481482680113,1,1.0,1
199,s1ccnc1-c1cc(ccc1)CC(NC(=O)C1OCCC1)C(O)C[NH2+]C1CC2(Oc3ncc(cc13)CC(C)(C)C)CCC2,1,1,0.9999991841761561,1,0.9999665881361034,1,1.0,1,1.0,1,0.8398512280075932,1,1.0,1
200,O1CC(N=C1N)(c1cc(ccc1)-c1cncnc1)c1ccc(OC)cc1,0,0,0.3016439628368776,0,0.08467443029079785,0,0.21471428571428572,0,0.0,0,0.5587292415126147,1,1.0,1
201,S(=O)(=O)(N(c1cc(ccc1)C(=O)NC(Cc1ccccc1)C(O)C[NH2+]C(C(=O)NC1CCCCC1)C)c1cc(ccc1)C#N)C,1,1,0.7132418932684899,1,0.9376301011986237,1,0.91,1,1.0,1,0.7165579131332181,1,1.0,1
202,S(=O)(=O)(N(C)c1cc2cc(NCCCCOc3cc(CC(NC2=O)C(O)C[NH2+]Cc2cc(ccc2)C(C)C)ccc3)c1)CCC,1,1,0.9877900437236815,1,0.9977059540787723,1,0.99,1,1.0,1,0.7190911459593087,1,1.0,1
203,Fc1ccc(OC)cc1-c1cc2c(OC(CC23N=C(N)N(C)C3=O)(C)C)cc1,1,1,0.9239066832611442,1,0.9669254803597169,1,0.8,1,0.8,1,0.7173712557121377,1,1.0,1
204,S(Oc1cc(ccc1)C(=O)NC(Cc1ccccc1)C(O)C[NH2+]C(C(=O)NC1CCCCC1)C)(=O)(=O)Cc1ccccc1,0,0,0.787807146162649,1,0.6233522708552721,1,0.5,0,0.4,0,0.6781233535475615,1,1.0,1
205,S1(=O)(=O)N(c2cc(cc3c2n(cc3CC)CC1)C(=O)N[C@H]([C@H](O)C[NH2+]Cc1cc(OC)ccc1)Cc1ccccc1)C,1,1,0.9790932196813591,1,0.9988748500211393,1,1.0,1,1.0,1,0.8193189785824532,1,1.0,1
206,S1(=O)(=O)N(c2cc(cc3c2n(cc3CC)CC1)C(=O)NC(Cc1ccccc1)C(O)C[NH2+]C1CC1)C,1,1,0.9615730890114269,1,0.9980782683173006,1,1.0,1,1.0,1,0.7974772887127609,1,1.0,1
207,s1cc(cc1)[C@@]1(N=C(N)N(C)C1=O)c1cc(ccc1)-c1cccnc1,1,1,0.9399476487605282,1,0.9787588314047999,1,0.99,1,1.0,1,0.8402244985988492,1,1.0,1
208,O=C1N(CC2CCC(CC2)C(=O)[O-])C(=NC1(C1CCCCC1)c1ccccc1)N,1,1,0.4315023954465717,0,0.5698537340384066,1,0.55,1,0.4,0,0.4421824766426486,0,1.0,1
209,S1C[C@H](NC(OC(C)(C)C)=O)C(=O)N[C@@H](C)C(=O)N[C@@H](CSC\C=C\C1)[C@@H](O)C[C@H](C(=O)N[C@@H](C(C)C)C(=O)NCCCC)C,1,1,0.7147733246348632,1,0.7362124108849802,1,0.74,1,0.8,1,0.6300222580149227,1,1.0,1
210,O1c2cc(ccc2OC1)C1(N=C(N)N(C)C1=O)c1cc(ccc1)-c1cccnc1,1,1,0.961788215695914,1,0.9956003054811305,1,0.99,1,1.0,1,0.8757420261190775,1,1.0,1
211,S(=O)(=O)(CCCCC)c1cc(ccc1)C(=O)N[C@H]([C@H](O)C[NH2+][C@H](C(=O)NC1CCCCC1)C)Cc1ccccc1,0,0,0.7960310391387861,1,0.39983445455969174,0,0.35,0,0.2,0,0.6897217687719925,1,1.0,1
212,O=C1N(CC(=NC1(C)c1cc(NC(=O)c2ncc(cc2)C#N)ccc1)N)C,1,1,0.40077106098418214,0,0.3303972429255416,0,0.2733333333333333,0,0.2,0,0.6724877249976136,1,1.0,1
213,S1(=O)(=O)N(c2cc(cc3n(cc(CC1)c23)CC)C(=O)NC([C@H](O)C[NH2+]CCF)Cc1ccccc1)C,1,1,0.922848669358023,1,0.9829616918406797,1,1.0,1,1.0,1,0.8569795886473863,1,1.0,1
214,FC(F)Oc1ccc(cc1)[C@@]1(N=C(N)N(C)C1=O)c1cc(ccc1)C#C,1,1,0.6034082881158613,1,0.9122597651323593,1,0.98,1,1.0,1,0.8653259644700153,1,1.0,1
215,s1cc(cc1C12N=C(N)N(C)C(=O)C1CN(C2)c1nc(OC)ccc1)-c1cc(ccc1)C#N,1,1,0.8994939596585755,1,0.950243965816857,1,0.87,1,1.0,1,0.5574097817194585,1,1.0,1
216,S(=O)(=O)(N(C)c1cc(cc(c1)COCC([NH3+])Cc1ccccc1)C(=O)NC(C)c1ccc(F)cc1)C,0,0,0.5821569946341811,1,0.4862411503896171,0,0.47,0,0.6,1,0.5936002275412902,1,1.0,1
217,Clc1ccc(nc1)C(=O)Nc1cc(C2(N=C(OCCC2)N)C)c(F)cc1,1,1,0.9238071684442708,1,0.9481743913564902,1,0.9566666666666667,1,1.0,1,0.7601676690988172,1,1.0,1
218,Brc1ccccc1C1C[NH2+]CC1C(=O)N1CCC(CC1c1ccccc1)c1ccccc1,1,1,0.7000346261615467,1,0.08674558342284548,0,0.2,0,0.2,0,0.37117417749984505,0,1.0,1
219,S(=O)(=O)(N(C)c1cc2cc(c1)CCCC(OCCOC)c1cc(COCC(NC2=O)C(O)CC(C(C)C)C(=O)NCC(C)C)ccc1)C,0,0,0.5365225373761705,0,0.43642824378039036,0,0.17,0,0.0,0,0.46636825330784376,0,1.0,1
220,Fc1c(cccc1-c1cncnc1)C1(N=C(N)N(C)C1=O)c1ccc(OC(F)(F)F)cc1,0,0,0.8694702696791564,1,0.943717942146454,1,0.6368333333333333,1,0.6,1,0.639177382889419,1,1.0,1
221,O=C1N(CC[C@]12[N@H+](CCC2)CCC)[C@H](C(=O)N[C@H]([C@H](O)C[NH2+]Cc1cc(ccc1)C(C)C)Cc1ccccc1)C,1,1,0.7477450419252227,1,0.9098150524004422,1,0.86,1,0.8,1,0.8320464519106648,1,1.0,1
222,O(C)c1ccc([N+](=O)[O-])cc1CC(c1ccc(OC)cc1)c1nc([nH]c1)N,0,0,0.36226268331094014,0,0.09308685054409616,0,0.24,0,0.0,0,0.4226668654788984,0,1.0,1
223,O1CCCCNc2cc(cc(c2)C(=O)N[C@@H](Cc2cc1ccc2)[C@H](O)C[NH2+]C1(CC1)c1cc(ccc1)C(C)C)COC,1,1,0.9884918105154668,1,0.9961277884943736,1,0.98,1,1.0,1,0.6781233535475615,1,1.0,1
224,O(C(=O)C=1[C@@H](C)C(C(=O)N[C@H]([C@H](O)C[NH2+]C2CC2)Cc2ccccc2)=C(N(CCCOC(=O)C)C=1C)C)Cc1ccccc1,0,0,0.2613918431412574,0,0.018413649265514382,0,0.03,0,0.0,0,0.2104452331305997,0,1.0,1
225,S(=O)(=O)(N1C[C@@H]([NH2+]CC1)[C@@H](O)[C@@H](NC(=O)c1cc(cc(c1)C)C(=O)N(CCC)CCC)Cc1cc(F)cc(F)c1)c1ccccc1,1,1,0.47632116456541607,0,0.5877463208868762,1,0.69,1,0.8,1,0.7010668168645491,1,1.0,1
226,S1(=O)(=O)N(c2cc(cc3c2n(cc3CC)CC1)C(=O)NC(Cc1ccccc1)C(O)C[NH2+]CC)C,1,1,0.9430895816323234,1,0.9920372606601692,1,1.0,1,1.0,1,0.7974772887127609,1,1.0,1
