,Unnamed: 0.1,Unnamed: 0,smiles,FDA_APPROVED,CT_TOX,target_actual,fp,cluster,Random_Forest_prediction,SVM_prediction,Dummy_Most_Frequent_prediction,Logistic_Regression_prediction,Gradient_Boosted_Tree_prediction,KNN_prediction
0,187,187,c1cc(ccc1C2C[NH2+]CCc3c2cc(c(c3Cl)O)O)O,1,0,0,[0 0 0 ... 0 0 0],0,0.02333333333333333,0.00877238392511954,0.0,0.0005466513981361827,0.06430634426841915,0.0
1,509,509,C[C@H](Cc1ccccc1)[NH+](C)CC#C,1,0,0,[0 1 0 ... 0 0 0],1,0.01,0.033072985795226356,0.0,0.0016620808974984387,0.04216847620578004,0.0
2,782,782,CC(Cc1ccccc1)[NH+](C)Cc2ccccc2,1,0,0,[0 1 0 ... 0 0 0],1,0.01,0.02697891282103942,0.0,0.0007844240358503169,0.04216847620578004,0.0
3,249,249,c1ccc(cc1)[C@H](c2ccc(cc2)Cl)N3CC[NH+](CC3)CCOCC(=O)[O-],1,0,0,[0 1 0 ... 0 0 0],2,0.055,0.05489150190979703,0.0,0.012069408105192357,0.038032924110453524,0.0
4,250,250,c1ccc(cc1)[C@H]2c3ccccc3CCN2C(=O)O[C@H]4C[NH+]5CCC4CC5,1,0,0,[0 0 0 ... 0 0 0],2,0.08,0.035867350802576664,0.0,0.006977287655792713,0.05501687432389714,0.0
5,252,252,c1ccc(cc1)C(c2ccc(cc2)Cl)N3CC[NH+](CC3)CCOCC(=O)[O-],1,0,0,[0 1 0 ... 0 0 0],2,0.055,0.05489150190979703,0.0,0.012069408105192357,0.038032924110453524,0.0
6,253,253,c1ccc(cc1)C(c2ccc(cc2)Cl)N3CC[NH+](CC3)CCOCCO,1,0,0,[0 1 0 ... 0 0 0],2,0.04,0.06206749425845111,0.0,0.02065551234924594,0.07929733576592904,0.0
7,254,254,c1ccc(cc1)C(c2ccccc2)([C@@H]3CC[NH+](C3)CCc4ccc5c(c4)CCO5)C(=O)N,1,0,0,[0 0 0 ... 0 0 0],2,0.04,0.05678958278154832,0.0,0.006213592483146853,0.035054182708366445,0.0
8,255,255,c1ccc(cc1)C(c2ccccc2)(C(=O)OC3CC4CCC(C3)[N+]45CCCC5)O,1,0,0,[0 0 0 ... 0 0 0],2,0.03,0.09496949789859883,0.0,0.038079790247991116,0.04723022610929401,0.0
9,259,259,c1ccc(cc1)C(CC[NH+]2CCCC2)(C3CCCCC3)O,1,0,0,[0 0 1 ... 0 0 0],2,0.02,0.055201572762548876,0.0,0.0031992539318273024,0.035054182708366445,0.2
10,260,260,c1ccc(cc1)C(CC[NH+]2CCCCC2)(C3CC4CC3C=C4)O,1,0,0,[0 0 1 ... 0 0 0],2,0.035,0.045162824606084374,0.0,0.002680551151178005,0.035054182708366445,0.2
11,261,261,c1ccc(cc1)C(CC[NH+]2CCCCC2)(C3CCCC3)O,1,0,0,[0 0 1 ... 0 0 0],2,0.02,0.055201572762548876,0.0,0.0031992539318273024,0.035054182708366445,0.2
12,262,262,c1ccc(cc1)C(CC[NH+]2CCCCC2)(C3CCCCC3)O,1,0,0,[0 0 1 ... 0 0 0],2,0.02,0.055201572762548876,0.0,0.0031992539318273024,0.035054182708366445,0.2
13,263,263,c1ccc(cc1)C(CCC[NH+]2CCCCC2)(c3ccccc3)O,1,0,0,[0 0 1 ... 0 0 0],2,0.01,0.06117565529328474,0.0,0.0020471546571460605,0.035054182708366445,0.2
14,273,273,c1ccc(cc1)C2(CC[NH+](CC2)CCC(C#N)(c3ccccc3)c4ccccc4)C(=O)[O-],1,0,0,[0 0 0 ... 0 0 0],2,0.03,0.04276896339306591,0.0,0.008295051849960829,0.02259741676963962,0.0
15,295,295,c1ccc(cc1)CN(CC2=[NH+]CCN2)c3ccccc3,1,0,0,[0 0 0 ... 0 0 0],2,0.02,0.06386068420020949,0.0,0.007895017456009472,0.04723022610929401,0.0
16,296,296,c1ccc(cc1)CN2C3C[S+]4CCCC4C3N(C2=O)Cc5ccccc5,1,0,0,[1 0 0 ... 0 1 0],2,0.06,0.069040085240056,0.0,0.05656824540434667,0.050009439155012415,0.2
17,309,309,c1ccc2c(c1)[nH]c(=O)n2C3CC[NH+](CC3)CCCC(c4ccc(cc4)F)c5ccc(cc5)F,1,0,0,[0 1 0 ... 0 1 0],2,0.02,0.07592869617360241,0.0,0.005196366230536182,0.05129425562234649,0.0
18,310,310,c1ccc2c(c1)[nH]c(=O)n2C3=CC[NH+](CC3)CCCC(=O)c4ccc(cc4)F,1,0,0,[0 0 0 ... 0 0 0],2,0.13083333333333333,0.049991178095476325,0.0,0.0034958230011509044,0.08764514195874004,0.0
19,315,315,c1ccc2c(c1)c(c[nH]2)C(=O)OC3C[C@H]4CC5CC(C3)[NH+]4CC5=O,1,0,0,[0 0 0 ... 0 0 0],2,0.09,0.03423712195846966,0.0,0.010768670070064525,0.042086627945756176,0.0
20,318,318,c1ccc2c(c1)c(ns2)N3CC[NH+](CC3)C[C@@H]4CCCC[C@H]4CN5C(=O)[C@H]6[C@@H]7CC[C@@H](C7)[C@H]6C5=O,1,0,0,[0 0 0 ... 0 0 1],2,0.13,0.20736623642693156,0.0,0.11879418996577622,0.11176317245444171,0.2
21,319,319,c1ccc2c(c1)c(ns2)N3CC[NH+](CC3)CCc4cc5c(cc4Cl)NC(=O)C5,1,0,0,[0 0 0 ... 0 0 0],2,0.19,0.1901665350389618,0.0,0.14906969820063248,0.13853584390685905,0.2
22,331,331,c1ccc2c(c1)CCCC2C3=[NH+]CCN3,1,0,0,[0 0 0 ... 0 0 0],2,0.03,0.020299489038221877,0.0,0.0025136537846562053,0.06087280403703668,0.2
23,340,340,c1ccn2c(c1)nn(c2=O)CCC[NH+]3CCN(CC3)c4cccc(c4)Cl,1,0,0,[0 0 0 ... 0 0 0],2,0.19899999999999998,0.12746163051480683,0.0,0.04583293958655202,0.3266112448535872,0.2
24,342,342,c1ccnc(c1)[C@H](c2ccc(cc2)Cl)OC3CC[NH+](CC3)CCCC(=O)[O-],1,0,0,[0 1 0 ... 0 0 0],2,0.03,0.012435890277603499,0.0,0.00010136978521846082,0.02138533949892813,0.0
25,384,384,C[C@@](c1ccccc1)(c2ccc(cc2)Cl)OCC[C@H]3CCC[NH+]3C,1,0,0,[0 0 0 ... 0 0 0],2,0.02,0.04411047111950497,0.0,0.004310085330063886,0.035054182708366445,0.0
26,552,552,C[N+]1([C@@H]2CC(C[C@H]1[C@H]3[C@@H]2O3)OC(=O)C(c4cccs4)(c5cccs5)O)C,1,0,0,[0 0 0 ... 0 0 0],2,0.043,0.17843017311204754,0.0,0.05575836609110895,0.04723022610929401,0.0
27,553,553,C[N+]1(C2CCC1CC(C2)OC(=O)C(c3ccccc3)O)C,1,0,0,[0 1 0 ... 0 0 0],2,0.05,0.09837347117775674,0.0,0.044738678350460546,0.04723022610929401,0.0
28,556,556,C[N+]1(CCC(C1)OC(=O)C(c2ccccc2)(C3CCCC3)O)C,1,0,0,[0 0 0 ... 0 0 0],2,0.03,0.05191371156076527,0.0,0.013341391887306061,0.04723022610929401,0.0
29,561,561,C[N+]1(CCCC(C1)OC(=O)C(c2ccccc2)(c3ccccc3)O)C,1,0,0,[0 0 0 ... 0 0 0],2,0.01,0.10405249066867553,0.0,0.04798615212776661,0.04723022610929401,0.0
30,564,564,C[N+]1(CCN(CC1)CC(c2ccccc2)(C3CCCCC3)O)C,1,0,0,[0 0 1 ... 0 0 0],2,0.05,0.07510310068516193,0.0,0.050801613000489645,0.12178803297557067,0.0
31,565,565,C[N+]12CCC(CC1)C(C2)OC(=O)C(c3ccccc3)(c4ccccc4)O,1,0,0,[0 0 0 ... 0 0 0],2,0.04,0.08070528224305624,0.0,0.02315644764301675,0.06087280403703668,0.0
32,597,597,C[NH+](C)CCOC(=O)C(c1ccccc1)C2(CCCC2)O,1,0,0,[0 1 0 ... 0 0 0],2,0.07,0.09249787287826018,0.0,0.08277238917443695,0.13557147655842405,0.0
33,604,604,C[NH+]1[C@@H]2C[C@H](C[C@H]1[C@H]3[C@@H]2O3)OC(=O)[C@H](CO)c4ccccc4,1,0,0,[0 1 0 ... 0 0 0],2,0.006666666666666666,0.023688496078637156,0.0,0.0015489897897643927,0.03799375966338412,0.0
34,605,605,C[NH+]1[C@@H]2CC[C@@H]1CC(C2)OC(c3ccccc3)c4ccccc4,1,0,0,[0 1 0 ... 0 0 0],2,0.02,0.042926066524305403,0.0,0.0024255949364201373,0.04723022610929401,0.2
35,606,606,C[NH+]1[C@@H]2CC[C@H]1C[C@H](C2)OC(=O)C(CO)c3ccccc3,1,0,0,[0 1 0 ... 0 0 0],2,0.02,0.027728239354271007,0.0,0.0026505041422770184,0.04723022610929401,0.0
36,607,607,C[NH+]1C2CC(CC1C3C2O3)OC(=O)C(CO)c4ccccc4,1,0,0,[0 1 0 ... 0 0 0],2,0.006666666666666666,0.023688496078637156,0.0,0.0015489897897643927,0.03799375966338412,0.0
37,624,624,C[NH+]1CCC(CC1)OC(c2ccccc2)c3ccccc3,1,0,0,[0 1 0 ... 0 0 0],2,0.01,0.06132253392578146,0.0,0.00214477416945343,0.035054182708366445,0.2
38,627,627,C[NH+]1CCC[C@@H]1Cc2c[nH]c3c2cc(cc3)CCS(=O)(=O)c4ccccc4,1,0,0,[0 0 0 ... 0 0 0],2,0.015,0.01092108335297524,0.0,0.00037122515207234846,0.04534707327476209,0.0
39,630,630,C[NH+]1CCCC(CC1)n2c(=O)c3ccccc3c(n2)Cc4ccc(cc4)Cl,1,0,0,[0 0 0 ... 0 0 0],2,0.08833333333333332,0.15237768580851532,0.0,0.049958781657798455,0.2681874786810051,0.2
40,633,633,C[NH+]1CCN(CC1)C(c2ccccc2)c3ccccc3,1,0,0,[0 1 0 ... 0 0 0],2,0.04,0.12996636406003492,0.0,0.043354220564604494,0.07074164742978398,0.2
41,655,655,CC#CCn1c2c(nc1N3CCC[C@H](C3)[NH3+])n(c(=O)n(c2=O)Cc4nc(c5ccccc5n4)C)C,1,0,0,[1 0 0 ... 0 0 0],2,0.16,0.09304079883258198,0.0,0.05398803080895816,0.12457120323144288,0.0
42,686,686,CC(C)(C)c1ccc(cc1)C[NH+]2CCN(CC2)C(c3ccccc3)c4ccc(cc4)Cl,1,0,0,[0 1 0 ... 0 0 0],2,0.06,0.2020493506261258,0.0,0.10465520081196993,0.07074164742978398,0.0
43,691,691,CC(C)(c1ccc(cc1)C(CCC[NH+]2CCC(CC2)C(c3ccccc3)(c4ccccc4)O)O)C(=O)[O-],1,0,0,[0 1 0 ... 0 0 0],2,0.04,0.01625288262421361,0.0,0.0002664974743980697,0.02838862356697587,0.0
44,708,708,CC(C)[N+]1([C@@H]2CC[C@@H]1CC(C2)OC(=O)C(CO)c3ccccc3)C,1,0,0,[1 1 0 ... 0 0 0],2,0.03,0.053545330296322746,0.0,0.006863479152178148,0.04723022610929401,0.0
45,756,756,CC(C)COCC(CN(Cc1ccccc1)c2ccccc2)[NH+]3CCCC3,1,0,0,[0 1 0 ... 0 0 0],2,0.02,0.04999572594993861,0.0,0.0014189183771482186,0.035054182708366445,0.0
46,938,938,Cc1c(cccc1O)C(=O)N[C@@H](CSc2ccccc2)[C@@H](C[NH+]3C[C@H]4CCCC[C@H]4C[C@H]3C(=O)NC(C)(C)C)O,1,0,0,[0 1 0 ... 0 0 0],2,0.11083333333333334,0.03904602471049448,0.0,0.004322187039016663,0.08383677577264667,0.0
47,949,949,Cc1c(=O)c2cccc(c2oc1c3ccccc3)C(=O)OCC[NH+]4CCCCC4,1,0,0,[0 0 1 ... 0 0 0],2,0.08,0.03955986008999906,0.0,0.02025590715326599,0.0700558626481415,0.2
48,950,950,CC1C(OCC[NH2+]1)c2ccccc2,1,0,0,[0 0 0 ... 0 0 0],2,0.02,0.02922230509631534,0.0,0.003618297815552834,0.04723022610929401,0.2
49,994,994,Cc1ccc(cc1)/C(=C\C[NH+]2CCCC2)/c3ccccn3,1,0,0,[0 0 0 ... 0 0 0],2,0.04333333333333333,0.03517017270817619,0.0,0.003209455040953517,0.05725689921179788,0.2
50,1006,1006,Cc1cccc(c1)C[NH+]2CCN(CC2)C(c3ccccc3)c4ccc(cc4)Cl,1,0,0,[0 1 0 ... 0 0 0],2,0.02,0.0986583495452593,0.0,0.013508950233467338,0.07074164742978398,0.0
51,1019,1019,Cc1ccccc1N2CC[NH+](CC2)CCc3nnc4n3CCCC4,1,0,0,[0 0 0 ... 0 0 0],2,0.03,0.051716918304347784,0.0,0.0025118081894704805,0.070884118737547,0.2
52,1026,1026,Cc1ccsc1C(=CCC[NH+]2CCC[C@H](C2)C(=O)[O-])c3c(ccs3)C,1,0,0,[0 0 0 ... 0 0 0],2,0.03,0.011102077660355605,0.0,0.00020433297326815313,0.016402670891555723,0.0
53,1075,1075,CC[N+](C)(CC)CCOC(=O)C(c1ccccc1)(C2CCCCC2)O,1,0,0,[0 0 1 ... 0 0 0],2,0.0225,0.02235624469413225,0.0,0.004552787272227418,0.04723022610929401,0.0
54,1077,1077,CC[N+](CC)(CC)CCC(c1ccccc1)(C2CCCCC2)O,1,0,0,[0 0 1 ... 0 0 0],2,0.0025,0.07025446911285795,0.0,0.006956356667512921,0.05371735891454455,0.0
55,1082,1082,CC[NH+](CC)CC#CCOC(=O)C(c1ccccc1)(C2CCCCC2)O,1,0,0,[0 0 1 ... 0 0 0],2,0.05,0.027450937014083344,0.0,0.0024788427326374535,0.04216847620578004,0.0
56,1121,1121,CCC(=O)N(c1ccccc1)C2(CC[NH+](CC2)CCC(=O)OC)C(=O)OC,1,0,0,[0 0 0 ... 0 0 0],2,0.0525,0.043881048413975096,0.0,0.004128248660742962,0.06638295707252564,0.0
57,1122,1122,CCC(=O)N(c1ccccc1)C2(CC[NH+](CC2)CCc3cccs3)COC,1,0,0,[0 0 0 ... 0 0 0],2,0.06,0.02913866200051284,0.0,0.0012724539604283987,0.04794959493631261,0.0
58,1123,1123,CCC(=O)N(c1ccccc1)C2(CC[NH+](CC2)CCn3c(=O)n(nn3)CC)COC,1,0,0,[0 0 0 ... 0 0 0],2,0.055,0.020109947053462827,0.0,0.000749984537883905,0.04598406541598556,0.0
59,1124,1124,CCC(=O)N(c1ccccc1)C2CC[NH+](CC2)CCc3ccccc3,1,0,0,[0 0 0 ... 0 0 0],2,0.025,0.021473766742452584,0.0,0.0003909150747086117,0.048447281821077166,0.0
60,1142,1142,CCC1(C(=O)NC(=O)CS1)c2ccccc2,1,0,0,[0 0 0 ... 0 0 0],2,0.01,0.045065239707986406,0.0,0.009287858008979442,0.06430634426841915,0.0
61,1164,1164,CCc1nn(c(=O)n1CCOc2ccccc2)CCC[NH+]3CCN(CC3)c4cccc(c4)Cl,1,0,0,[0 0 0 ... 0 0 0],2,0.174,0.22044887391868054,0.0,0.13979955398125526,0.27340827896830994,0.0
62,1268,1268,CCCCOc1ccc(cc1)C(=O)CC[NH+]2CCCCC2,1,0,0,[0 0 1 ... 0 0 0],2,0.02,0.013469223505713114,0.0,0.0009382700772233807,0.035054182708366445,0.0
63,1269,1269,CCCCOc1ccc(cc1)OCCC[NH+]2CCOCC2,1,0,0,[0 0 0 ... 0 0 0],2,0.02,0.017155086130414547,0.0,0.0005073150557303299,0.035054182708366445,0.2
64,1285,1285,CCN(CC)C(=O)[C@@]1(C[C@@H]1C[NH3+])c2ccccc2,1,0,0,[0 0 0 ... 0 0 0],2,0.1075,0.1255874973294231,0.0,0.07712640614025061,0.06592824756070455,0.0
65,1295,1295,CCN1C(=O)C(NC1=O)c2ccccc2,1,0,0,[0 0 0 ... 0 0 0],2,0.005,0.030290018210058188,0.0,0.006549558561459189,0.050009439155012415,0.0
66,1297,1297,CCN1CC(C(C1=O)(c2ccccc2)c3ccccc3)CC[NH+]4CCOCC4,1,0,0,[0 1 0 ... 0 0 0],2,0.09,0.016205268813617845,0.0,0.001093886067334546,0.05076888287995817,0.0
67,1322,1322,CCOC(=O)C1(CC[NH+](CC1)C)c2ccccc2,1,0,0,[0 0 0 ... 0 0 0],2,0.045,0.038052547237619465,0.0,0.00484724206234941,0.04794959493631261,0.2
68,1323,1323,CCOC(=O)C1(CC[NH+](CC1)CCC(C#N)(c2ccccc2)c3ccccc3)c4ccccc4,1,0,0,[0 0 0 ... 0 0 0],2,0.065,0.03547584187817067,0.0,0.004546367626646004,0.04794959493631261,0.2
69,1324,1324,CCOC(=O)C1(CC[NH+](CC1)CCc2ccc(cc2)N)c3ccccc3,1,0,0,[0 0 0 ... 0 0 0],2,0.065,0.03233079749649467,0.0,0.0019895145593748437,0.05180319810243906,0.0
70,1344,1344,CCOCCn1c2ccccc2nc1N3CCC[NH+](CC3)C,1,0,0,[0 0 0 ... 0 0 0],2,0.1,0.07190650507360404,0.0,0.009999754890185756,0.10257378765186449,0.2
71,1359,1359,CN(C)C(=O)C(CC[NH+]1CCC(CC1)(c2ccc(cc2)Cl)O)(c3ccccc3)c4ccccc4,1,0,0,[0 0 0 ... 0 1 0],2,0.07,0.12279069853353392,0.0,0.04572946521828046,0.04794959493631261,0.0
72,1403,1403,CN1CCC[NH+]=C1COC(=O)C(c2ccccc2)(C3CCCCC3)O,1,0,0,[0 0 1 ... 0 1 0],2,0.05,0.05729341779172733,0.0,0.02204245496546136,0.10636215529982056,0.0
73,1426,1426,COC(=O)[C@H](c1ccccc1)[C@H]2CCCC[NH2+]2,1,0,0,[0 1 0 ... 0 0 0],2,0.07,0.11834405383941381,0.0,0.08408232288554418,0.13661333572658904,0.0
74,1428,1428,COC(=O)C(c1ccccc1)C2CCCC[NH2+]2,1,0,0,[0 1 0 ... 0 0 0],2,0.07,0.11834405383941381,0.0,0.08408232288554418,0.13661333572658904,0.0
75,1443,1443,COc1cc2c(cc1OC)C(=O)C(C2)CC3CC[NH+](CC3)Cc4ccccc4,1,0,0,[0 0 0 ... 0 0 0],2,0.05,0.04175740776948644,0.0,0.0013692201414784238,0.035054182708366445,0.0
76,81,81,C1[C@@H]([C@H]([C@@H]([C@H]([C@@H]1[NH3+])O[C@@H]2[C@@H]([C@H]([C@@H]([C@H](O2)CO)O)[NH3+])O)O)O[C@@H]3[C@@H](C[C@@H]([C@H](O3)C[NH3+])O)[NH3+])[NH3+],1,0,0,[0 0 0 ... 0 0 0],3,0.02,0.04053883863260221,0.0,0.001677732407574479,0.03799375966338412,0.0
77,82,82,C1[C@@H]([C@H]([C@@H]([C@H]([C@@H]1NC(=O)[C@H](CC[NH3+])O)O[C@@H]2[C@@H]([C@H]([C@@H]([C@H](O2)CO)O)[NH3+])O)O)O[C@@H]3[C@@H]([C@H]([C@@H]([C@H](O3)C[NH3+])O)O)O)[NH3+],1,0,0,[0 1 0 ... 0 0 1],3,0.01,0.027143458316410796,0.0,0.00205136482384853,0.05281208955003584,0.0
78,89,89,C1[C@H]([C@@H]([C@H]([C@@H]([C@H]1[NH3+])O[C@@H]2[C@@H]([C@H]([C@@H]([C@H](O2)C[NH3+])O)O)[NH3+])O[C@H]3[C@@H]([C@@H]([C@H](O3)CO)O[C@@H]4[C@@H]([C@H]([C@@H]([C@@H](O4)C[NH3+])O)O)[NH3+])O)O)[NH3+],1,0,0,[0 0 0 ... 0 0 0],3,0.01,0.008546610612556243,0.0,0.0001199272292305065,0.03799375966338412,0.0
79,90,90,C1[C@H]([C@@H]([C@H]([C@@H]([C@H]1[NH3+])O[C@@H]2[C@@H]([C@H]([C@@H]([C@H](O2)C[NH3+])O)O)O)O)O[C@@H]3[C@@H]([C@H]([C@@H]([C@H](O3)CO)O)[NH3+])O)[NH3+],1,0,0,[0 0 0 ... 0 0 0],3,0.0,0.03263138174056019,0.0,0.0010940526171559178,0.03799375966338412,0.0
80,91,91,C1[C@H]([C@@H]([C@H]([C@@H]([C@H]1[NH3+])O[C@@H]2[C@@H]([C@H]([C@@H]([C@H](O2)CO)O)O)[NH3+])O[C@H]3[C@@H]([C@@H]([C@H](O3)CO)O[C@@H]4[C@@H]([C@H]([C@@H]([C@@H](O4)C[NH3+])O)O)[NH3+])O)O)[NH3+],1,0,0,[0 0 0 ... 0 0 0],3,0.01,0.009997716043573794,0.0,0.00013073786517359433,0.03799375966338412,0.0
81,491,491,C[C@H](/C=C/[C@H](C)C(C)(C)O)[C@H]1CC[C@@H]\2[C@@]1(CCC/C2=C\C=C3C[C@H](C[C@@H](C3)O)O)C,1,0,0,[0 1 0 ... 0 0 0],4,0.03,0.0790937300916648,0.0,0.016307104424338522,0.06430634426841915,0.2
82,492,492,C[C@H](/C=C/[C@H](C)C(C)C)[C@H]1CC[C@@H]\2[C@@]1(CCC/C2=C\C=C/3\C[C@H](C[C@@H](C3=C)O)O)C,1,0,0,[0 1 0 ... 0 0 0],4,0.06333333333333332,0.09267334454375556,0.0,0.029964179807300616,0.06430634426841915,0.2
83,493,493,C[C@H](/C=C/[C@H](C)C(C)C)[C@H]1CC[C@@H]\2[C@@]1(CCC/C2=C\C=C/3\C[C@H](CCC3=C)O)C,1,0,0,[0 1 0 ... 0 0 0],4,0.07333333333333333,0.14613615343182498,0.0,0.06827984195973184,0.06430634426841915,0.2
84,494,494,C[C@H](/C=C/[C@H](C1CC1)O)[C@H]2CC[C@@H]\\3[C@@]2(CCC/C3=C\\C=C/4\\C[C@H](C[C@@H](C4=C)O)O)C,1,0,0,[0 1 0 ... 0 0 0],4,0.06333333333333332,0.09286293883216104,0.0,0.030927318241705956,0.06430634426841915,0.2
85,512,512,C[C@H](CCCC(C)(C)O)[C@H]1CC[C@@H]\2[C@@]1(CCC/C2=C\C=C/3\C[C@H](C[C@@H](C3=C)O)O)C,0,1,1,[0 1 0 ... 0 0 0],4,0.04333333333333334,0.111663695308782,0.0,0.026232058309172718,0.06430634426841915,0.2
86,513,513,C[C@H](CCCC(C)(C)O)[C@H]1CC[C@@H]\2[C@@]1(CCC/C2=C\C=C/3\C[C@H](CCC3=C)O)C,1,0,0,[0 1 0 ... 0 0 0],4,0.06333333333333332,0.16594133833459931,0.0,0.04862452038547075,0.06430634426841915,0.2
87,514,514,C[C@H](CCCC(C)C)[C@H]1CC[C@@H]\2[C@@]1(CCC/C2=C\C=C/3\C[C@H](CCC3=C)O)C,1,0,0,[0 1 0 ... 0 0 0],4,0.07333333333333333,0.07182905204477057,0.0,0.022780331539577637,0.06430634426841915,0.2
88,911,911,Cc1c(c(no1)c2c(cccc2Cl)Cl)C(=O)N[C@H]3[C@@H]4N(C3=O)[C@H](C(S4)(C)C)C(=O)[O-],1,0,0,[0 0 0 ... 0 0 0],5,0.05833333333333334,0.11877336356251074,0.0,0.029419415524316952,0.07496780537313193,0.0
89,912,912,Cc1c(c(no1)c2ccccc2)C(=O)N[C@H]3[C@@H]4N(C3=O)[C@H](C(S4)(C)C)C(=O)[O-],1,0,0,[0 0 0 ... 0 0 0],5,0.05833333333333334,0.07232801977676581,0.0,0.019382580015632752,0.058362622950598936,0.0
90,914,914,Cc1c(c(no1)c2ccccc2Cl)C(=O)N[C@H]3[C@@H]4N(C3=O)[C@H](C(S4)(C)C)C(=O)[O-],1,0,0,[0 0 0 ... 0 0 0],5,0.07833333333333334,0.07744582983013207,0.0,0.012752714733397749,0.058362622950598936,0.0
91,1063,1063,CC[C@]12CC[C@H]3[C@H]([C@@H]1CC[C@]2(C#C)O)CCC4=C/C(=N/O)/CC[C@H]34,1,0,0,[0 0 0 ... 0 0 0],6,0.11599999999999999,0.05177207737325054,0.0,0.0072363267186776655,0.1565761472278726,0.2
92,1065,1065,CC[C@]12CC[C@H]3[C@H]([C@@H]1CC[C@]2(C#C)OC(=O)C)CCC4=C/C(=N/O)/CC[C@H]34,1,0,0,[0 0 0 ... 0 0 0],6,0.136,0.08378556509074118,0.0,0.05984233749878331,0.1565761472278726,0.2
93,150,150,c1cc(c(cc1[C@H](C[NH3+])O)O)O,1,0,0,[0 1 0 ... 0 0 0],7,0.03,0.018938121095204194,0.0,0.0008405621105636507,0.017807031020458493,0.0
94,156,156,c1cc(c(cc1CC[NH3+])O)O,1,0,0,[0 0 0 ... 0 0 0],7,0.02,0.05415421941129696,0.0,0.008523753283736817,0.05281208955003584,0.0
95,389,389,C[C@@H]([C@@H](c1ccc(c(c1)O)O)O)[NH3+],1,0,0,[0 1 0 ... 0 0 0],7,0.02,0.031035790415612843,0.0,0.0026402495219136125,0.03799375966338412,0.0
96,390,390,C[C@@H]([C@@H](c1ccc(cc1)O)O)[NH2+]CCc2ccc(cc2)O,1,0,0,[0 1 0 ... 0 0 0],7,0.04,0.12485768959448403,0.0,0.018434606824671552,0.11298375417384743,0.0
97,391,391,C[C@@H]([C@@H](c1cccc(c1)O)O)[NH3+],1,0,0,[0 1 0 ... 0 0 0],7,0.01,0.029976846766868334,0.0,0.0026543370030926083,0.04910586731198296,0.0
98,507,507,C[C@H](Cc1ccc(c(c1)O)O)[C@@H](C)Cc2ccc(c(c2)O)O,1,0,0,[0 1 0 ... 0 0 0],7,0.0,0.07782490867439172,0.0,0.009259758584138562,0.04723022610929401,0.0
99,508,508,C[C@H](Cc1ccc(cc1)OC)[NH2+]C[C@@H](c2ccc(c(c2)NC=O)O)O,1,0,0,[0 1 0 ... 0 0 0],7,0.07,0.13949347179943775,0.0,0.1139894369986688,0.09281952775538002,0.0
100,646,646,C[NH2+]C[C@@H](c1ccc(c(c1)O)O)O,1,0,0,[0 1 0 ... 0 0 0],7,0.02,0.015687665388577913,0.0,0.0011545705906215965,0.04723022610929401,0.0
101,647,647,C[NH2+]C[C@@H](c1cccc(c1)O)O,1,0,0,[0 1 0 ... 0 0 0],7,0.01,0.01514910930371834,0.0,0.0011607402156223127,0.06087280403703668,0.0
102,671,671,CC(C)(C)[NH2+]C[C@@H](c1ccc(c(c1)CO)O)O,1,0,0,[0 1 0 ... 0 0 0],7,0.07,0.03340415652928092,0.0,0.002562030475432276,0.035054182708366445,0.0
103,675,675,CC(C)(C)[NH2+]CC(c1cc(cc(c1)O)O)O,1,0,0,[0 1 0 ... 0 0 0],7,0.12,0.047997752434998875,0.0,0.0066690167953616115,0.18248673924194997,0.2
104,676,676,CC(C)(C)[NH2+]CC(c1ccc(c(c1)CO)O)O,1,0,0,[0 1 0 ... 0 0 0],7,0.07,0.03340415652928092,0.0,0.002562030475432276,0.035054182708366445,0.0
105,677,677,CC(C)(C)[NH2+]CC(c1ccc(c(n1)CO)O)O,1,0,0,[0 1 0 ... 0 0 0],7,0.07,0.04170559812880512,0.0,0.005225588610453346,0.06099670445796846,0.0
106,682,682,CC(C)(C)C(=O)Oc1ccc(cc1OC(=O)C(C)(C)C)C(C[NH2+]C)O,1,0,0,[0 1 0 ... 0 0 0],7,0.03,0.031550955375335824,0.0,0.00402256943991743,0.035054182708366445,0.0
107,713,713,CC(C)[NH2+]CC(c1cc(cc(c1)O)O)O,1,0,0,[0 1 0 ... 0 0 0],7,0.05,0.04024595277093237,0.0,0.0027934800170210314,0.18248673924194997,0.2
108,714,714,CC(C)[NH2+]CC(c1ccc(c(c1)O)O)O,1,0,0,[0 1 0 ... 0 0 0],7,0.04,0.044123018953361855,0.0,0.0037283048852568427,0.04723022610929401,0.0
109,715,715,CC(C)[NH2+]CC(c1ccc(cc1)NS(=O)(=O)C)O,1,0,0,[0 1 0 ... 0 0 0],7,0.05,0.09730338962697417,0.0,0.04334841146093275,0.11468698654628658,0.0
110,780,780,CC(Cc1ccc(cc1)OC)[NH2+]CC(c2ccc(c(c2)NC=O)O)O,1,0,0,[0 1 0 ... 0 0 0],7,0.07,0.13949347179943775,0.0,0.1139894369986688,0.09281952775538002,0.0
111,781,781,CC(Cc1ccc2c(c1)OCO2)[NH2+]CC(c3ccc(c(c3)O)O)O,1,0,0,[0 1 0 ... 0 0 0],7,0.04333333333333333,0.1327204816616211,0.0,0.016812874073692936,0.04723022610929401,0.0
112,785,785,CC(CCc1ccc(cc1)O)[NH2+]CCc2ccc(c(c2)O)O,1,0,0,[0 1 0 ... 0 0 0],7,0.05,0.031074898365230995,0.0,0.0023210724251618515,0.11298375417384743,0.0
113,786,786,CC(CCc1ccccc1)[NH2+]CC(c2ccc(c(c2)C(=O)N)O)O,1,0,0,[0 1 0 ... 0 0 0],7,0.03333333333333333,0.049277384667605895,0.0,0.0058143588488371,0.04723022610929401,0.0
114,989,989,Cc1ccc(c(c1)[C@H](CC[NH+](C(C)C)C(C)C)c2ccccc2)O,1,0,0,[0 1 0 ... 0 0 0],7,0.01,0.019076394225358177,0.0,0.00044419623192964335,0.04216847620578004,0.0
115,1052,1052,CC[C@@H](c1cccc(c1)O)[C@@H](C)C[NH+](C)C,1,0,0,[0 1 0 ... 0 0 0],7,0.0,0.012736663041315021,0.0,0.00014479112449533666,0.05443248497591375,0.0
116,1158,1158,CCc1cc2c(cc1CC)CC(C2)[NH2+]C[C@@H](c3ccc(c4c3ccc(=O)[nH]4)O)O,1,0,0,[0 1 0 ... 0 0 0],7,0.05,0.028740604446523287,0.0,0.002357935325729659,0.04723022610929401,0.0
117,865,865,CC1([C@@H](N2[C@H](S1)[C@@H](C2=O)/[NH+]=C/N3CCCCCC3)C(=O)[O-])C,1,0,0,[0 0 1 ... 0 0 0],9,0.055,0.10993449333418757,0.0,0.07762978626870772,0.06118754939641899,0.0
118,866,866,CC1([C@@H](N2[C@H](S1)[C@@H](C2=O)N3C(=O)[C@H]([NH2+]C3(C)C)c4ccccc4)C(=O)[O-])C,1,0,0,[0 0 0 ... 0 0 0],9,0.03,0.06032054211784649,0.0,0.01166701540242462,0.03241674702267589,0.0
119,867,867,CC1([C@@H](N2[C@H](S1)[C@@H](C2=O)NC(=O)[C@@H](c3ccc(cc3)O)[NH3+])C(=O)[O-])C,1,0,0,[0 1 0 ... 0 0 0],9,0.02,0.022917050494138582,0.0,0.0022808511726459873,0.04705660030075586,0.0
120,868,868,CC1([C@@H](N2[C@H](S1)[C@@H](C2=O)NC(=O)[C@@H](c3ccccc3)[NH3+])C(=O)[O-])C,1,0,0,[0 1 0 ... 0 0 0],9,0.0,0.02959177835047989,0.0,0.004846066718165199,0.04705660030075586,0.0
121,869,869,CC1([C@@H](N2[C@H](S1)[C@@H](C2=O)NC(=O)[C@@H](c3ccccc3)NC(=O)N4CCNC4=O)C(=O)[O-])C,1,0,0,[0 1 0 ... 0 0 0],9,0.05,0.1937008051737674,0.0,0.09398918646405123,0.06662459270412524,0.0
122,870,870,CC1([C@@H](N2[C@H](S1)[C@@H](C2=O)NC(=O)[C@@H](c3ccsc3)C(=O)[O-])C(=O)[O-])C,1,0,0,[0 1 0 ... 0 0 0],9,0.02,0.08811263863200496,0.0,0.016513306923409878,0.04516204366053781,0.0
123,871,871,CC1([C@@H](N2[C@H](S1)[C@@H](C2=O)NC(=O)C(c3ccccc3)C(=O)[O-])C(=O)[O-])C,1,0,0,[0 1 0 ... 0 0 0],9,0.01,0.0539991816849051,0.0,0.012032854166063837,0.04516204366053781,0.0
124,872,872,CC1([C@@H](N2[C@H](S1)[C@@H](C2=O)NC(=O)C3(CCCCC3)[NH3+])C(=O)[O-])C,1,0,0,[0 0 1 ... 0 0 0],9,0.07,0.04305324700096751,0.0,0.011115477405531352,0.03631462050274554,0.0
125,873,873,CC1([C@@H](N2[C@H](S1)[C@@H](C2=O)NC(=O)c3c(cccc3OC)OC)C(=O)[O-])C,1,0,0,[0 0 0 ... 0 0 0],9,0.02,0.08980189446089334,0.0,0.02852397568457583,0.058243741167616506,0.0
126,874,874,CC1([C@@H](N2[C@H](S1)[C@@H](C2=O)NC(=O)Cc3ccccc3)C(=O)[O-])C,1,0,0,[0 0 0 ... 0 0 0],9,0.0,0.057130196039626324,0.0,0.005898063988303119,0.04516204366053781,0.0
127,875,875,CC1([C@@H](N2[C@H](S1)[C@@H](C2=O)NC(=O)COc3ccccc3)C(=O)[O-])C,1,0,0,[0 0 0 ... 0 0 0],9,0.025,0.0893382734819634,0.0,0.04299590727801292,0.08801778801542835,0.0
128,1305,1305,CCN1CCN(C(=O)C1=O)C(=O)N[C@H](c2ccccc2)C(=O)N[C@H]3[C@@H]4N(C3=O)[C@H](C(S4)(C)C)C(=O)[O-],1,0,0,[0 1 0 ... 0 0 0],9,0.045,0.15895216070714752,0.0,0.04629706089461035,0.06662459270412524,0.0
129,1336,1336,CCOC(=O)OC(C)OC(=O)[C@H]1C(S[C@H]2N1C(=O)[C@H]2NC(=O)[C@@H](c3ccccc3)[NH3+])(C)C,1,0,0,[0 1 0 ... 0 0 0],9,0.07,0.014795262408312752,0.0,0.0012790095118667215,0.14056131906238492,0.0
130,1341,1341,CCOc1ccc2ccccc2c1C(=O)N[C@H]3[C@@H]4N(C3=O)[C@H](C(S4)(C)C)C(=O)[O-],1,0,0,[0 0 0 ... 0 0 0],9,0.05,0.03526622811491259,0.0,0.005662757672224081,0.04516204366053781,0.0
131,472,472,C[C@]12CC[C@H]3[C@H]([C@@H]1CC[C@]2(C#C)O)CCC4=CC(=O)CC[C@H]34,1,0,0,[0 0 0 ... 0 0 0],10,0.06,0.03914857412180447,0.0,0.007584564202359309,0.06430634426841915,0.0
132,1062,1062,CC[C@]12CC(=C)[C@H]3[C@H]([C@@H]1CC[C@]2(C#C)O)CCC4=CC(=O)CC[C@H]34,1,0,0,[0 0 0 ... 0 0 0],10,0.096,0.03348214881549687,0.0,0.00360369762847912,0.06937870775027144,0.0
133,1064,1064,CC[C@]12CC[C@H]3[C@H]([C@@H]1CC[C@]2(C#C)O)CCC4=CC(=O)CC[C@H]34,1,0,0,[0 0 0 ... 0 0 0],10,0.09,0.036183197153262125,0.0,0.004058049117439528,0.06430634426841915,0.2
134,121,121,c1c(cc(c(c1S(=O)(=O)N)Cl)Cl)S(=O)(=O)N,1,0,0,[0 0 0 ... 0 0 0],11,0.02,0.030241757370541165,0.0,0.006213302830621127,0.04723022610929401,0.2
135,192,192,c1cc(ccc1C[NH3+])S(=O)(=O)N,1,0,0,[0 0 0 ... 0 0 0],11,0.0,0.0075012375094382746,0.0,0.00013591335533845314,0.017807031020458493,0.2
136,199,199,c1cc(ccc1N)S(=O)(=O)c2ccc(cc2)N,1,0,0,[0 0 0 ... 0 0 0],11,0.0,0.045241140312233176,0.0,0.00568405917357361,0.024089914447106377,0.0
137,200,200,c1cc(ccc1N)S(=O)(=O)N,1,0,0,[0 0 0 ... 0 0 0],11,0.0,0.023915962413109712,0.0,0.0016334697816430647,0.024089914447106377,0.0
138,203,203,c1cc(ccc1NCS(=O)[O-])S(=O)(=O)c2ccc(cc2)NCS(=O)[O-],1,0,0,[0 0 0 ... 0 0 0],11,0.04,0.06048704627268436,0.0,0.014252661284071492,0.038513818816784236,0.0
139,913,913,Cc1c(c(no1)c2ccccc2)c3ccc(cc3)S(=O)(=O)N,1,0,0,[0 0 0 ... 0 0 0],11,0.03,0.047636775280977275,0.0,0.00640047352188028,0.036650002672408984,0.0
140,998,998,CC1=CC=C(C=C1)C2=CC(=NN2C3=CC=C(C=C3)S(=O)(=O)N)C(F)(F)F,1,1,1,[0 0 0 ... 0 0 0],11,0.07,0.015496938716997671,0.0,0.001717057370965157,0.049500682658552585,0.0
141,1338,1338,CCOC1=CC=C(C=C1)C2=CC(=CN2C3=CC=C(C=C3)S(=O)(=O)N)C,0,1,1,[0 0 0 ... 0 0 0],11,0.01,0.005363431413260463,0.0,0.00013420928189489438,0.0299085945922529,0.0
142,687,687,CC(C)(C)c1ccc(cc1)S(=O)(=O)[N-]c2c(c(nc(n2)c3ncccn3)OCCO)Oc4ccccc4OC,1,0,0,[0 0 0 ... 0 0 0],12,0.07,0.015366337224450395,0.0,0.0014496719206168165,0.02895599408089198,0.0
143,420,420,C[C@@H]1C[C@H]2[C@@H]3C[C@@H](C4=CC(=O)C=C[C@@]4([C@]3([C@H](C[C@@]2([C@]1(C(=O)COC(=O)C(C)(C)C)O)C)O)F)C)F,1,0,0,[0 0 0 ... 0 0 0],13,0.05,0.07090074286488011,0.0,0.05397234970629557,0.10711580189434408,0.0
144,421,421,C[C@@H]1C[C@H]2[C@@H]3C[C@@H](C4=CC(=O)C=C[C@@]4([C@]3([C@H](C[C@@]2([C@]1(C(=O)SCF)OC(=O)c5ccco5)C)O)F)C)F,1,0,0,[0 0 0 ... 0 0 0],13,0.06,0.06165124067129684,0.0,0.009268673459382733,0.10711580189434408,0.0
145,422,422,C[C@@H]1C[C@H]2[C@@H]3C[C@@H](C4=CC(=O)C=C[C@@]4([C@]3([C@H](C[C@@]2([C@H]1C(=O)COC(=O)C(C)(C)C)C)O)Cl)C)F,1,0,0,[0 0 0 ... 0 0 0],13,0.07,0.05621974196050416,0.0,0.03610368799906745,0.10711580189434408,0.0
146,424,424,C[C@@H]1C[C@H]2[C@@H]3CCC4=CC(=O)C=C[C@@]4([C@]3([C@H](C[C@@]2([C@]1(C(=O)CCl)OC(=O)c5ccco5)C)O)Cl)C,1,0,0,[0 0 0 ... 0 0 0],13,0.07,0.027733305519350777,0.0,0.0016199035875575814,0.10711580189434408,0.0
147,425,425,C[C@@H]1C[C@H]2[C@@H]3CCC4=CC(=O)C=C[C@@]4([C@]3([C@H](C[C@@]2([C@]1(C(=O)CO)O)C)O)F)C,1,1,1,[0 0 0 ... 0 0 0],13,0.02,0.05693485330781161,0.0,0.012765851412481481,0.10711580189434408,0.0
148,426,426,C[C@@H]1C[C@H]2[C@@H]3CCC4=CC(=O)C=C[C@@]4([C@]3([C@H](C[C@@]2([C@]1(C(=O)COP(=O)([O-])[O-])O)C)O)F)C,1,0,0,[0 0 0 ... 0 0 0],13,0.055,0.012571194826912144,0.0,0.001911947080826711,0.0755776244966092,0.0
149,427,427,C[C@@H]1C[C@H]2[C@@H]3CCC4=CC(=O)C=C[C@@]4([C@]3([C@H](C[C@@]2([C@H]1C(=O)CO)C)O)F)C,1,0,0,[0 0 0 ... 0 0 0],13,0.06,0.05944330392674526,0.0,0.014126397869663746,0.10711580189434408,0.0
150,450,450,C[C@]12C[C@@H]([C@]3([C@H]([C@@H]1C[C@H]([C@@]2(C(=O)CO)O)O)CCC4=CC(=O)C=C[C@@]43C)F)O,1,0,0,[0 0 0 ... 0 0 0],13,0.03,0.06928618597092127,0.0,0.021702005431803662,0.10711580189434408,0.0
151,531,531,C[C@H]1C[C@H]2[C@@H]3C[C@@H](C4=CC(=O)C=C[C@@]4([C@]3([C@H](C[C@@]2([C@]1(C(=O)COC(=O)C)OC(=O)C)C)O)F)C)F,1,0,0,[0 0 0 ... 0 0 0],13,0.095,0.10311386491024999,0.0,0.07464889416249165,0.10711580189434408,0.0
152,532,532,C[C@H]1C[C@H]2[C@@H]3CC[C@@]([C@]3(C[C@@H]([C@@]2([C@@]4(C1=CC(=O)C=C4)C)F)O)C)(C(=O)C)O,1,0,0,[0 0 0 ... 0 0 0],13,0.05,0.0609010419866131,0.0,0.034995415073495136,0.10711580189434408,0.0
153,533,533,C[C@H]1C[C@H]2[C@@H]3CC[C@@]([C@]3(C[C@@H]([C@@]2([C@@]4(C1=CC(=O)C=C4)C)F)O)C)(C(=O)C)OC(=O)C,1,0,0,[0 0 0 ... 0 0 0],13,0.125,0.17809960957721913,0.0,0.21660748491513018,0.12152327753420603,0.0
154,537,537,C[C@H]1C[C@H]2[C@@H]3CCC4=CC(=O)C=C[C@@]4([C@]3([C@H](C[C@@]2([C@]1(C(=O)CO)O)C)O)F)C,1,0,0,[0 0 0 ... 0 0 0],13,0.02,0.05693485330781161,0.0,0.012765851412481481,0.10711580189434408,0.0
155,538,538,C[C@H]1C[C@H]2[C@@H]3CCC4=CC(=O)C=C[C@@]4([C@]3([C@H](C[C@@]2([C@]1(C(=O)CO)OC(=O)c5ccccc5)C)O)F)C,1,0,0,[0 0 0 ... 0 0 0],13,0.075,0.06123558717825891,0.0,0.014739592928897552,0.10711580189434408,0.0
156,539,539,C[C@H]1C[C@H]2[C@@H]3CCC4=CC(=O)C=C[C@@]4([C@]3([C@H](C[C@@]2([C@]1(C(=O)COC(=O)C)O)C)O)F)C,1,0,0,[0 0 0 ... 0 0 0],13,0.04,0.07044513612158426,0.0,0.021844591167854432,0.10711580189434408,0.0
157,540,540,C[C@H]1C[C@H]2[C@@H]3CCC4=CC(=O)C=C[C@@]4([C@H]3C(=O)C[C@@]2([C@]1(C(=O)CO)O)C)C,1,0,0,[0 0 0 ... 0 0 0],13,0.0,0.04317417383194155,0.0,0.015760681534881367,0.06430634426841915,0.0
158,849,849,CC(=O)OCC(=O)[C@@]12[C@@H](C[C@@H]3[C@@]1(C[C@@H]([C@]4([C@H]3CCC5=CC(=O)C=C[C@@]54C)F)O)C)OC6(O2)CCCC6,1,0,0,[0 0 0 ... 0 0 0],13,0.065,0.08377085622327322,0.0,0.05107480144199753,0.10711580189434408,0.0
159,1127,1127,CCC(=O)O[C@@]1([C@@H](C[C@@H]2[C@@]1(C[C@@H]([C@]3([C@H]2C[C@@H](C4=CC(=O)C=C[C@@]43C)F)F)O)C)C)C(=O)SCF,1,0,0,[0 0 0 ... 0 0 0],13,0.05,0.03936843585437193,0.0,0.004701466594363821,0.10711580189434408,0.0
160,1128,1128,CCC(=O)O[C@@]1([C@H](C[C@@H]2[C@@]1(C[C@@H]([C@]3([C@H]2CCC4=CC(=O)C=C[C@@]43C)F)O)C)C)C(=O)CCl,1,0,0,[0 0 0 ... 0 0 0],13,0.04,0.028992288260279723,0.0,0.0028204833701164973,0.10711580189434408,0.0
161,1129,1129,CCC(=O)O[C@@]1([C@H](CC2C1(CC([C@]3(C2C[C@@H](C4=CC(=O)C=CC43C)F)F)O)C)C)C(=O)CCl,1,0,0,[0 0 0 ... 0 0 0],13,0.06,0.05610883870986466,0.0,0.013393998822926337,0.10711580189434408,0.0
162,1135,1135,CCC(=O)OCC(=O)[C@]1([C@@H](C[C@@H]2[C@@]1(C[C@@H]([C@H]3[C@H]2[C@@H](CC4=CC(=O)C=C[C@]34C)Cl)O)C)C)OC(=O)CC,1,0,0,[0 0 0 ... 0 0 0],13,0.11,0.017944775918555766,0.0,0.0027813260579505157,0.12298877085192882,0.0
163,1136,1136,CCC(=O)OCC(=O)[C@]1([C@H](C[C@@H]2[C@@]1(C[C@@H]([C@]3([C@H]2CCC4=CC(=O)C=C[C@@]43C)Cl)O)C)C)OC(=O)CC,1,0,0,[0 0 0 ... 0 0 0],13,0.09,0.012047908650166667,0.0,0.0008830770703206637,0.10711580189434408,0.0
164,1191,1191,CCCC(=O)O[C@@]1(CC[C@@H]2[C@@]1(C[C@@H]([C@]3([C@H]2C[C@@H](C4=CC(=O)C=C[C@@]43C)F)F)O)C)C(=O)COC(=O)C,1,0,0,[0 0 0 ... 0 0 0],13,0.075,0.08453390127956849,0.0,0.04960264769731212,0.10711580189434408,0.0
165,1212,1212,CCCCC(=O)O[C@@]1([C@H](C[C@@H]2[C@@]1(C[C@@H]([C@]3([C@H]2CCC4=CC(=O)C=C[C@@]43C)F)O)C)C)C(=O)CO,1,0,0,[0 0 0 ... 0 0 0],13,0.03,0.015072457795594053,0.0,0.0007495277579955414,0.10711580189434408,0.0
166,307,307,C1CCC2(CC1)OCC(O2)C[NH+]=C(N)N,1,0,0,[0 0 1 ... 0 0 0],14,0.0,0.04389831023007791,0.0,0.006726165828675172,0.06430634426841915,0.2
167,948,948,Cc1c(noc1N(C(=O)C)S(=O)(=O)c2ccc(cc2)N)C,1,0,0,[0 0 0 ... 0 0 0],15,0.0,0.06317720988246849,0.0,0.011189489288904769,0.05964407269781479,0.0
168,454,454,C[C@]12C[C@@H]([C@H]3[C@H]([C@@H]1CC[C@@]2(C(=O)CO)O)CCC4=CC(=O)C=C[C@]34C)O,1,1,1,[0 0 0 ... 0 0 0],17,0.01,0.03635944003788421,0.0,0.008040036216730722,0.06430634426841915,0.0
169,455,455,C[C@]12C[C@@H]([C@H]3[C@H]([C@@H]1CC[C@@]2(C(=O)COC(=O)CC(C)(C)C)O)CCC4=CC(=O)C=C[C@]34C)O,1,0,0,[0 0 0 ... 0 0 0],17,0.01,0.030236622966830492,0.0,0.009981903907780264,0.06430634426841915,0.0
170,456,456,C[C@]12CC(=O)[C@H]3[C@H]([C@@H]1CC[C@@]2(C(=O)CO)O)CCC4=CC(=O)C=C[C@]34C,1,1,1,[0 0 0 ... 0 0 0],17,0.02,0.049990060002139264,0.0,0.028228990373659772,0.06430634426841915,0.0
171,460,460,C[C@]12CC[C@@H]3c4ccc(cc4CC[C@H]3[C@@H]1CC[C@]2(C#C)O)O,1,0,0,[0 0 0 ... 0 0 0],17,0.01,0.03277881370703874,0.0,0.007087077024817052,0.08245453829704627,0.0
172,461,461,C[C@]12CC[C@@H]3c4ccc(cc4CC[C@H]3[C@@H]1CC[C@]2(C#C)O)OC,1,0,0,[0 0 0 ... 0 0 0],17,0.02,0.06370489542599421,0.0,0.03618803610700197,0.08245453829704627,0.0
173,462,462,C[C@]12CC[C@@H]3c4ccc(cc4CC[C@H]3[C@@H]1CC[C@]2(C#C)O)OC5CCCC5,1,0,0,[0 0 0 ... 0 0 0],17,0.01,0.14972852764635694,0.0,0.06908507977304434,0.08245453829704627,0.0
174,469,469,C[C@]12CC[C@H]3[C@H]([C@@H]1CC[C@@H]2O)CCC4=CC(=O)CC[C@]34C,1,0,0,[0 0 0 ... 0 0 0],17,0.055999999999999994,0.042006659058130474,0.0,0.017611448569731798,0.06430634426841915,0.2
175,470,470,C[C@]12CC[C@H]3[C@H]([C@@H]1CC[C@@H]2OC(=O)CCc4ccccc4)CCC5=CC(=O)CC[C@H]35,1,0,0,[0 0 0 ... 0 0 0],17,0.065,0.07130982316200343,0.0,0.030765035773007123,0.06430634426841915,0.0
176,471,471,C[C@]12CC[C@H]3[C@H]([C@@H]1CC[C@]2(C#C)O)CCC4=C3CCC(=O)C4,1,0,0,[0 0 0 ... 0 0 0],17,0.02,0.01653726118499895,0.0,0.0016551632450193447,0.06430634426841915,0.0
177,473,473,C[C@]12CC[C@H]3[C@H]([C@@H]1CC[C@]2(C#C)O)CCC4=Cc5c(cno5)C[C@]34C,1,0,0,[0 0 0 ... 0 0 0],17,0.16314285714285715,0.049108142928391885,0.0,0.015925381891554367,0.3352026631176343,0.2
178,477,477,C[C@]12CC[C@H]3[C@H]([C@@H]1CCC(=O)O2)CCC4=CC(=O)C=C[C@]34C,1,0,0,[0 0 0 ... 0 0 0],17,0.03,0.024828980533204092,0.0,0.007230873245253045,0.06430634426841915,0.0
179,478,478,C[C@]12CC[C@H]3[C@H]([C@@H]1CCC2=O)CC(=C)C4=CC(=O)C=C[C@]34C,1,0,0,[0 0 0 ... 0 0 0],17,0.04,0.04989131886214483,0.0,0.03201148639126629,0.0933507914671597,0.0
180,479,479,C[C@]12CCC(=O)C=C1[C@@H]3C[C@@H]3[C@@H]4[C@@H]2CC[C@]5([C@H]4[C@@H]6C[C@@H]6[C@@]57CCC(=O)O7)C,1,0,0,[0 0 0 ... 0 0 0],17,0.07333333333333333,0.026930962055954268,0.0,0.008822379100745124,0.1897819566758534,0.2
181,481,481,C[C@]12CCC(=O)C=C1C[C@H]([C@@H]3[C@]24[C@H](O4)C[C@]5([C@H]3CC[C@@]56CCC(=O)O6)C)C(=O)OC,1,0,0,[0 0 0 ... 0 0 0],17,0.06833333333333333,0.02379356220460477,0.0,0.009345664748358202,0.08844361707954991,0.0
182,483,483,C[C@]12CCC(=O)C=C1CC[C@@H]3[C@@]2([C@H](C[C@]4([C@H]3CC[C@]4(C)O)C)O)F,1,0,0,[0 0 0 ... 0 0 0],17,0.02,0.04639666242236475,0.0,0.02188979757146376,0.06430634426841915,0.0
183,484,484,C[C@]12CCC(=O)C=C1CC[C@@H]3[C@@H]2[C@H](C[C@]4([C@H]3CC[C@@]4(C(=O)CO)O)C)O,1,1,1,[0 0 0 ... 0 0 0],17,0.06,0.0323106981092004,0.0,0.013514914732515225,0.06430634426841915,0.0
184,485,485,C[C@]12CCC(=O)C=C1CC[C@@H]3[C@@H]2[C@H](C[C@]4([C@H]3CC[C@@]4(C(=O)COC(=O)CCC(=O)[O-])O)C)O,1,0,0,[0 0 0 ... 0 0 0],17,0.07266666666666667,0.005859309489882992,0.0,0.0005881516263602196,0.030583750624246422,0.0
185,486,486,C[C@]12CCC(=O)C=C1CC[C@@H]3[C@@H]2[C@H](C[C@]4([C@H]3CC[C@@]4(C(=O)COC(=O)CCC5CCCC5)O)C)O,1,0,0,[0 0 0 ... 0 0 0],17,0.06266666666666666,0.02667575669452472,0.0,0.010786099036520194,0.06430634426841915,0.0
186,487,487,C[C@]12CCC(=O)C=C1CC[C@@H]3[C@@H]2[C@H](C[C@]4([C@H]3CC[C@@]4(C(=O)COP(=O)([O-])[O-])O)C)O,1,0,0,[0 0 0 ... 0 0 0],17,0.066,0.011259492108257437,0.0,0.003959855467453136,0.04474099702968693,0.0
187,488,488,C[C@]12CCC(=O)C=C1CC[C@@H]3[C@@H]2CC[C@]4([C@H]3CC[C@]4(C)O)C,1,0,0,[0 0 0 ... 0 0 0],17,0.066,0.028186591316514114,0.0,0.014876259582002484,0.06430634426841915,0.2
188,489,489,C[C@]12CCC3=C4CCC(=O)C=C4CC[C@H]3[C@@H]1CC[C@]2(CC#N)O,1,0,0,[0 0 0 ... 0 0 0],17,0.08666666666666666,0.1840176847087007,0.0,0.09857701571111983,0.06430634426841915,0.2
189,530,530,C[C@H]1C[C@@H]2[C@H](CC[C@]3([C@H]2CC[C@@]3(C(=O)C)OC(=O)C)C)[C@@]4(C1=CC(=O)CC4)C,1,0,0,[0 0 0 ... 0 0 0],17,0.125,0.03773244259419803,0.0,0.04030750492639038,0.07342931890682217,0.0
190,535,535,C[C@H]1C[C@H]2[C@@H]3CC[C@@]([C@]3(C[C@@H]([C@@H]2[C@@]4(C1=CC(=O)C=C4)C)O)C)(C(=O)COC(=O)CCC(=O)[O-])O,1,0,0,[0 0 0 ... 0 0 0],17,0.04,0.006450579426907847,0.0,0.00032667323882913483,0.030583750624246422,0.0
191,536,536,C[C@H]1C[C@H]2[C@@H]3CC[C@@H]([C@]3(C[C@@H]([C@@H]2[C@@]4(C1=CC(=O)CC4)C)O)C)C(=O)C,1,0,0,[0 0 0 ... 0 0 0],17,0.115,0.03981167130663849,0.0,0.03303594699210383,0.06430634426841915,0.0
192,653,653,CC#C[C@@]1(CC[C@@H]2[C@@]1(C[C@@H](C3=C4CCC(=O)C=C4CC[C@@H]23)c5ccc(cc5)N(C)C)C)O,1,0,0,[0 0 0 ... 0 0 0],17,0.10366666666666667,0.0436565129499756,0.0,0.006362490345352733,0.06430634426841915,0.0
193,797,797,CC(=O)[C@]1(CC[C@@H]2[C@@]1(C[C@@H](C3=C4CCC(=O)C=C4CC[C@@H]23)c5ccc(cc5)N(C)C)C)OC(=O)C,1,0,0,[0 0 0 ... 0 0 0],17,0.12166666666666666,0.06019458724108717,0.0,0.015950727460696156,0.07342931890682217,0.0
194,798,798,CC(=O)[C@H]1CC[C@@H]2[C@@]1(CC[C@@H]3[C@H]2C=CC4=CC(=O)CC[C@@]34C)C,1,0,0,[0 0 0 ... 0 0 0],17,0.08333333333333331,0.03575961091468254,0.0,0.01737748047640299,0.06430634426841915,0.0
195,799,799,CC(=O)[C@H]1CC[C@@H]2[C@@]1(CC[C@H]3[C@H]2CCC4=CC(=O)CC[C@]34C)C,1,0,0,[0 0 0 ... 0 0 0],17,0.07433333333333333,0.06723987482872641,0.0,0.06649797351559542,0.06430634426841915,0.0
196,833,833,CC(=O)O[C@]1(CC[C@@H]2[C@@]1(CC[C@H]3[C@H]2CCC4=CC(=O)CC[C@H]34)C)C#C,1,0,0,[0 0 0 ... 0 0 0],17,0.12,0.08860389680596212,0.0,0.08505448256771585,0.06430634426841915,0.0
197,841,841,CC(=O)O[C@H]1CC[C@@H]2[C@H]3CC[C@]4([C@H]([C@@H]3CCC2=C1)CC[C@]4(C#C)OC(=O)C)C,1,0,0,[0 0 0 ... 0 0 0],17,0.13166666666666665,0.06072768821208285,0.0,0.04363434235500567,0.06430634426841915,0.0
198,850,850,CC(=O)OCC(=O)[C@]1(CC[C@@H]2[C@@]1(C[C@@H]([C@]3([C@H]2CCC4=CC(=O)CC[C@@]43C)F)O)C)O,1,0,0,[0 0 0 ... 0 0 0],17,0.07,0.10619220331629918,0.0,0.06069471331911902,0.06430634426841915,0.0
199,851,851,CC(=O)OCC(=O)[C@]1(CC[C@@H]2[C@@]1(C[C@@H]([C@H]3[C@H]2CCC4=CC(=O)CC[C@]34C)O)C)O,1,0,0,[0 0 0 ... 0 0 0],17,0.076,0.06355298581819871,0.0,0.04429506764829904,0.06430634426841915,0.0
200,852,852,CC(=O)OCC(=O)[C@]1(CC[C@@H]2[C@@]1(CC(=O)[C@H]3[C@H]2CCC4=CC(=O)CC[C@]34C)C)O,1,0,0,[0 0 0 ... 0 0 0],17,0.086,0.13255151672704876,0.0,0.17805202694087263,0.06430634426841915,0.0
201,853,853,CC(=O)OCC(=O)[C@H]1CC[C@@H]2[C@@]1(CC[C@H]3[C@H]2CCC4=CC(=O)CC[C@]34C)C,1,0,0,[0 0 0 ... 0 0 0],17,0.091,0.09113751400470478,0.0,0.09412698727941726,0.06430634426841915,0.0
202,859,859,CC(=O)S[C@@H]1CC2=CC(=O)CC[C@@]2([C@@H]3[C@@H]1[C@@H]4CC[C@]5([C@]4(CC3)C)CCC(=O)O5)C,1,0,0,[0 0 0 ... 0 0 0],17,0.16,0.08599551788043619,0.0,0.11019175829821899,0.09397152699390068,0.0
203,889,889,CC12CCC3C(C1CCC2C(=O)COC(=O)C(C)(C)C)CCC4=CC(=O)CCC34C,1,0,0,[0 0 0 ... 0 0 0],17,0.10433333333333333,0.05103111657497599,0.0,0.052406371925486764,0.06430634426841915,0.0
204,1084,1084,CC[NH+](CC)CC(=O)OCC(=O)[C@]1(CC[C@@H]2[C@@]1(C[C@@H]([C@H]3[C@H]2CCC4=CC(=O)CC[C@]34C)O)C)O,1,0,0,[0 0 0 ... 0 0 0],17,0.07766666666666666,0.011625203721462847,0.0,0.0025793850977642962,0.05752500944158219,0.0
205,1133,1133,CCC(=O)O[C@H]1CC[C@@H]2[C@@]1(CC[C@H]3[C@H]2CCC4=CC(=O)CC[C@]34C)C,1,0,0,[0 0 0 ... 0 0 0],17,0.036000000000000004,0.028488136289977945,0.0,0.00917471000919734,0.06430634426841915,0.0
206,1137,1137,CCC(=O)OCC(=O)[C@]1(CC[C@@H]2[C@@]1(C[C@@H]([C@H]3[C@H]2CCC4=CC(=O)C=C[C@]34C)O)C)OC(=O)OCC,1,0,0,[0 0 0 ... 0 0 0],17,0.08266666666666665,0.021783952753450454,0.0,0.004163604913293631,0.12298877085192882,0.0
207,1192,1192,CCCC(=O)O[C@@]1(CC[C@@H]2[C@@]1(C[C@@H]([C@H]3[C@H]2CCC4=CC(=O)CC[C@]34C)O)C)C(=O)CO,1,0,0,[0 0 0 ... 0 0 0],17,0.04,0.02255951546533854,0.0,0.005904880886011176,0.06430634426841915,0.0
208,1193,1193,CCCC(=O)O[C@@]1(CC[C@@H]2[C@@]1(C[C@@H]([C@H]3[C@H]2CCC4=CC(=O)CC[C@]34C)O)C)C(=O)COC(=O)CC,1,0,0,[0 0 0 ... 0 0 0],17,0.08266666666666665,0.017875344374416766,0.0,0.00670986754778145,0.06430634426841915,0.0
209,1213,1213,CCCCC(=O)O[C@@]1(CC[C@@H]2[C@@]1(C[C@@H]([C@H]3[C@H]2CCC4=CC(=O)CC[C@]34C)O)C)C(=O)CO,1,0,0,[0 0 0 ... 0 0 0],17,0.05,0.020997011067572877,0.0,0.0035061230221686774,0.06430634426841915,0.0
210,1214,1214,CCCCC(=O)O[C@H]1CC[C@@H]2[C@@]1(CC[C@H]3[C@H]2CCc4c3ccc(c4)O)C,1,0,0,[0 0 0 ... 0 0 0],17,0.02,0.019305174700610012,0.0,0.0033814434315782398,0.08245453829704627,0.0
211,1226,1226,CCCCCC(=O)O[C@@]1(CC[C@@H]2[C@@]1(CC[C@H]3[C@H]2CCC4=CC(=O)CC[C@]34C)C)C(=O)C,1,0,0,[0 0 0 ... 0 0 0],17,0.071,0.016760590782476582,0.0,0.0024977695334187614,0.07342931890682217,0.0
212,1229,1229,CCCCCCC(=O)O[C@H]1CC[C@@H]2[C@@]1(CC[C@H]3[C@H]2CCC4=CC(=O)CC[C@]34C)C,1,0,0,[0 0 0 ... 0 0 0],17,0.046,0.03456781999276255,0.0,0.007385679748412771,0.06430634426841915,0.0
213,1238,1238,CCCCCCCCCC(=O)O[C@H]1CC[C@@H]2[C@@]1(CC[C@H]3[C@H]2CCC4=CC(=O)CC[C@H]34)C,1,0,0,[0 0 0 ... 0 0 0],17,0.05,0.05270113653628394,0.0,0.00848130377193283,0.06430634426841915,0.0
214,1335,1335,CCOC(=O)O[C@@]1(CC[C@@H]2[C@@]1(C[C@@H]([C@H]3[C@H]2CCC4=CC(=O)C=C[C@]34C)O)C)C(=O)OCCl,1,0,0,[0 0 0 ... 0 0 0],17,0.06766666666666667,0.027756689794323566,0.0,0.005093602551469493,0.12298877085192882,0.0
215,673,673,CC(C)(C)[NH2+]C[C@@H](COc1cccc2c1CCCC2=O)O,1,0,0,[0 1 1 ... 0 0 0],22,0.04666666666666666,0.033568709385130846,0.0,0.013662956039189161,0.06087280403703668,0.2
216,674,674,CC(C)(C)[NH2+]C[C@@H](COc1ccccc1C2CCCC2)O,1,0,0,[0 1 0 ... 0 0 0],22,0.08666666666666666,0.06018509019918288,0.0,0.01400615086529874,0.04723022610929401,0.2
217,678,678,CC(C)(C)[NH2+]CC(COc1cccc2c1C[C@@H]([C@@H](C2)O)O)O,1,0,0,[0 1 0 ... 0 0 0],22,0.07416666666666666,0.08097311091659688,0.0,0.017253729029263296,0.06087280403703668,0.0
218,679,679,CC(C)(C)[NH2+]CC(COc1cccc2c1CCC(=O)N2)O,1,0,0,[0 1 0 ... 0 0 0],22,0.05333333333333333,0.0394956087457019,0.0,0.0349679738497699,0.08245453829704627,0.0
219,601,601,C[NH+](CC#C)Cc1ccccc1,1,0,0,[0 0 0 ... 0 0 0],24,0.0,0.04213130568325133,0.0,0.004103041467590247,0.04216847620578004,0.0
220,961,961,CC1=C[C@@H]2[C@H](CC[C@]3([C@H]2CC[C@@]3(C(=O)C)OC(=O)C)C)[C@@]4(C1=CC(=O)CC4)C,1,0,0,[0 0 0 ... 0 0 0],25,0.085,0.026193911983582105,0.0,0.005023201266195151,0.07342931890682217,0.0
