,Unnamed: 0.1,Unnamed: 0,smiles,FDA_APPROVED,CT_TOX,target_actual,fp,Random_Forest_prediction,SVM_prediction,Dummy_Most_Frequent_prediction,Logistic_Regression_prediction,Gradient_Boosted_Tree_prediction,KNN_prediction
0,565,565,C[N+]12CCC(CC1)C(C2)OC(=O)C(c3ccccc3)(c4ccccc4)O,1,0,0,[0 0 0 ... 0 0 0],0.05,0.03474485315179563,0.0,0.0069135828458291495,0.04450270134012778,0.0
1,748,748,CC(C)CC1C[NH+]2CCc3cc(c(cc3C2CC1=O)OC)OC,1,0,0,[0 1 0 ... 0 0 0],0.0375,0.038815334771751336,0.0,0.00903482313733557,0.03318436719668274,0.2
2,438,438,C[C@@H]1CN(C[C@@H]([NH2+]1)C)c2c(c(c3c(c2F)n(cc(c3=O)C(=O)[O-])C4CC4)N)F,1,0,0,[0 0 0 ... 0 0 0],0.06,0.0064310021628724056,0.0,0.0006977575621199643,0.0758950459135856,0.0
3,1048,1048,CC[C@@H]([C@H](C)O)n1c(=O)n(cn1)c2ccc(cc2)N3CCN(CC3)c4ccc(cc4)OC[C@H]5C[C@](OC5)(Cn6cncn6)c7ccc(cc7F)F,1,0,0,[1 1 0 ... 0 0 0],0.185,0.10021112724891444,0.0,0.2616256507641231,0.22802358428674888,0.2
4,1250,1250,CCCCCCCCCCCCCCCCO,1,0,0,[0 0 0 ... 0 0 0],0.01,0.038293511818185376,0.0,0.0024568187569503617,0.04450270134012778,0.2
5,515,515,C[C@H](Cn1cnc2c1ncnc2N)OCP(=O)([O-])[O-],1,0,0,[0 1 0 ... 0 0 0],0.09166666666666666,0.013047049106937233,0.0,0.001768692132608534,0.046202397016081045,0.2
6,216,216,c1cc(oc1/C=N/N2CCOC2=O)[N+](=O)[O-],1,0,0,[0 0 0 ... 0 0 0],0.06,0.05640787012664501,0.0,0.015018080623585256,0.048435218650029595,0.0
7,710,710,CC(C)[NH+]1CCN(CC1)c2ccc(cc2)OC[C@H]3CO[C@](O3)(Cn4cncn4)c5ccc(cc5Cl)Cl,1,0,0,[1 1 0 ... 0 0 0],0.2495,0.04158400593475627,0.0,0.020231249563976365,0.14367426921246082,0.4
8,895,895,CC1=C(C(C(=C(N1)C)C(=O)OC(C)C)c2cccc3c2non3)C(=O)OC,1,0,0,[0 1 0 ... 0 0 0],0.05333333333333333,0.031298717931125535,0.0,0.010252947115674402,0.0968266428153769,0.0
9,1248,1248,CCCCCCCCCCCCCCCC[N+](C)(C)CCN(Cc1ccc(cc1)OC)c2ncccn2,1,0,0,[0 0 0 ... 0 0 0],0.019166666666666665,0.05885088472071784,0.0,0.015935883673962554,0.07139353398188801,0.0
10,567,567,C[n+]1ccccc1/C=N/O,1,0,0,[0 0 0 ... 0 0 0],0.04,0.08377583162515179,0.0,0.0351418203683762,0.10693480131654022,0.2
11,1085,1085,CC[NH+](CC)Cc1cc(ccc1O)Nc2ccnc3c2ccc(c3)Cl,1,0,0,[0 0 0 ... 0 0 0],0.09333333333333332,0.028528032919881603,0.0,0.0013931535975993186,0.10363118041452918,0.0
12,1298,1298,CCn1cc(c(=O)c2c1c(c(c(c2)F)N3CC[NH2+]C(C3)C)F)C(=O)[O-],1,0,0,[0 0 0 ... 0 0 0],0.06285714285714286,0.033395993829671455,0.0,0.0027408938867618344,0.04830063703449078,0.0
13,1092,1092,CC[NH+](CC)CCOC(=O)c1ccc(cc1)N,1,0,0,[0 0 0 ... 0 0 0],0.0,0.038708409117913095,0.0,0.0037141302870480524,0.03977075894321539,0.0
14,424,424,C[C@@H]1C[C@H]2[C@@H]3CCC4=CC(=O)C=C[C@@]4([C@]3([C@H](C[C@@]2([C@]1(C(=O)CCl)OC(=O)c5ccco5)C)O)Cl)C,1,0,0,[0 0 0 ... 0 0 0],0.0225,0.03800590620411432,0.0,0.008791264095378063,0.07824284484408674,0.0
15,356,356,C1CN1P(=S)(N2CC2)N3CC3,1,0,0,[0 0 0 ... 0 0 0],0.08,0.1710581449494626,0.0,0.035415008289232365,0.05954070667184573,0.2
16,142,142,c1cc(c(c(c1)Cl)Cl)N2CC[NH+](CC2)CCCCOc3ccc4c(c3)NC(=O)CC4,1,0,0,[0 0 0 ... 0 0 0],0.29666666666666663,0.04252421046941074,0.0,0.03318567730187311,0.07816629486125178,0.4
17,907,907,CC1=C(C(CCC1)(C)C)/C=C/C(=C/C=C/C(=C\C(=O)[O-])/C)/C,1,0,0,[0 0 0 ... 0 0 0],0.0,0.03198224127314248,0.0,0.006206953974952961,0.0489556659245105,0.0
18,611,611,C[NH+]1CC[C@]23c4c5ccc(c4O[C@H]2[C@H](C=C[C@H]3[C@H]1C5)O)O,1,0,0,[0 0 0 ... 0 0 0],0.033,0.10014119561463636,0.0,0.011723577335954628,0.0367660043611917,0.0
19,232,232,c1cc2c(nc1)C(=C3CC[NH2+]CC3)c4ccc(cc4CC2)Cl,1,0,0,[0 0 0 ... 0 0 0],0.07,0.021678177801426272,0.0,0.002688823870453256,0.07139353398188801,0.2
20,324,324,c1ccc2c(c1)C3=[NH+]CCN3C2(c4ccc(cc4)Cl)O,1,0,0,[0 0 0 ... 0 0 0],0.0525,0.04588163746020676,0.0,0.013387114908363047,0.10330292269596882,0.2
21,1118,1118,CCC(=O)[C@]1([C@@H](CC2[C@@]1(C[C@@H](C3C2CCC4=CC(=O)C=C[C@]34C)O)C)C)C,1,0,0,[0 0 0 ... 0 1 0],0.04666666666666666,0.16475383693221696,0.0,0.04721066407592372,0.05810423418540297,0.0
22,1289,1289,CCN(CC)c1ccc(cc1)C(=C2C=CC(=[N+](CC)CC)C=C2)c3cc(ccc3S(=O)(=O)[O-])S(=O)(=O)[O-],1,0,0,[0 0 0 ... 0 0 1],0.08333333333333331,0.10332356370404372,0.0,0.04425115464184628,0.043936411719280234,0.0
23,620,620,C[NH+]1CCC(=C2c3ccccc3C=Cc4c2cccc4)CC1,1,0,0,[0 0 0 ... 0 0 0],0.03,0.029667949158488242,0.0,0.0023578543878310736,0.04182138523230856,0.2
24,697,697,CC(C)(CO)[C@H](C(=O)NCCC(=O)[O-])O,1,0,0,[0 1 0 ... 0 0 0],0.0,0.007890183503926135,0.0,0.0005404484797022071,0.036922921785847496,0.0
25,254,254,c1ccc(cc1)C(c2ccccc2)([C@@H]3CC[NH+](C3)CCc4ccc5c(c4)CCO5)C(=O)N,1,0,0,[0 0 0 ... 0 0 0],0.04,0.03381281870146084,0.0,0.0021357921356414057,0.028010958763121405,0.0
26,1249,1249,CCCCCCCCCCCCCCCCCCCCCCO,1,0,0,[0 0 0 ... 0 0 0],0.01,0.038293511818185376,0.0,0.0024568187569503617,0.04450270134012778,0.2
27,1317,1317,CCOC(=O)[C@H](CCc1ccccc1)[NH2+][C@@H](C)C(=O)N2Cc3cc(c(cc3C[C@H]2C(=O)[O-])OC)OC,1,0,0,[0 1 0 ... 0 0 0],0.02,0.012707054282869215,0.0,0.0003522151003982753,0.022392552606165895,0.0
28,538,538,C[C@H]1C[C@H]2[C@@H]3CCC4=CC(=O)C=C[C@@]4([C@]3([C@H](C[C@@]2([C@]1(C(=O)CO)OC(=O)c5ccccc5)C)O)F)C,1,0,0,[0 0 0 ... 0 0 0],0.06666666666666667,0.06961086362639932,0.0,0.112726825923934,0.0846381837587241,0.2
29,183,183,c1cc(ccc1C(=O)N[C@@H](CCC(=O)[O-])C(=O)[O-])NCc2cnc3c(n2)c(=O)nc([nH]3)N,1,0,0,[0 1 0 ... 0 0 0],0.12,0.049669654663534776,0.0,0.021026226525269344,0.09810277831544156,0.2
30,55,55,C(CC(C(F)F)(C(=O)[O-])[NH3+])C[NH3+],1,0,0,[0 1 0 ... 0 0 0],0.0,0.030486866177079762,0.0,0.0008075548537818068,0.02314417872571171,0.0
31,410,410,C[C@@H]1[C@H]([C@@H]([C@@H](C(O1)OC\2CC(C(C(CC(=O)CC(C(CCC(CC(CC(CC(=O)OC(C(C(C(/C=C/C=C/CC/C=C/C=C/C=C/C=C2)C)O)C)C)O)O)O)O)O)O)C(=O)[O-])O)O)[NH3+])O,1,0,0,[0 0 0 ... 0 0 0],0.0725,0.08849539285147465,0.0,0.007468010678883268,0.04460925311638507,0.0
32,502,502,C[C@H](C(=O)N)NC(=O)[C@@H]1CCCN1C(=O)[C@H](CCCNC(=[NH2+])N)NC(=O)[C@H](CC(C)C)NC(=O)[C@@H](CCCNC(=O)N)NC(=O)[C@H](Cc2ccc(cc2)O)NC(=O)[C@H](CO)NC(=O)[C@@H](Cc3cccnc3)NC(=O)[C@@H](Cc4ccc(cc4)Cl)NC(=O)[C@@H](Cc5ccc6ccccc6c5)NC(=O)C,1,0,0,[0 1 0 ... 0 0 0],0.029166666666666664,0.013594702540324678,0.0,0.002373981997802844,0.15865450762396638,0.0
33,1036,1036,Cc1ncc(n1CCO)[N+](=O)[O-],1,0,0,[0 0 0 ... 0 0 0],0.0,0.01366450959180149,0.0,0.0017556091306023974,0.054568819926832345,0.0
34,948,948,Cc1c(noc1N(C(=O)C)S(=O)(=O)c2ccc(cc2)N)C,1,0,0,[0 0 0 ... 0 0 0],0.01,0.07021631789464063,0.0,0.00998919129344811,0.06946559956647912,0.0
35,255,255,c1ccc(cc1)C(c2ccccc2)(C(=O)OC3CC4CCC(C3)[N+]45CCCC5)O,1,0,0,[0 0 0 ... 0 0 0],0.02,0.09385216183769891,0.0,0.028131531270083804,0.04450270134012778,0.0
36,880,880,CC1(C(=O)N(C(=O)N1)c2ccc(c(c2)C(F)(F)F)[N+](=O)[O-])C,1,0,0,[0 0 0 ... 0 0 0],0.03,0.04210178307487276,0.0,0.020457799613349675,0.05114798316311137,0.0
37,988,988,C=C1CC[C@]2([C@H]3Cc4ccc(c5c4[C@]2([C@H]1O5)CC[NH+]3CC6CC6)O)O,1,0,0,[0 0 0 ... 0 0 0],0.06,0.026873900406226836,0.0,0.0021146400903301176,0.0367660043611917,0.0
38,542,542,C[C@H]1CCC=C([C@]12CC[C@H](C2)C(=C)C)C,1,0,0,[0 0 0 ... 0 1 0],0.11,0.18997079464676098,0.0,0.08501232352178642,0.06405150307497805,0.2
39,1241,1241,CCCCCCCCCCC[C@@H](C[C@H]1[C@@H](C(=O)O1)CCCCCC)OC(=O)[C@H](CC(C)C)NC=O,1,0,0,[0 1 0 ... 0 0 1],0.1,0.17647113606220485,0.0,0.08932179365542134,0.1617536515980069,0.0
40,1203,1203,CCCC[NH+](CCCC)CCC(c1cc2c(cc(cc2Cl)Cl)c3c1ccc(c3)C(F)(F)F)O,1,0,0,[0 1 0 ... 1 0 0],0.016666666666666666,0.015487690805882448,0.0,0.0005956898890534284,0.05093549196361413,0.0
41,962,962,Cc1c[nH]nc1,1,0,0,[0 0 0 ... 0 0 0],0.02,0.0353437653625339,0.0,0.006958639431827586,0.06070688155753293,0.2
42,893,893,Cc1c(c(c(c(c1C(=O)[O-])I)NC(=O)C)I)C(=O)NC,1,0,0,[0 0 0 ... 0 0 0],0.0,0.05929226326959686,0.0,0.004127076150717889,0.05276333843207975,0.0
43,946,946,Cc1c(nc[nH]1)CSCCN/C(=N/C#N)/NC,1,0,0,[0 0 0 ... 0 0 0],0.1025,0.10351250201000226,0.0,0.06906385991351587,0.13730137553985222,0.2
44,998,998,CC1=CC=C(C=C1)C2=CC(=NN2C3=CC=C(C=C3)S(=O)(=O)N)C(F)(F)F,1,1,1,[0 0 0 ... 0 0 0],0.14,0.12210775707689052,0.0,0.09789000117075299,0.07756184653845001,0.2
45,90,90,C1[C@H]([C@@H]([C@H]([C@@H]([C@H]1[NH3+])O[C@@H]2[C@@H]([C@H]([C@@H]([C@H](O2)C[NH3+])O)O)O)O)O[C@@H]3[C@@H]([C@H]([C@@H]([C@H](O3)CO)O)[NH3+])O)[NH3+],1,0,0,[0 0 0 ... 0 0 0],0.01,0.039259134412752646,0.0,0.00297294916942884,0.03587787620111466,0.0
46,19,19,C#N,1,0,0,[0 0 0 ... 0 0 0],0.15666666666666665,0.0763317110620314,0.0,0.01296527833744177,0.04450270134012778,0.2
47,939,939,Cc1c(ccnc1C[S@@](=O)c2[nH]c3ccccc3n2)OCC(F)(F)F,1,0,0,[0 0 0 ... 0 0 0],0.0,0.03033334910386602,0.0,0.0027395963974034235,0.08157426607837781,0.0
48,556,556,C[N+]1(CCC(C1)OC(=O)C(c2ccccc2)(C3CCCC3)O)C,1,0,0,[0 0 0 ... 0 0 0],0.01,0.05129665478011676,0.0,0.008478801613470286,0.04450270134012778,0.0
49,83,83,C1[C@@H]([C@H]([C@@H]([C@H]([NH+]1CCO)CO)O)O)O,1,0,0,[0 0 0 ... 0 0 0],0.01,0.03882649147441694,0.0,0.004326008543102108,0.038084509763581735,0.2
50,773,773,CC(c1cccc(c1)C(=O)c2ccccc2)C(=O)[O-],1,0,0,[0 1 0 ... 0 0 0],0.03,0.035301127543291455,0.0,0.002461021184655113,0.02237232922846889,0.0
51,689,689,CC(C)(C)NC(=O)[C@@H]1C[C@@H]2CCCC[C@@H]2C[NH+]1C[C@H]([C@H](Cc3ccccc3)NC(=O)[C@H](CC(=O)N)NC(=O)c4ccc5ccccc5n4)O,1,0,0,[0 1 0 ... 0 0 0],0.1525,0.030822492030268826,0.0,0.0038871659798894623,0.0718177029026661,0.0
52,1135,1135,CCC(=O)OCC(=O)[C@]1([C@@H](C[C@@H]2[C@@]1(C[C@@H]([C@H]3[C@H]2[C@@H](CC4=CC(=O)C=C[C@]34C)Cl)O)C)C)OC(=O)CC,1,0,0,[0 0 0 ... 0 0 0],0.035,0.05270102320403241,0.0,0.005596265642014511,0.09141836707649081,0.0
53,576,576,C[NH+](C)CC[C@@H](c1ccc(cc1)Br)c2ccccn2,1,0,0,[0 1 0 ... 0 0 0],0.04,0.05247637995460643,0.0,0.007231844902199684,0.06399380606686547,0.0
54,344,344,c1ccnc(c1)[N-]S(=O)(=O)c2ccc(cc2)N,1,0,0,[0 0 0 ... 0 0 0],0.02,0.040916258637418455,0.0,0.01491516114815886,0.055841461393519844,0.0
55,550,550,C[N+](C)(C)CCOC(=O)N,1,0,0,[0 0 0 ... 0 0 0],0.0,0.0411087089530998,0.0,0.01120521428312188,0.0524962453464723,0.0
56,1430,1430,COC(=O)CCC(=O)C[NH3+],1,0,0,[0 0 0 ... 0 0 0],0.02,0.060044948366088015,0.0,0.009228547698386253,0.04979861253533625,0.0
57,349,349,c1cn(c(=O)nc1N)[C@H]2CC[C@H](O2)CO,1,0,0,[0 0 0 ... 0 0 0],0.195,0.10917944382138012,0.0,0.10716897068223066,0.10606599163480271,0.8
58,1019,1019,Cc1ccccc1N2CC[NH+](CC2)CCc3nnc4n3CCCC4,1,0,0,[0 0 0 ... 0 0 0],0.095,0.025926230220285264,0.0,0.0015250586441473747,0.06949106159079217,0.2
59,445,445,C[C@]1(c2cccc(c2C(=O)C3=C([C@]4([C@@H]([C@H]([C@@H]31)O)[C@@H](C(=C(C4=O)C(=O)N)[O-])[NH+](C)C)O)[O-])[O-])O,1,0,0,[0 0 0 ... 0 0 0],0.05,0.013093026716933905,0.0,0.002804215752975634,0.04738466273550853,0.0
60,518,518,C[C@H]1[C@@]([C@H]([C@@H](O1)O[C@@H]2[C@H]([C@@H]([C@H]([C@@H]([C@H]2O)O)NC(=[NH2+])N)O)NC(=[NH2+])N)O[C@H]3[C@H]([C@@H]([C@H]([C@@H](O3)CO)O)O)[NH2+]C)(C=O)O,1,0,0,[0 0 0 ... 0 0 0],0.06,0.06297943222775933,0.0,0.03975038491583577,0.11919765210948424,0.0
61,483,483,C[C@]12CCC(=O)C=C1CC[C@@H]3[C@@]2([C@H](C[C@]4([C@H]3CC[C@]4(C)O)C)O)F,1,0,0,[0 0 0 ... 0 0 0],0.01,0.01659092752369807,0.0,0.007382407126510981,0.06296594693370466,0.0
62,300,300,c1ccc(cc1)CSCC2=NS(=O)(=O)c3cc(c(cc3N2)Cl)S(=O)(=O)N,1,0,0,[0 0 0 ... 0 0 0],0.05333333333333333,0.06057713179782416,0.0,0.01803780591381112,0.07885225267085019,0.0
63,849,849,CC(=O)OCC(=O)[C@@]12[C@@H](C[C@@H]3[C@@]1(C[C@@H]([C@]4([C@H]3CCC5=CC(=O)C=C[C@@]54C)F)O)C)OC6(O2)CCCC6,1,0,0,[0 0 0 ... 0 0 0],0.016666666666666666,0.04103559598216776,0.0,0.014504581481455683,0.0846381837587241,0.0
64,1133,1133,CCC(=O)O[C@H]1CC[C@@H]2[C@@]1(CC[C@H]3[C@H]2CCC4=CC(=O)CC[C@]34C)C,1,0,0,[0 0 0 ... 0 0 0],0.0,0.030535934933035875,0.0,0.0034728566020794122,0.05810423418540297,0.0
65,610,610,C[NH+]1CC[C@@]23CCCC[C@@H]2[C@@H]1Cc4c3cc(cc4)OC,1,0,0,[0 0 0 ... 0 0 0],0.0,0.042728694924282044,0.0,0.0033544570233209775,0.0367660043611917,0.0
66,296,296,c1ccc(cc1)CN2C3C[S+]4CCCC4C3N(C2=O)Cc5ccccc5,1,0,0,[1 0 0 ... 0 1 0],0.07,0.15785238641102384,0.0,0.09299940239735112,0.04981219791409792,0.0
67,1099,1099,CC\1=C(c2cc(ccc2/C1=C\c3ccc(cc3)S(=O)C)F)CC(=O)[O-],1,0,0,[0 0 0 ... 0 0 0],0.02,0.028069437495460484,0.0,0.0010374387212879377,0.024617055968518507,0.0
68,1199,1199,CCCc1nc(c2n1[nH]c(nc2=O)c3cc(ccc3OCC)S(=O)(=O)N4CC[NH+](CC4)CC)C,1,0,0,[0 0 0 ... 0 0 0],0.11,0.06615176611225523,0.0,0.008623353360360434,0.0418239371599981,0.0
69,1068,1068,CC[C@H](C)C(=O)O[C@H]1C[C@@H](C=C2[C@H]1[C@H]([C@H](C=C2)C)CC[C@H](C[C@H](CC(=O)[O-])O)O)O,1,0,0,[0 1 0 ... 0 0 0],0.33,0.1730914464655986,0.0,0.026639764817569696,0.04331737907921801,0.2
70,519,519,C[C@H]1[C@@H]([C@H](C[C@@H](O1)O[C@H]2C[C@@](Cc3c2c(c4c(c3[O-])C(=O)c5cccc(c5C4=O)OC)[O-])(C(=O)CO)O)[NH3+])O,1,0,0,[0 0 0 ... 0 0 0],0.08,0.09093495325740282,0.0,0.10007994766895989,0.04737874347855122,0.2
71,32,32,C(=[NH2+])(N)N,1,0,0,[0 0 0 ... 0 0 0],0.01,0.03733357063496244,0.0,0.0046014604886267275,0.04450270134012778,0.2
72,160,160,c1cc(c(cc1Cl)Cl)COC(Cn2ccnc2)c3ccc(cc3Cl)Cl,1,0,0,[0 1 0 ... 0 0 0],0.02,0.04765892376521586,0.0,0.00850625341685103,0.09398032499760536,0.0
73,1078,1078,CC[N+](CC)(CC)CCOc1cccc(c1OCC[N+](CC)(CC)CC)OCC[N+](CC)(CC)CC,1,0,0,[0 0 0 ... 0 0 0],0.04,0.14863080752201976,0.0,0.06449929187320558,0.07438846142905689,0.2
74,864,864,CC1([C@@H](N2[C@H](S1(=O)=O)CC2=O)C(=O)[O-])C,1,0,0,[0 0 0 ... 0 0 0],0.02,0.04166797477172875,0.0,0.008628800365134328,0.044838894329284756,0.0
75,123,123,C1C(N(C2=C(N1)NC(=NC2=O)N)C=O)CNC3=CC=C(C=C3)C(=O)N[C@@H](CCC(=O)O)C(=O)O,0,1,1,[0 1 0 ... 0 0 0],0.39,0.45774758129482296,0.0,0.9581761744253599,0.7107011933766767,0.4
76,1194,1194,CCCC(=O)OCOC(=O)C1=C(NC(=C(C1c2cccc(c2Cl)Cl)C(=O)OC)C)C,1,0,0,[0 0 0 ... 0 0 0],0.03,0.030729052954238265,0.0,0.026338522061894656,0.11022615605481983,0.0
77,1076,1076,CC[N+](C)(CC)CCOC(=O)C1c2ccccc2Oc3c1cccc3,1,0,0,[0 0 0 ... 0 0 0],0.0,0.04389980068363058,0.0,0.006997073701869744,0.0524962453464723,0.0
78,603,603,C[NH+](CCCl)CCCl,1,0,0,[0 0 0 ... 0 0 0],0.02,0.014953333454257494,0.0,0.0008842152148259391,0.03401071799952031,0.2
79,4,4,[H]/[NH+]=C(\N)/c1ccc(cc1)OCCCCCOc2ccc(cc2)/C(=[NH+]/[H])/N,1,0,0,[0 0 0 ... 0 0 0],0.025,0.1916011448387173,0.0,0.21601860486340485,0.0524962453464723,0.2
80,1061,1061,CC[C@@H]1C(=O)N2CCC[C@H]2C(=O)N([C@H](C(=O)N3CC(C(=O)CC3C(=O)N[C@H](C(=O)O[C@@H]([C@@H](C(=O)N1)NC(=O)c4c(cccn4)O)C)c5ccccc5)CS[C@@H]6C[NH+]7CCC6CC7)Cc8ccc(cc8)N(C)C)C,1,0,0,[0 0 0 ... 0 0 0],0.142,0.01780477326088022,0.0,0.00386003411515124,0.15323122438834563,0.0
81,1427,1427,COC(=O)[C@H](c1ccccc1Cl)[NH+]2CCc3c(ccs3)C2,1,0,0,[0 1 0 ... 0 0 0],0.01,0.015445435172887599,0.0,0.0005943584458283911,0.03900278674055994,0.0
82,664,664,CC(C)(C#N)c1cc(cc(c1)C(C)(C)C#N)Cn2cncn2,1,0,0,[1 0 0 ... 0 0 0],0.66,0.48170857126839567,0.0,0.6763105594918526,0.09398032499760536,0.6
83,35,35,C(C(C(=O)[O-])O)(C(=O)[O-])O,1,0,0,[0 1 0 ... 0 0 0],0.02,0.03371138457381491,0.0,0.0020996074854351555,0.02237232922846889,0.0
84,1267,1267,CCCCOc1cc(ccc1N)C(=O)OCC[NH+](CC)CC,1,0,0,[0 0 0 ... 0 0 0],0.0,0.04188786272562294,0.0,0.005081719450426106,0.04695612388461964,0.0
85,681,681,CC(C)(C)C#C/C=C/C[NH+](C)Cc1cccc2c1cccc2,1,0,0,[0 0 0 ... 0 0 0],0.03,0.04938127468280882,0.0,0.00675152426928848,0.047011064016512574,0.2
86,53,53,C(C[NH3+])C(O)(P(=O)([O-])[O-])P(=O)([O-])[O-],1,0,0,[0 0 0 ... 0 0 0],0.0,0.0154784398121367,0.0,0.00038612751260267076,0.01795587146394789,0.0
87,900,900,Cc1c(c(c(c2c1O[C@](CC2)(C)CCC[C@H](C)CCC[C@H](C)CCCC(C)C)C)OC(=O)C)C,1,0,0,[0 1 0 ... 0 0 0],0.04166666666666666,0.12519953409806903,0.0,0.02381103358735022,0.04297192128233699,0.0
88,841,841,CC(=O)O[C@H]1CC[C@@H]2[C@H]3CC[C@]4([C@H]([C@@H]3CCC2=C1)CC[C@]4(C#C)OC(=O)C)C,1,0,0,[0 0 0 ... 0 0 0],0.026666666666666665,0.07605623753167587,0.0,0.02053925776795857,0.05810423418540297,0.0
89,422,422,C[C@@H]1C[C@H]2[C@@H]3C[C@@H](C4=CC(=O)C=C[C@@]4([C@]3([C@H](C[C@@]2([C@H]1C(=O)COC(=O)C(C)(C)C)C)O)Cl)C)F,1,0,0,[0 0 0 ... 0 0 0],0.02,0.06057749983175827,0.0,0.012815425315682024,0.0846381837587241,0.0
90,153,153,c1cc(c(cc1C(=O)Nc2c(cncc2Cl)Cl)OCC3CC3)OC(F)F,1,0,0,[0 1 0 ... 0 0 0],0.1075,0.02435049151182237,0.0,0.009525018566978224,0.10550160676839307,0.0
91,489,489,C[C@]12CCC3=C4CCC(=O)C=C4CC[C@H]3[C@@H]1CC[C@]2(CC#N)O,1,0,0,[0 0 0 ... 0 0 0],0.03,0.15969358254665217,0.0,0.03387976052475286,0.05810423418540297,0.0
92,1324,1324,CCOC(=O)C1(CC[NH+](CC1)CCc2ccc(cc2)N)c3ccccc3,1,0,0,[0 0 0 ... 0 0 0],0.02,0.01884567445811761,0.0,0.0007916373026627017,0.0367660043611917,0.0
93,872,872,CC1([C@@H](N2[C@H](S1)[C@@H](C2=O)NC(=O)C3(CCCCC3)[NH3+])C(=O)[O-])C,1,0,0,[0 0 1 ... 0 0 0],0.04,0.021770561110264743,0.0,0.004105334750068869,0.03696919049089928,0.0
94,560,560,C[N+]1(CCc2cc(c3cc2[C@@H]1Cc4ccc(cc4)Oc5c6c(cc(c5OC)OC)CC[N+]([C@@H]6Cc7ccc(c(c7)O3)OC)(C)C)OC)C,1,0,0,[0 0 1 ... 0 0 0],0.125,0.22425855485553206,0.0,0.09194118647448013,0.0807794142982824,0.2
95,1356,1356,CN(C)/C=[NH+]/c1c(cc(c(c1I)CCC(=O)[O-])I)I,1,0,0,[0 0 0 ... 0 0 0],0.0775,0.048198660553368584,0.0,0.0026182103856745085,0.02934921138304618,0.0
96,744,744,CC(C)CC(C(=O)NC(CCC[NH+]=C(N)N)C(=O)N1CCCC1C(=O)NNC(=O)N)NC(=O)C(COC(C)(C)C)NC(=O)C(Cc2ccc(cc2)O)NC(=O)C(CO)NC(=O)C(Cc3c[nH]c4c3cccc4)NC(=O)C(Cc5cnc[nH]5)NC(=O)C6CCC(=O)N6,1,0,0,[0 1 0 ... 0 0 0],0.3633333333333333,0.36321010720436503,0.0,0.4178375655666942,0.15865450762396638,0.2
97,868,868,CC1([C@@H](N2[C@H](S1)[C@@H](C2=O)NC(=O)[C@@H](c3ccccc3)[NH3+])C(=O)[O-])C,1,0,0,[0 1 0 ... 0 0 0],0.0,0.01506428340448338,0.0,0.001752591304172056,0.05057548702841084,0.0
98,481,481,C[C@]12CCC(=O)C=C1C[C@H]([C@@H]3[C@]24[C@H](O4)C[C@]5([C@H]3CC[C@@]56CCC(=O)O6)C)C(=O)OC,1,0,0,[0 0 0 ... 0 0 0],0.085,0.019365160207976774,0.0,0.005148123445142645,0.07993387762199221,0.0
99,1093,1093,CC[NH+](CC)CCOC(=O)c1ccc(cc1Cl)N,1,0,0,[0 0 0 ... 0 0 0],0.02,0.07778667504877784,0.0,0.0062160622528744025,0.03977075894321539,0.0
100,1191,1191,CCCC(=O)O[C@@]1(CC[C@@H]2[C@@]1(C[C@@H]([C@]3([C@H]2C[C@@H](C4=CC(=O)C=C[C@@]43C)F)F)O)C)C(=O)COC(=O)C,1,0,0,[0 0 0 ... 0 0 0],0.04,0.058123750304372876,0.0,0.007197632702653522,0.0846381837587241,0.0
101,321,321,c1ccc2c(c1)C(=O)NC2(c3ccc(c(c3)S(=O)(=O)N)Cl)O,1,0,0,[0 0 0 ... 0 0 0],0.03,0.033402293029560354,0.0,0.005689410539983138,0.04982671912953306,0.0
102,484,484,C[C@]12CCC(=O)C=C1CC[C@@H]3[C@@H]2[C@H](C[C@]4([C@H]3CC[C@@]4(C(=O)CO)O)C)O,1,1,1,[0 0 0 ... 0 0 0],0.02,0.03426298802904649,0.0,0.01768940243204377,0.05810423418540297,0.0
103,212,212,C1CC(=O)NC(=O)C1N2CC3=C(C2=O)C=CC=C3N,0,1,1,[0 0 1 ... 0 0 0],0.401,0.27091861414011115,0.0,0.2972777562232171,0.06492622575610413,0.4
104,1480,1480,O=[Ti]=O,1,0,0,[0 0 0 ... 0 0 0],0.1,0.0682644918614097,0.0,0.012326421182536062,0.04450270134012778,0.2
105,915,915,CC1=C(C(=O)C2=C(C1=O)[NH+]3C[C@H]4[C@@H]([C@@]3([C@@H]2COC(=O)N)OC)N4)[NH3+],1,0,0,[0 0 0 ... 0 1 0],0.16333333333333333,0.057158777052501455,0.0,0.02373878957055305,0.08782411359321271,0.2
106,1003,1003,Cc1ccc(cc1Nc2nccc(n2)c3cccnc3)C(=O)Nc4cc(cc(c4)n5cc(nc5)C)C(F)(F)F,1,0,0,[0 0 0 ... 0 0 0],0.7659999999999999,0.4817733297654268,0.0,0.9090620791635851,0.34309797919911394,0.6
107,684,684,CC(C)(C)c1cc(cc(c1O)C(C)(C)C)SC(C)(C)Sc2cc(c(c(c2)C(C)(C)C)O)C(C)(C)C,1,0,0,[0 0 0 ... 0 0 0],0.01,0.033149337354531204,0.0,0.003355154400040207,0.06328406006514294,0.2
108,1346,1346,CCOP(=O)(OCC)SCC[N+](C)(C)C,1,0,0,[0 0 0 ... 0 0 0],0.04,0.06439179797674406,0.0,0.009266783927683353,0.13862749683738781,0.0
109,532,532,C[C@H]1C[C@H]2[C@@H]3CC[C@@]([C@]3(C[C@@H]([C@@]2([C@@]4(C1=CC(=O)C=C4)C)F)O)C)(C(=O)C)O,1,0,0,[0 0 0 ... 0 0 0],0.02,0.048417584588819784,0.0,0.01679216676635489,0.0846381837587241,0.2
110,1331,1331,CCOC(=O)CCCCCCCCC(C)c1ccccc1I,1,0,0,[0 1 0 ... 0 0 0],0.015,0.03135204418017581,0.0,0.001701607218731038,0.04450270134012778,0.0
111,1141,1141,CCC1(C(=O)N(C(=O)O1)C)C,1,0,0,[0 0 0 ... 0 0 0],0.0,0.04833397883819051,0.0,0.02514090147789279,0.08613753419667193,0.2
112,54,54,C(C[NH3+])C[NH2+]CCSP(=O)([O-])[O-],1,0,0,[0 0 0 ... 0 0 0],0.0,0.006516290717856339,0.0,5.213085035940771e-05,0.01795587146394789,0.0
113,1185,1185,CCCC(C)C1(C(=O)NC(=O)NC1=O)CC=C,1,0,0,[0 1 0 ... 0 0 0],0.01,0.09185132371742408,0.0,0.017176884046344702,0.06844426313707071,0.0
114,879,879,CC1(C(C1C(=O)OCc2cccc(c2)Oc3ccccc3)C=C(Cl)Cl)C,1,0,0,[0 0 0 ... 0 0 0],0.015,0.13317274305052348,0.0,0.08801964743433274,0.1086919191153819,0.0
115,15,15,B([C@H](CC(C)C)NC(=O)CNC(=O)C1=C(C=CC(=C1)Cl)Cl)(O)O,0,1,1,[0 1 0 ... 0 0 0],0.065,0.041128171942189075,0.0,0.01253713047975757,0.10718416002041228,0.0
116,1314,1314,CCOC(=O)[C@H](CCc1ccccc1)[NH2+][C@@H](C)C(=O)N2[C@H]3CCC[C@H]3C[C@H]2C(=O)[O-],1,0,0,[0 1 0 ... 0 0 0],0.0,0.008327568787554217,0.0,7.81248210330474e-05,0.022392552606165895,0.0
117,541,541,C[C@H]1C[NH+](CC[C@@]1(C)c2cccc(c2)O)C[C@H](Cc3ccccc3)C(=O)NCC(=O)[O-],1,0,0,[0 1 0 ... 0 0 0],0.055,0.003520313171458967,0.0,7.483470565255941e-05,0.025732417864241915,0.0
118,192,192,c1cc(ccc1C[NH3+])S(=O)(=O)N,1,0,0,[0 0 0 ... 0 0 0],0.01,0.026414269855151152,0.0,0.0012821838551620444,0.01795587146394789,0.0
119,496,496,C[C@H]([C@@H](C(=O)NCC(=O)N[C@@H](Cc1c[nH]c2c1cccc2)C(=O)N[C@@H](CCSC)C(=O)N[C@@H](CC(=O)[O-])C(=O)N[C@@H](Cc3ccccc3)C(=O)N)NC(=O)[C@H](Cc4ccc(cc4)OS(=O)(=O)[O-])NC(=O)[C@H](CC(=O)[O-])NC(=O)[C@H](CCC(=O)N)NC(=O)[C@@H]5CCC(=O)N5)O,1,0,0,[1 1 0 ... 0 0 0],0.1475,0.017853162491722915,0.0,0.0039308883667748705,0.03868581519571188,0.0
120,778,778,CC(C[NH2+]C1CCCCC1)OC(=O)c2ccccc2,1,0,0,[0 1 1 ... 0 0 0],0.0,0.03138400762307847,0.0,0.0030901830240936826,0.04450270134012778,0.0
121,433,433,C[C@@H]1CC[C@H]2C[C@@H](/C(=C/C=C/C=C/[C@H](C[C@H](C(=O)[C@@H]([C@@H](/C(=C/[C@H](C(=O)C[C@H](OC(=O)[C@@H]3CCCCN3C(=O)C(=O)[C@@]1(O2)O)[C@H](C)C[C@@H]4CC[C@H]([C@@H](C4)OC)O)C)/C)O)OC)C)C)/C)OC,1,0,0,[0 1 0 ... 0 0 0],0.37233333333333335,0.06544922717804678,0.0,0.1397271317524053,0.26017027447789565,0.2
122,955,955,CC1=C2[C@H](C(=O)[C@@]3([C@H](C[C@@H]4[C@]([C@H]3[C@@H]([C@@](C2(C)C)(C[C@@H]1OC(=O)[C@@H]([C@H](c5ccccc5)NC(=O)OC(C)(C)C)O)O)OC(=O)c6ccccc6)(CO4)OC(=O)C)OC)C)OC,1,0,0,[0 1 0 ... 0 0 0],0.62,0.19320949234735446,0.0,0.29903493219997107,0.20079743116837234,0.4
123,1386,1386,Cn1c(nnn1)SCC2=C(N3[C@@H]([C@@H](C3=O)NC(=O)[C@@H](c4ccccc4)O)SC2)C(=O)[O-],1,0,0,[0 1 0 ... 0 0 0],0.03,0.012916965604789912,0.0,0.0006880455774939303,0.06396235805680942,0.0
124,623,623,C[NH+]1CCC(CC1)COc2cc3c(cc2OC)c(ncn3)Nc4ccc(cc4F)Br,1,0,0,[0 0 0 ... 0 0 0],0.11833333333333332,0.06448208607690849,0.0,0.013249668240505181,0.13608653812378438,0.6
125,1114,1114,CCC(c1ccccc1)c2c(c3ccccc3oc2=O)[O-],1,0,0,[0 1 0 ... 0 0 0],0.02,0.05108867900489857,0.0,0.002201765572710891,0.02237232922846889,0.0
126,5,5,[N+](=O)([O-])[O-],1,0,0,[0 0 0 ... 0 0 0],0.04,0.05478728816637003,0.0,0.0077596221118590575,0.02237232922846889,0.2
127,10,10,[O-]S(=O)(=O)[O-],1,0,0,[0 0 0 ... 0 0 0],0.04,0.04799689426585522,0.0,0.005705035981070185,0.02237232922846889,0.2
128,395,395,C[C@@H](C(=O)N[C@@H](C)C(=O)NC1[C@H]2[C@@H]1CN(C2)c3c(cc4c(=O)c(cn(c4n3)c5ccc(cc5F)F)C(=O)[O-])F)[NH3+],1,0,0,[0 1 0 ... 0 0 0],0.0675,0.01489123961388833,0.0,0.0013504199233313919,0.030902916986171265,0.0
129,23,23,C([C@@H]1[C@@H]([C@@H]([C@H]([C@@H](O1)O[C@@H]2[C@H](O[C@@]([C@H]2O)(CO)O)CO)O)O)O)O,1,0,0,[0 0 0 ... 0 0 0],0.075,0.1165266024249124,0.0,0.13837836371005424,0.05810423418540297,0.0
130,906,906,CC1=C(C(CCC1)(C)C)/C=C/C(=C/C=C/C(=C/CO)/C)/C,1,0,0,[0 0 0 ... 0 0 0],0.0,0.04046019753108459,0.0,0.013472575251224007,0.09483114533968509,0.0
131,968,968,Cc1cc(c(cn1)C(=O)N[C@H](c2ccc(cc2)O)C(=O)N[C@H]3[C@@H]4N(C3=O)C(=C(CS4)CSc5nnnn5C)C(=O)[O-])O,1,0,0,[0 1 0 ... 0 0 0],0.06,0.034831975669039394,0.0,0.0017985186124573878,0.07517622781256336,0.0
132,901,901,Cc1c(c(c(c2c1OC(CC2)(C)CCCC(C)CCCC(C)CCCC(C)C)C)OC(=O)C)C,1,0,0,[0 1 0 ... 0 0 0],0.04166666666666666,0.12519953409806903,0.0,0.02381103358735022,0.04297192128233699,0.0
133,378,378,c1nc2c(n1COCCO)[nH]c(nc2=O)N,1,0,0,[0 0 0 ... 0 0 0],0.29416666666666663,0.28413515538074824,0.0,0.6258008811937915,0.22041492642071128,0.2
134,335,335,c1ccc2c(c1)N(c3cc(ccc3S2)C(F)(F)F)CCCN4CC[NH+](CC4)CCO,1,0,0,[0 0 0 ... 0 0 0],0.01,0.048388748751495285,0.0,0.005984490360727422,0.08045366445966852,0.0
135,1042,1042,Cc1nnc2n1-c3ccc(cc3C(=NC2)c4ccccc4Cl)Cl,1,0,0,[0 0 0 ... 0 0 0],0.02,0.013957452279902608,0.0,0.000723246432486159,0.06781244863312988,0.0
136,225,225,c1cc2c(cc1C#N)c(c[nH]2)CCCC[NH+]3CCN(CC3)c4ccc5c(c4)cc(o5)C(=O)N,1,0,0,[0 0 0 ... 0 0 0],0.13,0.03253972628632561,0.0,0.004288995245884494,0.08510031158662017,0.0
137,1096,1096,CC[NH2+][C@@H]1C[C@@H]([C@H]([C@@H]([C@H]1O[C@@H]2[C@@H]([C@H]([C@@](CO2)(C)O)[NH2+]C)O)O)O[C@@H]3[C@@H](CC=C(O3)C[NH3+])[NH3+])[NH3+],1,0,0,[0 0 0 ... 0 0 0],0.07,0.011937250993543754,0.0,0.0009536428607163001,0.04697295998758958,0.2
138,1017,1017,Cc1ccccc1C(=O)Nc2ccc(c(c2)C)C(=O)N3CCCC(c4c3ccc(c4)Cl)O,1,0,0,[0 0 0 ... 0 0 0],0.12,0.30669621044869916,0.0,0.16478025244238564,0.12822371729032253,0.0
139,188,188,c1cc(ccc1c2ccc(o2)/C=N/N3CC(=O)NC3=O)[N+](=O)[O-],1,0,0,[0 0 0 ... 0 0 0],0.06833333333333333,0.0926297024108777,0.0,0.07216629181866055,0.09039496760912251,0.0
140,1439,1439,COc1cc(cc(c1OC)OC)[C@@H]2c3cc4c(cc3[C@@H]([C@@H]5[C@@H]2C(=O)OC5)O)OCO4,1,0,0,[0 0 0 ... 0 0 0],0.115,0.019035808245680106,0.0,0.006077434156677836,0.04450270134012778,0.2
141,742,742,CC(C)C[C@@H](CC(=O)[O-])C[NH3+],1,0,0,[0 1 0 ... 0 0 0],0.0,0.0033740620699087695,0.0,3.4835725575006105e-05,0.015999370742001327,0.0
142,1363,1363,CN(C)C[C@H]1CCCC[C@@]1(C2=CC(=CC=C2)OC)O,0,1,1,[0 0 0 ... 0 0 0],0.14,0.024279912813703713,0.0,0.015449008477318239,0.08807782486298045,0.2
143,403,403,C[C@@H](Cc1ccccc1)NC(=O)[C@H](CCCC[NH3+])[NH3+],1,0,0,[0 1 0 ... 0 0 0],0.04,0.04745091798931906,0.0,0.003619719139001439,0.03674498023344741,0.0
144,261,261,c1ccc(cc1)C(CC[NH+]2CCCCC2)(C3CCCC3)O,1,0,0,[0 0 1 ... 0 0 0],0.0,0.029938359051931065,0.0,0.0010438681147423533,0.028010958763121405,0.0
145,1031,1031,Cc1cnc(c(c1OC)C)CS(=O)c2[nH]c3cc(ccc3n2)OC,1,0,0,[0 0 0 ... 0 0 0],0.04,0.019862817305904105,0.0,0.0020970988586857817,0.0753913716846548,0.0
146,1312,1312,CCOC(=O)/C=C(\C)/C=C/C=C(\C)/C=C/c1c(cc(c(c1C)C)OC)C,1,0,0,[0 0 0 ... 0 0 0],0.01,0.06993975786302213,0.0,0.017935646325046975,0.07991223948980261,0.0
147,1144,1144,CCC1(C(=O)NCNC1=O)c2ccccc2,1,0,0,[0 0 0 ... 0 0 0],0.06,0.09154150303139683,0.0,0.05142615135911561,0.14712904619091727,0.0
148,219,219,c1cc2c(c(c1)N)CN(C2=O)C3CCC(=O)NC3=O,1,0,0,[0 0 1 ... 0 0 0],0.401,0.27091861414011115,0.0,0.2972777562232171,0.06492622575610413,0.4
149,783,783,CC(Cc1ccccc1)[NH2+]C,1,0,0,[0 1 0 ... 0 0 0],0.02,0.03055995577041458,0.0,0.0014777653830483543,0.04450270134012778,0.0
150,143,143,c1cc(c(c(c1)Cl)NC2=[NH+]CCN2)Cl,1,0,0,[0 0 0 ... 0 0 0],0.02,0.03282011661613608,0.0,0.007325105788982404,0.06155623749800352,0.0
151,1021,1021,Cc1ccccc1S(=O)(=O)[N-]C(=O)c2ccc(c(c2)OC)Cc3cn(c4c3cc(cc4)NC(=O)OC5CCCC5)C,1,0,0,[0 0 0 ... 0 0 0],0.15,0.3431123108846263,0.0,0.5891369822293473,0.1252259508022861,0.0
152,193,193,c1cc(ccc1CCc2c[nH]c3c2c(=O)nc([nH]3)N)C(=O)N[C@@H](CCC(=O)[O-])C(=O)[O-],1,0,0,[0 1 0 ... 0 0 0],0.2625,0.09916790694689774,0.0,0.14548968775008836,0.07076550447888348,0.4
153,1473,1473,CS(=O)C,1,0,0,[0 0 0 ... 0 0 0],0.07,0.052710333665333425,0.0,0.00744353081075664,0.04450270134012778,0.2
154,1028,1028,Cc1cn(c(=O)[nH]c1=O)[C@H]2C[C@@H]([C@H](O2)CO)N=[N+]=[N-],1,0,0,[0 0 0 ... 0 0 0],0.0,0.053173907787041674,0.0,0.016212531064913563,0.07355798606529555,0.2
155,1184,1184,CCCC(C)C1(C(=O)NC(=O)NC1=O)CC,1,0,0,[0 1 0 ... 0 0 0],0.01,0.06168467300260467,0.0,0.015712027881207423,0.05810423418540297,0.0
156,1080,1080,CC[NH+](CC)C(C)C(=O)c1ccccc1,1,0,0,[0 1 0 ... 0 0 0],0.05,0.05190231313293183,0.0,0.004678290310877405,0.060898336407480304,0.0
157,2,2,[C@H]([C@@H]([C@@H](C(=O)[O-])O)O)([C@H](C(=O)[O-])O)O,1,0,0,[0 1 0 ... 0 0 0],0.02,0.03108202170721,0.0,0.0019284991426550713,0.02237232922846889,0.0
158,1079,1079,CC[N+](CC)(CCNC(=O)C(=O)NCC[N+](CC)(CC)Cc1ccccc1Cl)Cc2ccccc2Cl,1,0,0,[0 0 0 ... 0 0 0],0.05,0.029011266428201246,0.0,0.003083873273615921,0.08688025040465319,0.0
159,86,86,C1[C@@H](NC(=[NH+][C@H]1O)N)[C@H]2C(=O)NC[C@@H](C(=O)N[C@H](C(=O)N[C@H](C(=O)N/C(=C\\NC(=O)N)/C(=O)N2)CO)CO)NC(=O)C[C@H](CCC[NH3+])[NH3+],1,0,0,[0 1 0 ... 0 0 0],0.11166666666666668,0.21765335895400045,0.0,0.058974273546696106,0.12117627226660915,0.0
160,571,571,C[NH+](C)C[C@H]1CCCC[C@@]1(c2cccc(c2)OC)O,1,0,0,[0 0 0 ... 0 0 0],0.06,0.011609454202722923,0.0,0.0016597992170349152,0.07909611473660948,0.2
161,108,108,c1c(c(cc(c1F)F)F)C[C@H](CC(=O)N2CCn3c(nnc3C(F)(F)F)C2)[NH3+],1,0,0,[0 1 0 ... 0 0 0],0.14619047619047618,0.10183091830358784,0.0,0.055232677849064826,0.12078942796724908,0.2
162,176,176,c1cc(ccc1[C@H]([C@@H](CO)NC(=O)[C-](Cl)Cl)O)[N+](=O)[O-],1,0,0,[0 1 0 ... 0 0 0],0.05,0.19849952514669073,0.0,0.08597053945396872,0.05275024695106838,0.0
163,149,149,c1cc(c(cc1/N=N/c2ccc(c(c2)C(=O)[O-])O)C(=O)[O-])O,1,0,0,[0 0 0 ... 0 0 0],0.0,0.046684734783976486,0.0,0.0037043870749679433,0.02237232922846889,0.0
164,813,813,CC(=O)N(CCCCCNC(=O)CCC(=O)N(CCCCCNC(=O)CCC(=O)N(CCCCC[NH3+])O)O)O,1,0,0,[0 0 0 ... 0 0 0],0.09,0.33662957565567475,0.0,0.04479211357538661,0.05494534991021497,0.0
165,1342,1342,CCOc1ccccc1OCC[NH2+][C@H](C)Cc2ccc(c(c2)S(=O)(=O)N)OC,1,0,0,[0 1 0 ... 0 0 0],0.02333333333333333,0.06847801035512775,0.0,0.015007619460502256,0.06862677906110251,0.0
166,1131,1131,CCC(=O)O[C@H]1[C@H](C[C@@H]2[C@@]1(CC[C@H]3[C@H]2CC[C@@H]4[C@@]3(C[C@@H]([C@H](C4)OC(=O)C)[NH+]5CCCCC5)C)C)[N+]6(CCCCC6)CC=C,1,0,0,[0 0 1 ... 0 0 0],0.01,0.017189850117732355,0.0,0.0003332635099513557,0.043484062739090355,0.0
167,1333,1333,CCOC(=O)Nc1ccc(cc1N)NCc2ccc(cc2)F,1,0,0,[0 0 0 ... 0 0 0],0.095,0.1885102530848823,0.0,0.22774952336621357,0.07901329697920367,0.0
168,1100,1100,CCC#CC(C)C1(C(=O)NC(=O)N(C1=O)C)CC=C,1,0,0,[0 1 0 ... 0 0 0],0.135,0.38673071239870266,0.0,0.32164035274811065,0.10093169220514167,0.0
169,81,81,C1[C@@H]([C@H]([C@@H]([C@H]([C@@H]1[NH3+])O[C@@H]2[C@@H]([C@H]([C@@H]([C@H](O2)CO)O)[NH3+])O)O)O[C@@H]3[C@@H](C[C@@H]([C@H](O3)C[NH3+])O)[NH3+])[NH3+],1,0,0,[0 0 0 ... 0 0 0],0.02,0.03820467425650944,0.0,0.0021295706597183883,0.03587787620111466,0.0
170,1218,1218,CCCCc1c(c2ccccc2o1)C(=O)c3cc(c(c(c3)I)OCC[NH+](CC)CC)I,1,0,0,[0 0 0 ... 0 0 0],0.03857142857142857,0.02188743122471252,0.0,0.0005485232881461994,0.04695612388461964,0.0
171,1074,1074,CC[N+](C)(C)Cc1ccccc1Br,1,0,0,[0 0 0 ... 0 0 0],0.0,0.03447673158990666,0.0,0.0045561006828317855,0.04450270134012778,0.2
172,205,205,c1cc(ccc1OCC(COC(=O)N)O)Cl,1,0,0,[0 1 0 ... 0 0 0],0.0,0.10599833545865643,0.0,0.03705097305255284,0.0524962453464723,0.0
173,20,20,C(#N)[Fe-2](C#N)(C#N)(C#N)(C#N)N=O,1,0,0,[0 0 0 ... 0 0 0],0.05,0.05939941900639868,0.0,0.010373586669142636,0.04450270134012778,0.2
174,1413,1413,CNC1=[NH+]c2ccc(cc2C(=[N+](C1)[O-])c3ccccc3)Cl,1,0,0,[0 0 0 ... 0 0 0],0.1,0.041843586708276946,0.0,0.004013992776680166,0.03451919829056195,0.2
175,97,97,c1[nH]c(=O)c2c(n1)n(cn2)[C@H]3CC[C@H](O3)CO,1,0,0,[0 0 0 ... 0 0 0],0.05333333333333333,0.019090438974413874,0.0,0.022024332577943128,0.10983938256911695,0.2
176,667,667,CC(C)(C(=O)[O-])O/N=C(/c1csc(n1)N)\C(=O)N[C@H]2[C@@H]3N(C2=O)C(=C(CS3)C[n+]4ccccc4)C(=O)[O-],1,0,0,[0 0 0 ... 0 0 0],0.055,0.034715991880973684,0.0,0.002872018512798748,0.047925302380850736,0.0
177,224,224,c1cc2c(cc1)C(=O)C(=C(C2=O)[C@H]3CC[C@@H](CC3)c4ccc(cc4)Cl)[O-],1,0,0,[0 1 0 ... 0 0 0],0.03666666666666667,0.014940084495496646,0.0,0.000558969351915222,0.029535210167348138,0.2
178,228,228,c1cc2c(cc1F)CCC(O2)C(C[NH2+]CC(C3CCc4cc(ccc4O3)F)O)O,1,0,0,[0 1 0 ... 0 0 0],0.08333333333333331,0.1719257286231399,0.0,0.07789256066339299,0.0693981586231791,0.2
179,1382,1382,Cn1c(nnn1)SCC2=C(N3[C@@H]([C@@](C3=O)(NC(=O)C(c4ccc(cc4)O)C(=O)[O-])OC)OC2)C(=O)[O-],1,0,0,[0 1 0 ... 0 0 0],0.16,0.035171639133176065,0.0,0.0011798887954974,0.07144034302205562,0.0
180,1371,1371,CN(CCCNC(=O)C1CCCO1)c2nc3cc(c(cc3c(n2)N)OC)OC,1,0,0,[0 0 0 ... 0 0 0],0.07,0.05365217433208398,0.0,0.017295846482612592,0.08342772560958361,0.0
181,540,540,C[C@H]1C[C@H]2[C@@H]3CCC4=CC(=O)C=C[C@@]4([C@H]3C(=O)C[C@@]2([C@]1(C(=O)CO)O)C)C,1,0,0,[0 0 0 ... 0 0 0],0.41583333333333333,0.3532211694236971,0.0,0.6651936246614146,0.05810423418540297,0.4
182,1,1,[C@@H]1([C@@H]([C@@H]([C@H]([C@@H]([C@@H]1Cl)Cl)Cl)Cl)Cl)Cl,1,0,0,[0 0 0 ... 0 0 0],0.03,0.0692169521453025,0.0,0.008842982677875214,0.04450270134012778,0.2
183,750,750,CC(C)CN(C[C@H]([C@H](Cc1ccccc1)NC(=O)O[C@H]2CCOC2)O)S(=O)(=O)c3ccc(cc3)N,1,0,0,[0 1 0 ... 0 0 0],0.04,0.11864882713934839,0.0,0.03220381352659296,0.07328148776080344,0.0
184,1232,1232,CCCCCCCC(=O)CC[C@H]1[C@@H](C[C@@H]([C@@H]1C/C=C\CCCC(=O)OC(C)C)O)O,1,0,0,[0 1 0 ... 0 0 0],0.013333333333333332,0.07087355800492753,0.0,0.00309784617925474,0.05255731012571103,0.0
185,1224,1224,CCCCC[C@H](CC[C@H]1[C@@H]2Cc3cccc(c3C[C@@H]2C[C@@H]1O)OCC(=O)[O-])O,1,0,0,[0 1 0 ... 0 0 0],0.03,0.024632031144991743,0.0,0.000908941724585481,0.026501080613388153,0.0
186,987,987,CC1Cc2ccccc2N1NC(=O)c3ccc(c(c3)S(=O)(=O)N)Cl,1,0,0,[0 0 0 ... 0 0 0],0.07,0.06929562952657298,0.0,0.03320269812012464,0.05905439409062173,0.0
187,1151,1151,CCC1=C(CN(C1=O)C(=O)NCCc2ccc(cc2)S(=O)(=O)[N-]C(=O)NC3CCC(CC3)C)C,1,0,0,[0 0 0 ... 0 0 0],0.085,0.0603730903786139,0.0,0.0028173922786173134,0.03500569581653347,0.0
188,775,775,CC(c1ccccc1)(c2ccccn2)OCC[NH+](C)C,1,0,0,[0 0 0 ... 0 0 0],0.06,0.03861291230315109,0.0,0.00827422058553209,0.06399380606686547,0.0
189,162,162,c1cc(c(cc1F)F)C(Cn2cncn2)(Cn3cncn3)O,1,0,0,[1 0 0 ... 0 0 0],0.15666666666666665,0.27817941037427263,0.0,0.5100538486486038,0.1941401912093108,0.4
190,414,414,C[C@@H]1[C@H]([C@H](C[C@@H](O1)O[C@H]2CC[C@]3([C@@H](C2)CC[C@@H]4[C@@H]3C[C@H]([C@]5([C@@]4(CC[C@@H]5C6=CC(=O)OC6)O)C)O)C)O)O[C@H]7C[C@@H]([C@@H]([C@H](O7)C)O[C@H]8C[C@@H]([C@@H]([C@H](O8)C)O[C@H]9[C@@H]([C@H]([C@@H]([C@H](O9)CO)O)O)O)O)O,1,0,0,[0 0 0 ... 0 0 0],0.08,0.08944520452997236,0.0,0.04516209575930077,0.05810423418540297,0.0
191,766,766,CC(C)OP(=O)(OC(C)C)F,1,0,0,[0 1 0 ... 0 0 0],0.04,0.03388615721405352,0.0,0.003899636984460426,0.04828468433426969,0.2
192,444,444,C[C@](Cc1ccc(cc1)O)(C(=O)[O-])[NH3+],1,0,0,[0 0 0 ... 0 0 0],0.002,0.01679981746882503,0.0,0.0005480094576431711,0.01795587146394789,0.0
193,436,436,C[C@@H]1CCC2C[C@@H](/C(=C/C=C/C=C/[C@H](C[C@H](C(=O)[C@@H]([C@@H](/C(=C/[C@H](C(=O)C[C@H](OC(=O)[C@@H]3CCCCN3C(=O)C(=O)[C@@]1(O2)O)[C@H](C)C[C@@H]4CC[C@H]([C@@H](C4)OC)OC(=O)C(C)(CO)CO)C)/C)O)OC)C)C)/C)OC,1,0,0,[0 1 0 ... 0 0 0],0.37450000000000006,0.14503413858674433,0.0,0.5093296948182683,0.47687253684797193,0.2
194,114,114,c1c(c(=O)[nH]c(=O)n1[C@H]2C[C@@H]([C@H](O2)CO)O)I,1,0,0,[0 0 0 ... 0 0 0],0.02,0.06063935441662584,0.0,0.020549916303836457,0.07355798606529555,0.2
195,1306,1306,CCNC(=[NH+]CCCC[C@H](C(=O)N[C@@H](CC(C)C)C(=O)N[C@@H](CCCC[NH+]=C(NCC)NCC)C(=O)N1CCC[C@H]1C(=O)N[C@H](C)C(=O)N)NC(=O)[C@H](Cc2ccc(cc2)O)NC(=O)[C@H](CO)NC(=O)[C@@H](Cc3cccnc3)NC(=O)[C@@H](Cc4ccc(cc4)Cl)NC(=O)[C@@H](Cc5ccc6ccccc6c5)NC(=O)C)NCC,1,0,0,[0 1 0 ... 0 0 0],0.09333333333333332,0.009270687841151306,0.0,0.0011254020968242703,0.15865450762396638,0.0
196,918,918,CC1=C(C(=O)C[C@@H]1OC(=O)[C@@H]2[C@H](C2(C)C)C=C(C)C)C/C=C/C=C,1,0,0,[0 0 0 ... 0 0 0],0.13,0.5685141785388741,0.0,0.6675233439485666,0.1000358906069611,0.0
197,467,467,C[C@]12CC[C@H]3[C@H]([C@@H]1CC[C@@H]2C(=O)Nc4cc(ccc4C(F)(F)F)C(F)(F)F)CC[C@@H]5[C@@]3(C=CC(=O)N5)C,1,0,0,[0 0 0 ... 0 0 0],0.63,0.4816138416979693,0.0,0.7421661515621153,0.12070405324038833,0.2
198,319,319,c1ccc2c(c1)c(ns2)N3CC[NH+](CC3)CCc4cc5c(cc4Cl)NC(=O)C5,1,0,0,[0 0 0 ... 0 0 0],0.15,0.09581638867365623,0.0,0.05021933789669812,0.1290356376451531,0.0
199,1169,1169,CCC[C@]1(CC(=C(C(=O)O1)[C@H](CC)c2cccc(c2)[N-]S(=O)(=O)c3ccc(cn3)C(F)(F)F)[O-])CCc4ccccc4,1,0,0,[0 1 0 ... 0 0 0],0.09166666666666667,0.039718516065609936,0.0,0.00293136553238489,0.07547015410869191,0.0
200,392,392,C[C@@H]([C@H](c1ccccc1)O)[NH2+]C,1,0,0,[0 1 0 ... 0 0 0],0.0,0.04004398709134667,0.0,0.001717392542000262,0.04450270134012778,0.0
201,544,544,C[C@H]1COc2c3n1cc(c(=O)c3cc(c2N4CC[NH+](CC4)C)F)C(=O)[O-],1,0,0,[0 0 0 ... 1 0 0],0.0,0.009388759634769222,0.0,0.00031455692755398595,0.027997680865759426,0.0
202,46,46,C(=C(F)F)(F)F,1,0,0,[0 0 0 ... 0 0 0],0.05,0.04016171080033165,0.0,0.01108445036416041,0.04828468433426969,0.2
203,305,305,C1=CC=C(C=C1)NS(=O)(=O)C2=CC=CC(=C2)/C=C/C(=O)NO,0,1,1,[0 0 0 ... 0 0 0],0.085,0.4156482591148371,0.0,0.7240434795804707,0.0857600203710316,0.2
204,1372,1372,CN(CCOc1ccc(cc1)CC2C(=O)[N-]C(=O)S2)c3ccccn3,1,0,0,[0 0 0 ... 0 0 0],0.48,0.11518163002355834,0.0,0.189402576823513,0.10033189483159037,0.6
205,56,56,C(CC(O)(P(=O)([O-])[O-])P(=O)([O-])[O-])C[NH3+],1,0,0,[0 0 0 ... 0 0 0],0.0,0.024555836435103486,0.0,0.00044854423351867536,0.01795587146394789,0.0
206,363,363,c1cnccc1c2cc(c(=O)[nH]c2)N,1,0,0,[0 0 0 ... 0 0 0],0.05166666666666666,0.21469496973124727,0.0,0.4807617646258383,0.06070688155753293,0.2
207,580,580,C[NH+](C)CCC(c1ccccc1)c2ccccn2,1,0,0,[0 1 0 ... 0 0 0],0.01,0.02959152684812002,0.0,0.0026113608414529183,0.06399380606686547,0.0
208,454,454,C[C@]12C[C@@H]([C@H]3[C@H]([C@@H]1CC[C@@]2(C(=O)CO)O)CCC4=CC(=O)C=C[C@]34C)O,1,1,1,[0 0 0 ... 0 0 0],0.06,0.19340942019600382,0.0,0.11571392900619988,0.05810423418540297,0.2
209,234,234,c1cc2cccnc2c(c1)O,1,0,0,[0 0 0 ... 0 0 0],0.0,0.0368623974332432,0.0,0.011031561188842723,0.07139353398188801,0.2
210,1320,1320,CCOC(=O)[C@H](CCc1ccccc1)[NH2+][C@H]2CCc3ccccc3N(C2=O)CC(=O)[O-],1,0,0,[0 1 0 ... 0 0 0],0.05,0.029448562313192744,0.0,0.0009586750090009953,0.02511089979882783,0.0
211,1410,1410,CNC(=O)c1cnn(c1)c2nc(c3c(n2)n(cn3)[C@H]4[C@@H]([C@@H]([C@H](O4)CO)O)O)N,1,0,0,[0 0 0 ... 0 0 0],0.2808333333333334,0.34295107886388304,0.0,0.4693712537883232,0.3126651400444995,0.4
212,383,383,c1nc2c(=O)[nH]c(nc2n1COC(CO)CO)N,1,0,0,[0 1 0 ... 0 0 0],0.04,0.050856700010482016,0.0,0.0268275152581145,0.15731111754946359,0.2
213,882,882,CC1(C2(C(=O)/C(=C\c3ccc(cc3)/C=C/4\C(=O)C5(C(C4CC5)(C)C)CS(=O)(=O)[O-])/C1CC2)CS(=O)(=O)[O-])C,1,0,0,[0 0 0 ... 0 0 0],0.03,0.12368287604968135,0.0,0.04499130861609806,0.034842336998652385,0.0
214,936,936,Cc1c(ccc2c1c(nc(n2)N)N)CNc3cc(c(c(c3)OC)OC)OC,1,0,0,[0 0 0 ... 0 0 0],0.065,0.04998586628630322,0.0,0.01266249633165253,0.10638428850388583,0.2
215,559,559,C[N+]1(CCc2cc(c(cc2C1Cc3ccc(c(c3)OC)OC)OC)OC)CCC(=O)OCCCCCOC(=O)CC[N+]4(CCc5cc(c(cc5C4Cc6ccc(c(c6)OC)OC)OC)OC)C,1,0,0,[0 0 0 ... 0 0 0],0.02,0.09094175141860474,0.0,0.037828238120721454,0.06070688155753293,0.0
216,636,636,C[NH+]1CCN(CC1)C2=[NH+]c3ccccc3Oc4c2cc(cc4)Cl,1,0,0,[0 0 0 ... 0 0 0],0.04,0.02085230354537745,0.0,0.001202337009698134,0.05106964766296661,0.0
217,764,764,CC(C)OC(=O)CCC/C=C\C[C@H]1[C@H](C[C@H]([C@@H]1CC[C@H](CCc2ccccc2)O)O)O,1,0,0,[0 1 0 ... 0 0 0],0.03333333333333333,0.0978189708550106,0.0,0.017255936115474213,0.05255731012571103,0.0
218,583,583,C[NH+](C)CCc1c[nH]c2c1cc(cc2)CS(=O)(=O)N3CCCC3,1,0,0,[0 0 0 ... 0 0 0],0.08,0.043020748795015114,0.0,0.00858362801377695,0.0717950879381488,0.0
219,1104,1104,CCC(C)(C)C1C(=O)N2CCCC2C3(N1C(=O)C(O3)(C(C)C)NC(=O)C4CC5c6cccc7c6c(c[nH]7)CC5[NH+](C4)C)O,1,0,0,[0 1 0 ... 0 0 0],0.07,0.0399364963832589,0.0,0.01414744372965829,0.12120385746936338,0.0
220,1029,1029,Cc1cn(c(=O)[nH]c1=O)[C@H]2C=C[C@H](O2)CO,1,0,0,[0 0 0 ... 0 0 0],0.06,0.07575117757685201,0.0,0.03988606687378139,0.07355798606529555,0.2
221,1058,1058,CC[C@@H]1[C@@]([C@@H]([C@H](C(=O)[C@@H](C[C@@]([C@@H]([C@H]([C@@H]([C@H](C(=O)O1)C)O[C@H]2C[C@@]([C@H]([C@@H](O2)C)O)(C)OC)C)O[C@H]3[C@@H]([C@H](C[C@H](O3)C)[NH+](C)C)O)(C)O)C)C)O)(C)O,1,0,0,[0 0 0 ... 0 0 0],0.0,0.03341690907020285,0.0,0.004693029845592768,0.05200476439448871,0.0
