,smiles,labels,labels-drug_like,cluster,SVC_pred_prob,SVC_pred,LogisticRegression_pred_prob,LogisticRegression_pred,RandomForestClassifier_pred_prob,RandomForestClassifier_pred,KNeighborsClassifier_pred_prob,KNeighborsClassifier_pred,GradientBoostingClassifier_pred_prob,GradientBoostingClassifier_pred,DummyClassifier_pred_prob,DummyClassifier_pred
0,Clc1ccc(cc1)C(=O)Nc2oc(nn2)C(=O)Nc3ccc(cc3)N4CCOCC4,1,1,0,0.9835628908440489,1,0.9994615640393147,1,0.98,1,1.0,1,0.986490475463309,1,1.0,1
1,Clc1ccc(cc1)C2(CCCC2)C(=O)Nc3oc(nn3)C(=O)Nc4ccc(cc4)N5CCOCC5,1,1,0,0.9972520201234776,1,0.999936282811059,1,0.94,1,1.0,1,0.9691326266264196,1,1.0,1
2,COc1cc(N2CCN(C)CC2)c3nc(cc(N(C)C)c3c1)C(=O)Nc4ccc(cc4)N5CCOCC5,1,1,0,0.9960794409938316,1,0.9994286450666661,1,0.98,1,1.0,1,0.986490475463309,1,1.0,1
3,CN1CCN(CC1)c2cc(F)cc3C(=O)C=C(Nc23)C(=O)Nc4ccc(cc4)N5CCOCC5,1,1,0,0.979935594710945,1,0.9957987085154034,1,0.95,1,1.0,1,0.9645699933050457,1,1.0,1
4,COc1cc(N2CC[C@H](C2)N(C)C)c3NC(=CC(=O)c3c1)C(=O)Nc4ccc(cc4)N5CCOCC5,1,1,0,0.9556256686501691,1,0.9964591566998094,1,0.96,1,1.0,1,0.9645699933050457,1,1.0,1
5,COC1(CCOCC1)c2ccc(NC(=O)C3=CC(=O)c4cc(F)cc(c4O3)c5c(C)nn(C)c5C)cn2,1,1,0,0.9999991496989916,1,0.9999979290032421,1,0.95,1,1.0,1,0.982974207085461,1,1.0,1
6,COc1cccc(Nc2oc(nn2)C(=O)Nc3ccc(nc3)N4CCOCC4)c1,1,1,0,0.9999820396703059,1,0.9999799215623872,1,0.97,1,1.0,1,0.9847906552523022,1,1.0,1
7,CC(C)(C(=O)Nc1oc(nn1)C(=O)Nc2ccc(cc2)N3CCOCC3)c4ccc(Cl)cc4,1,1,0,0.9999899676528912,1,0.9999797030188824,1,0.96,1,1.0,1,0.986490475463309,1,1.0,1
8,CCOc1cccc(Nc2oc(nn2)C(=O)Nc3ccc(nc3)N4CCOCC4)c1,1,1,0,0.999996673887563,1,0.9999970366364986,1,0.96,1,1.0,1,0.9847906552523022,1,1.0,1
9,Clc1ccc(cc1)C2(CCC2)C(=O)Nc3oc(nn3)C(=O)Nc4ccc(cc4)N5CCOCC5,1,1,0,0.9974649415679101,1,0.9999444698067425,1,0.94,1,1.0,1,0.9691326266264196,1,1.0,1
10,O=C(Nc1oc(nn1)C(=O)Nc2ccc(cc2)N3CCOCC3)c4ccccc4,1,1,0,0.9663291764793569,1,0.99729582027278,1,0.94,1,1.0,1,0.9770454908940421,1,1.0,1
11,COc1cc(N2CCCN(C)CC2)c3NC(=CC(=O)c3c1)C(=O)Nc4ccc(cc4)N5CCOCC5,1,1,0,0.9771059911528563,1,0.9978813782663262,1,0.96,1,1.0,1,0.9645699933050457,1,1.0,1
12,Fc1ccccc1Nc2oc(nn2)C(=O)Nc3ccc(cc3)N4CCOCC4,1,1,0,0.9932515875874319,1,0.9996504735470879,1,0.99,1,1.0,1,0.9847906552523022,1,1.0,1
13,Fc1ccc(Nc2oc(nn2)C(=O)Nc3ccc(nc3)N4CCOCC4)cc1F,1,1,0,0.999986817242683,1,0.9999606608087114,1,0.99,1,1.0,1,0.982974207085461,1,1.0,1
14,Fc1ccc(Nc2oc(nn2)C(=O)Nc3ccc(nc3)N4CCOCC4)cc1,1,1,0,0.9925686059680874,1,0.9997723902612616,1,0.99,1,1.0,1,0.982974207085461,1,1.0,1
15,COc1ccc(NC(=O)c2oc(Nc3ccccc3F)nn2)cn1,1,1,0,0.9901451501484367,1,0.9997168431239207,1,0.98,1,1.0,1,0.9804382545163627,1,1.0,1
16,Clc1ccc(cc1)c2oc(cc2)C(=O)Nc3ccc(cc3)N4CCNCC4,1,1,0,0.9936219604238695,1,0.9997878210966695,1,1.0,1,1.0,1,0.9827767369704865,1,1.0,1
17,CC(=O)N1CCN(CC1)c2ccc(NC(=O)c3oc(Nc4ccccc4F)nn3)cc2,1,1,0,0.9999883699954749,1,0.9999185946684772,1,0.99,1,1.0,1,0.9847906552523022,1,1.0,1
18,Fc1ccccc1Nc2oc(nn2)C(=O)Nc3ccc(N4CCOCC4)c(F)c3,1,1,0,0.9965794725222115,1,0.9998161818980673,1,0.97,1,1.0,1,0.9847906552523022,1,1.0,1
19,O=C(Nc1ccc(nc1)N2CCOCC2)c3oc(Nc4cccc(OCc5cccnc5)c4)nn3,1,1,0,0.9999997561634496,1,0.9999985806793622,1,0.96,1,1.0,1,0.9847906552523022,1,1.0,1
20,OC(=O)Cc1ccc(cc1)c2ccc(NC(=O)c3oc(Nc4ccccc4F)nn3)cc2,1,1,0,0.9859164943196301,1,0.9985565429503254,1,0.96,1,1.0,1,0.9517105681110132,1,1.0,1
21,COc1cc(N2CCN(C)CC2)c3NC(=CC(=O)c3c1)C(=O)Nc4ccc(cc4)N5CCOCC5,1,1,0,0.9731427954117167,1,0.9969123975525876,1,0.96,1,1.0,1,0.9645699933050457,1,1.0,1
22,O=C(Nc1ccc(nc1)N2CCOCC2)c3oc(Nc4ccccc4)nn3,1,1,0,0.9935012224470108,1,0.9998631854970156,1,0.94,1,1.0,1,0.9770454908940421,1,1.0,1
23,O=C(Nc1ccc(nc1)N2CCOCC2)c3oc(Nc4cccc(OCc5ccccn5)c4)nn3,1,1,0,0.9999989481677238,1,0.999996118900132,1,0.96,1,1.0,1,0.9847906552523022,1,1.0,1
24,CNc1cc(nc2c(cc(OC)cc12)N3CCN(C)CC3)C(=O)Nc4ccc(cc4)N5CCOCC5,1,1,0,0.9956485295958081,1,0.999561194153276,1,1.0,1,1.0,1,0.986490475463309,1,1.0,1
25,Fc1ccccc1Nc2oc(nn2)C(=O)Nc3ccc(cn3)N4CCOCC4,1,1,0,0.9954958963501692,1,0.9997310996183898,1,0.97,1,0.8,1,0.9847906552523022,1,1.0,1
26,O=C(Nc1ccc(cc1)N2CCOCC2)c3oc(Nc4ccccc4)nn3,1,1,0,0.989143640136507,1,0.9990088357646267,1,0.94,1,1.0,1,0.9770454908940421,1,1.0,1
27,OC(=O)C[C@@H]1CC[C@H](CC1)c2ccc(NC(=O)c3oc(Nc4ccccc4F)nn3)cc2,1,1,0,0.9784587518741337,1,0.9972665324711498,1,0.95,1,1.0,1,0.9525419803027908,1,1.0,1
28,COc1cc(nc2c(cc(F)cc12)N3CCN(C)CC3)C(=O)Nc4ccc(cc4)N5CCOCC5,1,1,0,0.9921861816861838,1,0.9983160777825213,1,0.99,1,1.0,1,0.986490475463309,1,1.0,1
29,Fc1ccccc1Nc2oc(nn2)C(=O)Nc3ccc(Oc4cccnc4)nc3,1,1,0,0.9931399460905233,1,0.9998624962325492,1,0.98,1,1.0,1,0.9804382545163627,1,1.0,1
30,Cc1cc(NC(=O)c2oc(Nc3ccccc3F)nn2)ccc1N4CCOCC4,1,1,0,0.9936735819425073,1,0.999838761047671,1,0.98,1,0.8,1,0.9847906552523022,1,1.0,1
31,Fc1cccc(Nc2oc(nn2)C(=O)Nc3ccc(nc3)N4CCOCC4)c1,1,1,0,0.9999980878273995,1,0.9999934949127437,1,0.98,1,1.0,1,0.9847906552523022,1,1.0,1
32,Cc1cccc(Nc2oc(nn2)C(=O)Nc3ccc(nc3)N4CCOCC4)c1,1,1,0,0.999995649392335,1,0.9999884629285469,1,0.98,1,1.0,1,0.9847906552523022,1,1.0,1
33,CNC(=O)c1ccc(CN2CCC(CC2)c3ccc(cc3)C(=O)Nc4ccccc4N)cc1,1,1,1,0.9632512594198576,1,0.993020072203547,1,1.0,1,1.0,1,0.9823444846191954,1,1.0,1
34,CN(C)C(=O)c1ccc(CN2CCC(CC2)c3ccc(cc3)C(=O)Nc4ccccc4N)cc1,1,1,1,0.9625882430306499,1,0.9957728152088992,1,1.0,1,1.0,1,0.9823444846191954,1,1.0,1
35,CCNC(=O)c1ccc(CN2CCC(CC2)c3ccc(cc3)C(=O)Nc4ccccc4N)cc1,1,1,1,0.984418759747521,1,0.999209355401317,1,1.0,1,1.0,1,0.9823444846191954,1,1.0,1
36,CC(C)n1c(C)ncc1c2nc(Nc3ccc(cc3)C(=O)N(C)C)ncc2F,1,1,2,0.9769563066435003,1,0.9968354856725393,1,0.98,1,1.0,1,0.9781135526526298,1,1.0,1
37,CN1CCN(CC1)c2ccc(Nc3ncc(F)c(N[C@@H]4[C@@H]5C[C@@H](C=C5)[C@@H]4C(=O)N)n3)cc2C,1,1,2,0.9398071624198523,1,0.9923380142140023,1,0.93,1,0.8,1,0.9751400484824985,1,1.0,1
38,CC(C)n1c(C)ncc1c2nc(Nc3ccc(cc3)N4CC(C4)NC(=O)C)ncc2F,1,1,2,0.9971425122105472,1,0.9998329386944769,1,0.99,1,1.0,1,0.982974207085461,1,1.0,1
39,CC(C)n1c(C)ncc1c2nc(Nc3ccc(cc3)N4CCOCC4)ncc2F,1,1,2,0.9835578421296673,1,0.9988546167562401,1,0.99,1,1.0,1,0.982974207085461,1,1.0,1
40,CC(C)n1c(C)ncc1c2nc(Nc3ccc(cc3)C(=O)N)ncc2F,1,1,2,0.9761569265452742,1,0.9972739375460847,1,0.98,1,1.0,1,0.968115385033465,1,1.0,1
41,CC(C)n1c(C)ncc1c2nc(Nc3ccc(C(=O)NCCN(C)C)c(F)c3)ncc2F,1,1,2,0.983652407024536,1,0.9955144493280556,1,0.95,1,1.0,1,0.9781135526526298,1,1.0,1
42,CC(C)n1c(C)ncc1c2nc(Nc3ccc(cc3)N4CCN(CC4)C(=O)CO)ncc2F,1,1,2,0.9880458762839105,1,0.9985074368991589,1,0.99,1,1.0,1,0.982974207085461,1,1.0,1
43,CC(C)n1c(C)ncc1c2nc(Nc3ccc(cc3)C(=O)NC4CCN(C)CC4)ncc2F,1,1,2,0.97759877994437,1,0.9982336818209168,1,1.0,1,1.0,1,0.9749977301930238,1,1.0,1
44,CC(C)n1c(C)ncc1c2nc(Nc3ccc(cc3)C(=O)N4CC[C@@H](C4)N(C)C)ncc2F,1,1,2,0.9947990718624913,1,0.9997721012520215,1,0.97,1,1.0,1,0.982974207085461,1,1.0,1
45,CNC(=O)c1ccc(Nc2ncc(F)c(n2)c3cnc(C)n3C(C)C)cc1F,1,1,2,0.9905657611468771,1,0.9975351565366691,1,1.0,1,1.0,1,0.9781135526526298,1,1.0,1
46,CC(C)n1c(C)ncc1c2nc(Nc3ccc(cc3)C(=O)N4CC[C@H](C4)N(C)C)ncc2F,1,1,2,0.9947990718624913,1,0.9997721012520215,1,0.97,1,1.0,1,0.982974207085461,1,1.0,1
47,CC(C)n1c(C)ncc1c2nc(Nc3ccc(C(=O)N(C)C)c(C)c3)ncc2F,1,1,2,0.9808303752175502,1,0.9976991204921503,1,0.99,1,1.0,1,0.9781135526526298,1,1.0,1
48,CC(C)n1c(C)ncc1c2nc(Nc3ccc(C(=O)N(C)C)c(F)c3)ncc2F,1,1,2,0.9840908756788189,1,0.9979308651447631,1,0.99,1,1.0,1,0.9781135526526298,1,1.0,1
49,CC(C)n1c(C)ncc1c2nc(Nc3ccc(C(=O)NC4CCN(C)CC4)c(F)c3)ncc2F,1,1,2,0.9999822991396077,1,0.9996025863599226,1,1.0,1,1.0,1,0.9749977301930238,1,1.0,1
50,CC(C)n1c(C)ncc1c2nc(Nc3ccc(cc3)C(=O)N4CCCN(C)CC4)ncc2F,1,1,2,0.9906908249963677,1,0.9996559762331643,1,0.99,1,1.0,1,0.982974207085461,1,1.0,1
51,CC(C)n1c(C)ncc1c2nc(Nc3ccc(cc3)N4CC[C@H](C4)NC(=O)C)ncc2F,1,1,2,0.9933967102946759,1,0.9995536960442962,1,1.0,1,1.0,1,0.9749977301930238,1,1.0,1
52,CNC(=O)c1ccc(Nc2ncc(F)c(n2)c3cnc(C)n3C(C)C)cc1,1,1,2,0.9689371837233505,1,0.9944139409242416,1,0.98,1,1.0,1,0.9781135526526298,1,1.0,1
53,CC(C)n1c(C)ncc1c2nc(Nc3ccc(C(=O)N)c(F)c3)ncc2F,1,1,2,0.9780832197634709,1,0.994103823580599,1,0.98,1,1.0,1,0.968115385033465,1,1.0,1
54,CC(C)n1c(C)ncc1c2nc(Nc3ccc(cc3)C(=O)N4CCN(C)CC4)ncc2F,1,1,2,0.9891797786090648,1,0.99944376328129,1,0.99,1,1.0,1,0.982974207085461,1,1.0,1
55,COc1ccc2ncc(C#N)c(CCN3CCC(CC3)NCc4cc5SCOc5cn4)c2c1,1,1,3,0.8343631237589977,1,0.9938281234400367,1,0.98,1,0.8,1,0.9749977301930238,1,1.0,1
56,COc1ccc2ncc(F)c(CCN3CCC(CC3)NCc4cc5OCCOc5cn4)c2n1,1,1,3,0.9415154839473562,1,0.9906060509189323,1,0.97,1,1.0,1,0.9749977301930238,1,1.0,1
57,COc1ccc2N=CC(=O)N(CCN3CC[C@@H](NCc4cc5OCCOc5cn4)[C@@H](O)C3)c2c1,1,1,3,0.9414406777166138,1,0.979011343608782,1,0.99,1,1.0,1,0.982974207085461,1,1.0,1
58,COc1ccc2N=CC(=O)N(CCN3CCC(CC3)NCc4cc5OCCOc5cn4)c2n1,1,1,3,0.9653822574059658,1,0.9891979558370869,1,0.96,1,0.8,1,0.9749977301930238,1,1.0,1
59,COc1ccc2N=CC(=O)N(CCN3CC[C@H](NCc4cc5OCCOc5cn4)[C@H](O)C3)c2c1,1,1,3,0.9414406777166138,1,0.979011343608782,1,0.99,1,1.0,1,0.982974207085461,1,1.0,1
60,CO[C@H]1CN(CCN2C(=O)C=Cc3ccc(cc23)C#N)CC[C@H]1NCc4cc5OCCOc5cn4,1,1,3,0.9960547215676394,1,0.9996575010773857,1,0.97,1,1.0,1,0.982974207085461,1,1.0,1
61,COc1ncc2C=CC(=O)N(CCN3CCC(CC3)NCc4cc5OCCOc5cn4)c2n1,1,1,3,0.9634319246189595,1,0.9877705449006231,1,0.98,1,0.8,1,0.9749977301930238,1,1.0,1
62,COc1ccc2C=CC(=O)N(CCN3CCC(CC3)NCc4cc5OCCOc5cn4)c2c1,1,1,3,0.7923145460607128,0,0.8738512190564258,1,0.96,1,0.8,1,0.9749977301930238,1,1.0,1
63,COc1ccc2OCC(=O)N(CCN3CCC(CC3)NCc4cc5OCCOc5cn4)c2c1,1,1,3,0.9588117378420258,1,0.9903121695077383,1,0.99,1,1.0,1,0.9749977301930238,1,1.0,1
64,COc1ncc2N=CC(=O)N(CCN3CCC(CC3)NCc4cc5OCCOc5cn4)c2n1,1,1,3,0.9770477434142006,1,0.9925718537289645,1,0.95,1,0.8,1,0.9535494108209144,1,1.0,1
65,COc1ccc2C(=NC(=O)N(CCN3CCC(CC3)NCc4cc5OCCOc5cn4)c2c1)C,1,1,3,0.5823023523294172,0,0.6641177617207493,1,0.91,1,0.8,1,0.9749977301930238,1,1.0,1
66,COc1ccc2N=CC(=O)N(CCN3CC[C@@H](NCc4cc5OCCOc5cn4)[C@H](O)C3)c2c1,1,1,3,0.9414406777166138,1,0.979011343608782,1,0.99,1,1.0,1,0.982974207085461,1,1.0,1
67,O[C@H]1CN(CCN2C(=O)C=Cc3ccc(cc23)C#N)CC[C@H]1NCc4cc5OCCOc5cn4,1,1,3,0.9837182132561549,1,0.9977310529762843,1,0.96,1,1.0,1,0.982974207085461,1,1.0,1
68,COc1cc2N(CCN3CCC(CC3)NCc4cc5OCCOc5cn4)C(=O)C=Cc2cn1,1,1,3,0.7741684112974015,0,0.8464881968500535,1,0.95,1,0.8,1,0.9749977301930238,1,1.0,1
69,COc1ccc2C(=CC(=O)N(CCN3CCC(CC3)NCc4cc5OCCOc5cn4)c2c1)C,1,1,3,0.7842165916975203,0,0.8645071559547856,1,0.94,1,0.8,1,0.9749977301930238,1,1.0,1
70,CO[C@H]1CN(CCN2C(=O)C=Nc3ccc(OC)cc23)CC[C@@H]1NCc4cc5OCCOc5cn4,1,1,3,0.9882381059942087,1,0.9972627612458838,1,0.99,1,1.0,1,0.982974207085461,1,1.0,1
71,COc1ccc2SCC(=O)N(CCN3CCC(CC3)NCc4cc5OCCOc5cn4)c2c1,1,1,3,0.9588327514423884,1,0.9922269810213008,1,0.99,1,1.0,1,0.9749977301930238,1,1.0,1
72,CO[C@H]1CN(CCN2C(=O)C=Cc3ccc(cc23)C#N)CC[C@@H]1NCc4cc5OCCOc5cn4,1,1,3,0.9960547215676394,1,0.9996575010773857,1,0.97,1,1.0,1,0.982974207085461,1,1.0,1
73,O=C1COc2ccccc2N1CCN3CCC(CC3)NCc4cc5OCCOc5cn4,1,1,3,0.9688444243962527,1,0.9935347889196485,1,0.98,1,1.0,1,0.97251748121956,1,1.0,1
74,COc1ccc2N=CC(=O)N(CCN3CCC(CC3)NCc4cc5OCCOc5cn4)c2c1,1,1,3,0.8797956489576227,1,0.8795376429528491,1,0.96,1,0.8,1,0.9749977301930238,1,1.0,1
75,COc1ccc2C=CC(=O)N(CCN3CCC(CC3)NCc4cc5OCCOc5cn4)c2n1,1,1,3,0.9430107129897924,1,0.9772343583617664,1,0.97,1,0.8,1,0.9749977301930238,1,1.0,1
76,O[C@@H]1CN(CCN2C(=O)C=Cc3ccc(cc23)C#N)CC[C@@H]1NCc4cc5OCCOc5cn4,1,1,3,0.9837182132561549,1,0.9977310529762843,1,0.96,1,1.0,1,0.982974207085461,1,1.0,1
77,CC1=CC2=NNC(=O)N2c3cc(ccc13)c4ccccc4CO,1,1,4,0.9959903327971662,1,0.9997340889635962,1,1.0,1,1.0,1,0.9676546661769182,1,1.0,1
78,CC1=CC2=NNC(=O)N2c3cc(ccc13)c4occc4,1,1,4,0.9967029707191838,1,0.999772128221938,1,0.98,1,1.0,1,0.9676546661769182,1,1.0,1
79,CC1=CC2=NNC(=O)N2c3cc(ccc13)c4ccc(cc4)C(=O)N5CCOCC5,1,1,4,0.9999832005724478,1,0.9999281354583468,1,0.98,1,1.0,1,0.971800195773837,1,1.0,1
80,CC1=CC2=NNC(=O)N2c3ccccc13,1,1,4,0.9999822141097677,1,0.9996705087804789,1,0.99,1,1.0,1,0.9593224395160183,1,1.0,1
81,NC1=CC2=NNC(=O)N2c3cc(ccc13)c4cccs4,1,1,4,0.9962526869750193,1,0.9996116532522852,1,0.96,1,1.0,1,0.9531077261760974,1,1.0,1
82,NC1=CC2=NNC(=O)N2c3cc(ccc13)c4occc4,1,1,4,0.9907197248332346,1,0.9988798899872763,1,0.97,1,1.0,1,0.9531077261760974,1,1.0,1
83,CC1=CC2=NNC(=O)N2c3cc(ccc13)c4cn[nH]c4,1,1,4,0.9955572393218574,1,0.9997642284185319,1,0.98,1,1.0,1,0.9638667616422285,1,1.0,1
84,CC1=CC2=NNC(=O)N2c3cc(ccc13)c4ccc(CO)cc4,1,1,4,0.9929242155462341,1,0.9984832843727188,1,0.98,1,1.0,1,0.9638667616422285,1,1.0,1
85,CC1=CC2=NNC(=O)N2c3cc(ccc13)c4ccncc4,1,1,4,0.9930363023394934,1,0.998730012013984,1,0.95,1,0.8,1,0.9638667616422285,1,1.0,1
86,NC1=CC2=NNC(=O)N2c3cc(ccc13)c4ccsc4,1,1,4,0.9861175039585885,1,0.9985363314041973,1,0.98,1,1.0,1,0.9477083154261016,1,1.0,1
87,CC1=CC2=NNC(=O)N2c3cc(ccc13)c4cccnc4,1,1,4,0.9967955772646955,1,0.9997531631232593,1,0.97,1,1.0,1,0.9676546661769182,1,1.0,1
88,CC1=CC2=NNC(=O)N2c3cc(ccc13)c4cccc(CO)c4,1,1,4,0.9999880631481601,1,0.9997878253271871,1,0.98,1,1.0,1,0.9676546661769182,1,1.0,1
89,Fc1ccccc1COc2cc(OCCCN3CCCC3)ccc2C(=O)Nc4ccccc4,1,1,5,0.9902127703053559,1,0.9996573299644075,1,0.97,1,1.0,1,0.9454461931797243,1,1.0,1
90,Fc1cccc(COc2cc(OCCCN3CCCC3)ccc2C(=O)Nc4ccccc4)c1,1,1,5,0.999990114986944,1,0.9999611466806604,1,0.97,1,1.0,1,0.9454461931797243,1,1.0,1
91,Oc1cccc(NC(=O)c2ccc(OCCCN3CCCC3)cc2OCc4cccc(F)c4)c1,1,1,5,0.9999997753562655,1,0.9999961150013452,1,0.97,1,1.0,1,0.9634545887095025,1,1.0,1
92,Oc1cccc(NC(=O)c2ccc(OCCCN3CCCC3)cc2OCc4cccc(c4)C#N)c1,1,1,5,0.9999997020281439,1,0.9999967498688488,1,0.98,1,1.0,1,0.9634545887095025,1,1.0,1
93,Oc1cccc(NC(=O)c2ccc(OCCCN3CCCC3)cc2OCc4ccccc4C#N)c1,1,1,5,0.9999983802516196,1,0.9999935096757627,1,0.97,1,1.0,1,0.9634545887095025,1,1.0,1
94,Oc1cccc(NC(=O)c2ccc(OCCCN3CCCC3)cc2OCc4ccc(F)cc4)c1,1,1,5,0.9999984758501103,1,0.9999899817011051,1,0.96,1,1.0,1,0.9634545887095025,1,1.0,1
95,Oc1cccc(NC(=O)c2ccc(OCCCN3CCCC3)cc2OCc4cccnc4)c1,1,1,5,0.9999992977662062,1,0.9999926513671384,1,0.97,1,1.0,1,0.9634545887095025,1,1.0,1
96,Oc1cccc(NC(=O)c2ccc(OCCCN3CCCC3)cc2OCc4cscn4)c1,1,1,5,0.9946292420645594,1,0.9997870065741701,1,0.96,1,1.0,1,0.9634545887095025,1,1.0,1
97,Oc1cccc(NC(=O)c2ccc(OCCCN3CCCC3)cc2OCc4ccccc4)c1,1,1,5,0.9999982777431479,1,0.9999811872080906,1,0.97,1,1.0,1,0.9454461931797243,1,1.0,1
98,O=C(Nc1ccccc1)c2ccc(OCCCN3CCCC3)cc2OCc4ccccc4C#N,1,1,5,0.991473170153826,1,0.999760449166921,1,0.96,1,1.0,1,0.9454461931797243,1,1.0,1
99,CCCOc1cc(OCCCN2CCCC2)ccc1C(=O)Nc3cccc(O)c3,1,1,5,0.9974204667190206,1,0.9999352557281135,1,0.96,1,1.0,1,0.9634545887095025,1,1.0,1
100,Oc1cccc(NC(=O)c2ccc(OCCCN3CCCC3)cc2OCc4ccccn4)c1,1,1,5,0.9999958575700206,1,0.9999563506627039,1,0.95,1,1.0,1,0.9634545887095025,1,1.0,1
101,CCC(N(CCCN)C(=O)c1ccc(OC)cc1)C2=Nc3ccsc3C(=O)N2Cc4ccccc4,1,1,6,0.9999998992785947,1,0.999941836741285,1,0.97,1,1.0,1,0.8424436144381956,1,1.0,1
102,CC(C)[C@H](N(CCCN)C(=O)c1ccc(C)cc1)C2=Nc3cc(Cl)ccc3C(=O)N2Cc4ccccc4,1,1,6,0.9999983487749361,1,0.9998849135409802,1,0.97,1,1.0,1,0.8424436144381956,1,1.0,1
103,CCC(N(CCCN)C(=O)c1ccc(C)cc1)C2=Nc3ccsc3C(=O)N2Cc4cccnc4,1,1,6,0.999999989280057,1,0.9999768372835746,1,0.92,1,0.8,1,0.865427244099453,1,1.0,1
104,Cc1ccc(cc1)C(=O)N(CCCN)CC2=Nc3cc(Cl)ccc3C(=O)N2Cc4ccccc4,1,1,6,0.9999843341598768,1,0.9997582782162713,1,0.98,1,1.0,1,0.8424436144381956,1,1.0,1
105,CCC(N(CCCN)C(=O)c1ccc(C)cc1)C2=Nc3ccsc3C(=O)N2Cc4ccc(Cl)cc4,1,1,6,0.9999999776059108,1,0.9999639933494995,1,0.93,1,1.0,1,0.8788258482514575,1,1.0,1
106,CCC(N(CCCN)C(=O)c1ccc(C)cc1)C2=Nc3ccoc3C(=O)N2Cc4ccccc4,1,1,6,0.9999998570103078,1,0.9999641875292226,1,0.96,1,1.0,1,0.8424436144381956,1,1.0,1
107,CCC(NC(=O)c1ccc(C)cc1)C2=Nc3ccsc3C(=O)N2Cc4ccccc4,1,1,6,0.9999966462588774,1,0.9998657984080759,1,0.99,1,1.0,1,0.9765654143886082,1,1.0,1
108,CCC(N(CCCN)C(=O)c1ccccc1)C2=Nc3ccsc3C(=O)N2Cc4ccccc4,1,1,6,0.9999999544647453,1,0.9999385765695364,1,0.96,1,1.0,1,0.8424436144381956,1,1.0,1
109,CCC(N(CC1CCNCC1)C(=O)c2ccc(C)cc2)C3=Nc4ccsc4C(=O)N3Cc5ccccc5,1,1,6,0.9999999964766064,1,0.9999957062076522,1,0.98,1,1.0,1,0.9817634769504544,1,1.0,1
110,CCC(N(CCCN)C(=O)c1ccc(cc1)C(C)C)C2=Nc3ccsc3C(=O)N2Cc4ccccc4,1,1,6,0.9999999946020981,1,0.99998966623638,1,0.96,1,1.0,1,0.8424436144381956,1,1.0,1
111,CCC(N(CCCN)C(=O)c1ccc(C)cc1)C2=Nc3sccc3C(=O)N2Cc4ccccc4,1,1,6,0.9999998564436082,1,0.9999640413398284,1,0.96,1,1.0,1,0.8424436144381956,1,1.0,1
112,CCC(N(CCCN)C(=O)c1ccc(C)cc1)C2=Nc3ccsc3C(=O)N2Cc4ccc(C)cc4,1,1,6,0.9999999529470271,1,0.9999117619418845,1,0.91,1,0.8,1,0.8788258482514575,1,1.0,1
113,CCC(N(CCCN)C(=O)c1ccc(C)cc1)C2=Nc3ccsc3C(=O)N2Cc4ccc(OC)cc4,1,1,6,0.9999999443143072,1,0.9999357463886495,1,0.91,1,1.0,1,0.8788258482514575,1,1.0,1
114,CCC(N(CCCN)C(=O)c1ccc(C)cc1)C2=Nc3ncccc3C(=O)N2Cc4ccccc4,1,1,6,0.9999982764037809,1,0.9993413403127458,1,0.95,1,1.0,1,0.8424436144381956,1,1.0,1
115,CCC(N(CCCN)C(=O)c1ccc(C)cc1)C2=Nc3nccnc3C(=O)N2Cc4ccccc4,1,1,6,0.9999982928205123,1,0.9995759709433202,1,0.89,1,1.0,1,0.7796228988242844,1,1.0,1
116,CCC(N(CCCN)C(=O)c1ccc(C)cc1)C2=Nc3ccsc3C(=O)N2Cc4ccccc4,1,1,6,0.9999999886569022,1,0.9999733988071792,1,0.95,1,1.0,1,0.8424436144381956,1,1.0,1
117,CCC(N(CCCN)C(=O)c1ccc(C)nc1)C2=Nc3ccsc3C(=O)N2Cc4ccccc4,1,1,6,0.9999999848753601,1,0.9999708215604791,1,0.95,1,1.0,1,0.7730586939658003,1,1.0,1
118,CCC(N(CCCN)C(=O)c1ccc(C)cc1)C2=Nc3ccsc3C(=O)N2Cc4cscn4,1,1,6,0.9999985056075456,1,0.9992083358518613,1,0.91,1,1.0,1,0.851504826896478,1,1.0,1
119,CCC(N(CCCN)C(=O)c1ccc(C)cc1)C2=Nc3snc(C)c3C(=O)N2Cc4ccccc4,1,1,6,0.999999948191807,1,0.9999787374468251,1,0.93,1,1.0,1,0.8424436144381956,1,1.0,1
120,CCC(N(CCCN)C(=O)c1ccc(C)cc1)C2=Nc3ccn(C)c3C(=O)N2Cc4ccccc4,1,1,6,0.9999991712653283,1,0.9998838645942476,1,0.96,1,1.0,1,0.8424436144381956,1,1.0,1
121,Cc1ccc(cc1)S(=O)(=O)NC(=O)N2CCC(CC2)N3CCC(CC3)Oc4ccc(Cl)cc4Cl,1,1,7,0.9059984328786391,1,0.9653502490949079,1,0.94,1,1.0,1,0.986490475463309,1,1.0,1
122,Fc1ccc(cc1)S(=O)(=O)NC(=O)N2CCC(CC2)N3CCC(CC3)Oc4ccc(Cl)c(Cl)c4,1,1,7,0.9721804386087435,1,0.9938221031508493,1,0.95,1,1.0,1,0.986490475463309,1,1.0,1
123,COc1ccc(cc1)S(=O)(=O)NC(=O)N2CCC(CC2)N3CCC(CC3)Oc4ccc(Cl)c(Cl)c4,1,1,7,0.941846908240918,1,0.9796602325016669,1,0.96,1,1.0,1,0.986490475463309,1,1.0,1
124,Cc1ccc(cc1)S(=O)(=O)NC(=O)N2CCC(CC2)N3CCC(CC3)Oc4ccc(Cl)cc4,1,1,7,0.9803787825781257,1,0.9902651271739128,1,0.94,1,1.0,1,0.986490475463309,1,1.0,1
125,Cc1cccc(c1)S(=O)(=O)NC(=O)N2CCC(CC2)N3CCC(CC3)Oc4ccc(Cl)c(Cl)c4,1,1,7,0.9909290733750732,1,0.9990753491804613,1,0.98,1,1.0,1,0.9879363838886894,1,1.0,1
126,CN(C)c1ccc(cc1)S(=O)(=O)NC(=O)N2CCC(CC2)N3CCC(CC3)Oc4ccc(Cl)c(C)c4Cl,1,1,7,0.9667802867339298,1,0.9604092172971289,1,0.92,1,0.8,1,0.986490475463309,1,1.0,1
127,CN(C)c1ccc(cc1)S(=O)(=O)NC(=O)N2CCC(CC2)N3CCC(CC3)Oc4ccc(Cl)c(Cl)c4,1,1,7,0.9637640619645557,1,0.967546574767353,1,0.91,1,1.0,1,0.986490475463309,1,1.0,1
128,OC(=O)c1cccc(c1)C(=O)N2CCC(CC2)N3CCC(CC3)Oc4ccc(Cl)c(Cl)c4,1,1,7,0.9913265939533904,1,0.9987352882752449,1,1.0,1,1.0,1,0.9817634769504544,1,1.0,1
129,OC(=O)CCCS(=O)(=O)c1cccc(c1)C(=O)N2CCC(CC2)N3CCC(CC3)Oc4ccc(Cl)c(Cl)c4,1,1,7,0.9849620402246775,1,0.9950401743190398,1,0.94,1,1.0,1,0.9621009709562911,1,1.0,1
130,COc1ccccc1S(=O)(=O)NC(=O)N2CCC(CC2)N3CCC(CC3)Oc4ccc(Cl)c(Cl)c4,1,1,7,0.9907861386332321,1,0.9992403977834783,1,0.98,1,1.0,1,0.9879363838886894,1,1.0,1
131,OC(=O)c1ccccc1C(=O)N2CCC(CC2)N3CCC(CC3)Oc4ccc(Cl)c(Cl)c4,1,1,7,0.9562251310880283,1,0.9893453959806562,1,0.97,1,1.0,1,0.9493130858837429,1,1.0,1
132,Cc1ccc(cc1)S(=O)(=O)NC(=O)N2CCC(CC2)N3CCC(CC3)Oc4ccc(F)c(F)c4,1,1,7,0.9739514066554755,1,0.983117486104114,1,0.94,1,1.0,1,0.982974207085461,1,1.0,1
133,Clc1ccc(OC2CCN(CC2)C3CCN(CC3)C(=O)c4ccc(cc4)C5=NOC(=O)N5)cc1Cl,1,1,7,0.9971382350936665,1,0.9996032746491472,1,0.98,1,1.0,1,0.9893196678992453,1,1.0,1
134,OC(=O)C(N1CCC(CC1)N2CCC(CC2)Oc3ccc(Cl)c(Cl)c3)c4ccccc4,1,1,7,0.9850718695272445,1,0.9960416742133792,1,1.0,1,1.0,1,0.9693105763853922,1,1.0,1
135,CN(C)c1ccccc1S(=O)(=O)NC(=O)N2CCC(CC2)N3CCC(CC3)Oc4ccc(Cl)c(Cl)c4,1,1,7,0.99220721540435,1,0.9988677850980198,1,0.96,1,1.0,1,0.9879363838886894,1,1.0,1
136,CN(C(=O)N1CCC(CC1)N2CCC(CC2)Oc3ccc(Cl)c(Cl)c3)S(=O)(=O)c4ccc(C)cc4,1,1,7,0.9926376998649058,1,0.9927489825041116,1,0.97,1,1.0,1,0.986490475463309,1,1.0,1
137,Clc1cccc(c1)S(=O)(=O)NC(=O)N2CCC(CC2)N3CCC(CC3)Oc4ccc(Cl)c(Cl)c4,1,1,7,0.9916277406533427,1,0.9989144783253507,1,0.98,1,1.0,1,0.9879363838886894,1,1.0,1
138,OC(=O)CCCCn1nnc(n1)c2ccc(cc2)C(=O)N3CCC(CC3)N4CCC(CC4)Oc5ccc(Cl)c(Cl)c5,1,1,7,0.9999858120769038,1,0.9995763834679087,1,0.95,1,1.0,1,0.9663457769124147,1,1.0,1
139,Cc1ccc(cc1)S(=O)(=O)NC(=O)N2CCC(CC2)N3CCC(CC3)Oc4ccc(Cl)cc4C,1,1,7,0.9781689439096285,1,0.9876673257005173,1,0.94,1,1.0,1,0.986490475463309,1,1.0,1
140,Clc1ccc(OC2CCN(CC2)C3CCN(CC3)C(=O)C4=CNC(=O)c5ccccc45)cc1Cl,1,1,7,0.9926469292287656,1,0.9993416210968729,1,1.0,1,1.0,1,0.9879363838886894,1,1.0,1
141,Clc1ccc(OC2CCN(CC2)C3CCN(CC3)C(=O)NS(=O)(=O)c4ccccc4)cc1Cl,1,1,7,0.9625619233384171,1,0.9906381549961737,1,0.98,1,1.0,1,0.9817634769504544,1,1.0,1
142,Clc1ccc(OC2CCN(CC2)C3CCN(CC3)C(=O)NS(=O)(=O)Cc4ccccc4)cc1Cl,1,1,7,0.9825432282554426,1,0.9946173278445174,1,1.0,1,1.0,1,0.9817634769504544,1,1.0,1
143,Cc1ccccc1S(=O)(=O)NC(=O)N2CCC(CC2)N3CCC(CC3)Oc4ccc(Cl)c(Cl)c4,1,1,7,0.9960894320675835,1,0.9998359550701623,1,0.98,1,1.0,1,0.9879363838886894,1,1.0,1
144,Clc1ccc(OC2CCN(CC2)C3CCN(CC3)C(=O)c4ccc(cc4)c5nn[nH]n5)cc1Cl,1,1,7,0.9999907230184167,1,0.9997395443499011,1,1.0,1,1.0,1,0.9893196678992453,1,1.0,1
145,Clc1ccc(OC2CCN(CC2)C3CCN(CC3)C(=O)NS(=O)(=O)c4cccc(c4)C#N)cc1Cl,1,1,7,0.9939198236534905,1,0.9996922753590103,1,0.98,1,1.0,1,0.9879363838886894,1,1.0,1
146,Clc1ccc(OC2CCN(CC2)C3CCN(CC3)C(=O)NS(=O)(=O)c4ccccc4Cl)cc1Cl,1,1,7,0.9958986773967864,1,0.9996187383658435,1,0.98,1,1.0,1,0.9879363838886894,1,1.0,1
147,Cc1ccc(cc1)S(=O)(=O)NC(=O)N2CCC(CC2)N3CCC(CC3)Oc4ccc(Cl)c(C)c4Cl,1,1,7,0.979478534970807,1,0.988209324058757,1,0.93,1,1.0,1,0.986490475463309,1,1.0,1
148,Clc1ccc(cc1)S(=O)(=O)NC(=O)N2CCC(CC2)N3CCC(CC3)Oc4ccc(Cl)c(Cl)c4,1,1,7,0.9662894844535741,1,0.9911122153509987,1,0.95,1,1.0,1,0.986490475463309,1,1.0,1
149,Cc1c(Cl)ccc(OC2CCN(CC2)C3CCN(CC3)C(=O)c4cccc(c4)S(=O)(=O)C)c1Cl,1,1,7,0.9818958981904966,1,0.9973941092845575,1,0.99,1,1.0,1,0.9879363838886894,1,1.0,1
150,Clc1ccc(OC2CCN(CC2)C3CCN(CC3)S(=O)(=O)NC(=O)c4ccccc4)cc1Cl,1,1,7,0.9641935099015675,1,0.9937943499878932,1,0.99,1,1.0,1,0.9620227552554591,1,1.0,1
151,OC(=O)COc1cccc(c1)C(=O)N2CCC(CC2)N3CCC(CC3)Oc4ccc(Cl)c(Cl)c4,1,1,7,0.9700694594351785,1,0.9959643378192509,1,0.99,1,1.0,1,0.9621009709562911,1,1.0,1
152,FC(F)(F)c1cccc(c1)S(=O)(=O)NC(=O)N2CCC(CC2)N3CCC(CC3)Oc4ccc(Cl)c(Cl)c4,1,1,7,0.99998116043707,1,0.9998625526229742,1,0.98,1,1.0,1,0.9879363838886894,1,1.0,1
153,CS(=O)(=O)c1ccccc1C(=O)NC[C@@H](O)CN2CCC(CC2)Oc3ccc(Cl)c(Cl)c3,1,1,8,0.9874239539953725,1,0.9987569447986805,1,0.99,1,1.0,1,0.9879363838886894,1,1.0,1
154,O[C@H](CNC(=O)c1n[nH]c2ccccc12)CN3CCC(CC3)Oc4ccc(Cl)c(Cl)c4,1,1,8,0.9921191928715909,1,0.9992118657164274,1,0.97,1,1.0,1,0.9834735758398632,1,1.0,1
155,CN(C)S(=O)(=O)c1ccc2C(=CNC(=O)c2c1)C(=O)NC[C@@H](O)CN3CCC(CC3)Oc4ccc(Cl)c(Cl)c4,1,1,8,0.9613649656135442,1,0.9526024186918745,1,0.9440000000000001,1,1.0,1,0.986490475463309,1,1.0,1
156,Cc1cc(Cl)ccc1OC2CCN(C[C@H](O)CNC(=O)c3c[nH]nc3C(F)(F)F)CC2,1,1,8,0.9933642259973252,1,0.9990852094920091,1,1.0,1,1.0,1,0.986490475463309,1,1.0,1
157,O[C@H](CNC(=O)N1C(=O)Nc2ccccc12)CN3CCC(CC3)Oc4ccc(Cl)c(Cl)c4,1,1,8,0.9513753207662682,1,0.9943817226914586,1,0.98,1,1.0,1,0.9744831521439786,1,1.0,1
158,Cc1cc(Cl)ccc1OC2CCN(C[C@H](O)CNC(=O)C3=CNC(=O)c4c(F)cccc34)CC2,1,1,8,0.9925221714154768,1,0.9981939319366261,1,0.99,1,1.0,1,0.9879363838886894,1,1.0,1
159,Cc1c(Cl)ccc(OC2CCN(C[C@H](O)CNC(=O)C3=CNC(=O)c4cc(ccc34)S(=O)(=O)C)CC2)c1Cl,1,1,8,0.8540144483546142,1,0.8613421562974088,1,0.96,1,0.8,1,0.986490475463309,1,1.0,1
160,O[C@H](CNC(=O)C1=CNC(=O)c2cc(ccc12)S(=O)(=O)NC3CC3)CN4CCC(CC4)Oc5ccc(Cl)c(Cl)c5,1,1,8,0.9141377861794053,1,0.918456909857842,1,0.95,1,1.0,1,0.986490475463309,1,1.0,1
161,O[C@H](CNC(=O)C1=CNC(=O)c2cc(ccc12)S(=O)(=O)N3CCC3)CN4CCC(CC4)Oc5ccc(Cl)c(Cl)c5,1,1,8,0.9807062404504759,1,0.9837368746602836,1,0.96,1,1.0,1,0.986490475463309,1,1.0,1
162,Cc1c(Cl)ccc(OC2CCN(C[C@H](O)CNC(=O)c3c[nH]nc3C(F)(F)F)CC2)c1Cl,1,1,8,0.9937682910070353,1,0.9991258569704848,1,0.99,1,1.0,1,0.986490475463309,1,1.0,1
163,CC1(O)CN(C1)S(=O)(=O)c2ccc3C(=CNC(=O)c3c2)C(=O)NC[C@@H](O)CN4CCC(CC4)Oc5ccc(Cl)c(Cl)c5,1,1,8,0.978106464384162,1,0.9769714194744433,1,0.96,1,1.0,1,0.986490475463309,1,1.0,1
164,O[C@H](CNC(=O)C1=CNC(=O)c2c(F)cccc12)CN3CCC(CC3)Oc4ccc(Cl)c(Cl)c4,1,1,8,0.9942343627483227,1,0.9991180972456611,1,0.99,1,1.0,1,0.9879363838886894,1,1.0,1
165,CN1C=C(C(=O)NC[C@@H](O)CN2CCC(CC2)Oc3ccc(Cl)c(Cl)c3)C(=CC1=O)C(F)(F)F,1,1,8,0.9949655755127446,1,0.9993070580283624,1,1.0,1,1.0,1,0.986490475463309,1,1.0,1
166,O[C@H](CNS(=O)(=O)c1cccc(c1)C#N)CN2CCC(CC2)Oc3ccc(Cl)c(Cl)c3,1,1,8,0.9931372012153867,1,0.9996128960379227,1,0.99,1,1.0,1,0.9879363838886894,1,1.0,1
167,CS(=O)(=O)c1ccc2C(=CNC(=O)c2c1)C(=O)NC[C@@H](O)CN3CCC(CC3)Oc4ccc(Cl)c(Cl)c4,1,1,8,0.7316443274773601,0,0.7778518055652957,1,0.95,1,1.0,1,0.986490475463309,1,1.0,1
168,CS(=O)(=O)c1ccc2C(=CNC(=O)c2c1)C(=O)NC[C@@H](O)CN3CCC(CC3)Oc4ccc(C#N)c(Cl)c4,1,1,8,0.7983667189309579,0,0.9215879811871315,1,0.95,1,1.0,1,0.986490475463309,1,1.0,1
169,O[C@H](CNC(=O)C1=CNC(=O)C=C1C(F)(F)F)CN2CCC(CC2)Oc3ccc(Cl)c(Cl)c3,1,1,8,0.9907444850158762,1,0.9966228799490079,1,0.99,1,1.0,1,0.986490475463309,1,1.0,1
170,O[C@H](CNC(=O)C1=CNC(=O)c2ccccc12)CN3CCC(CC3)Oc4ccc(C#N)c(Cl)c4,1,1,8,0.9933321721373864,1,0.999473121436143,1,0.99,1,1.0,1,0.9879363838886894,1,1.0,1
171,O[C@H](CNC(=O)c1c[nH]c2ccccc12)CN3CCC(CC3)Oc4ccc(Cl)c(Cl)c4,1,1,8,0.9841040181973434,1,0.9966067131422862,1,1.0,1,1.0,1,0.9879363838886894,1,1.0,1
172,CNS(=O)(=O)c1ccc2C(=CNC(=O)c2c1)C(=O)NC[C@@H](O)CN3CCC(CC3)Oc4ccc(Cl)c(Cl)c4,1,1,8,0.8226350831591731,0,0.8821631647204562,1,0.95,1,1.0,1,0.986490475463309,1,1.0,1
173,O[C@H](CNC(=O)c1c[nH]nc1C(F)(F)F)CN2CCC(CC2)Oc3ccc(Cl)c(Cl)c3,1,1,8,0.9946182027740096,1,0.9994268142689852,1,1.0,1,1.0,1,0.986490475463309,1,1.0,1
174,CS(=O)(=O)c1ccc(s1)C(=O)NC[C@@H](O)CN2CCC(CC2)Oc3ccc(Cl)c(Cl)c3,1,1,8,0.9665541791432597,1,0.992496015845117,1,1.0,1,1.0,1,0.983356672457449,1,1.0,1
175,O[C@H](CNC(=O)C1=CNC(=O)c2ccccc12)CN3CCC(CC3)Oc4ccc(Cl)c(Cl)c4,1,1,8,0.9903478162889212,1,0.9982336705280116,1,0.99,1,1.0,1,0.9879363838886894,1,1.0,1
176,O[C@H](CNC(=O)C1=CC(=O)Nc2ccccc12)CN3CCC(CC3)Oc4ccc(Cl)c(Cl)c4,1,1,8,0.9803798710207853,1,0.9977233848889325,1,1.0,1,1.0,1,0.985132933300628,1,1.0,1
177,Cc1c(Cl)ccc(OC2CCN(C[C@H](O)CNC(=O)C3=CNC(=O)C=C3C(F)(F)F)CC2)c1Cl,1,1,8,0.9887523054429053,1,0.9957722061580858,1,0.99,1,1.0,1,0.986490475463309,1,1.0,1
178,OCCNS(=O)(=O)c1ccc2C(=CNC(=O)c2c1)C(=O)NC[C@@H](O)CN3CCC(CC3)Oc4ccc(Cl)c(Cl)c4,1,1,8,0.8816580367754091,1,0.8419480180052207,1,0.95,1,1.0,1,0.986490475463309,1,1.0,1
179,O[C@H](CNC(=O)C1=CNC(=O)c2ccc(F)cc12)CN3CCC(CC3)Oc4ccc(Cl)c(Cl)c4,1,1,8,0.9894552810175961,1,0.9965986270973353,1,0.98,1,1.0,1,0.986490475463309,1,1.0,1
180,O[C@H](CNC(=O)c1cn2cc(F)ccc2n1)CN3CCC(CC3)Oc4ccc(Cl)c(Cl)c4,1,1,8,0.994652429361257,1,0.998983068664053,1,0.99,1,1.0,1,0.986490475463309,1,1.0,1
181,Cc1cc(Cl)ccc1OC2CCN(C[C@H](O)CNC(=O)C3=CNC(=O)c4cc(ccc34)S(=O)(=O)C)CC2,1,1,8,0.7368919601602866,0,0.7313544010335795,1,0.97,1,0.8,1,0.986490475463309,1,1.0,1
182,O[C@H](CNC(=O)c1cnnc2ccccc12)CN3CCC(CC3)Oc4ccc(Cl)c(Cl)c4,1,1,8,0.9628298759923669,1,0.9982019635223962,1,0.97,1,1.0,1,0.9879363838886894,1,1.0,1
183,O[C@H](CNC(=O)C1=NNC(=O)c2ccccc12)CN3CCC(CC3)Oc4ccc(Cl)c(Cl)c4,1,1,8,0.9958541289481144,1,0.9996895555222548,1,0.97,1,1.0,1,0.9708827514719527,1,1.0,1
184,COc1cc(ccc1N)C(=O)NC[C@@H](O)CN2CCC(CC2)Oc3ccc(Cl)c(Cl)c3,1,1,8,0.9659803134753423,1,0.9892846196347599,1,0.98,1,1.0,1,0.9802417523494747,1,1.0,1
185,NS(=O)(=O)c1ccc2C(=CNC(=O)c2c1)C(=O)NC[C@@H](O)CN3CCC(CC3)Oc4ccc(Cl)c(Cl)c4,1,1,8,0.8476760179114331,1,0.7980990836347513,1,0.93,1,1.0,1,0.9777317195163407,1,1.0,1
186,O[C@H](CNC(=O)c1cccc(c1)C#N)CN2CCC(CC2)Oc3ccc(Cl)c(Cl)c3,1,1,8,0.996101997959462,1,0.9998444280157427,1,0.99,1,1.0,1,0.9879363838886894,1,1.0,1
187,Cc1cc(Cl)ccc1OC2CCN(C[C@H](O)CNC(=O)C3=CNC(=O)C=C3C(F)(F)F)CC2,1,1,8,0.9882317259469499,1,0.9946822583533118,1,0.98,1,1.0,1,0.986490475463309,1,1.0,1
188,O[C@H](CNC(=O)c1c[nH]nc1C2CC2)CN3CCC(CC3)Oc4ccc(Cl)c(Cl)c4,1,1,8,0.9945236995613334,1,0.9990168365163152,1,1.0,1,1.0,1,0.986490475463309,1,1.0,1
189,COc1ccc(cc1)c2nc3c(NCCCNC(=O)C)c(Br)cnc3[nH]2,1,1,9,0.9999988260842685,1,0.999964337740177,1,0.98,1,1.0,1,0.9826662322273881,1,1.0,1
190,COc1ccc(cc1)c2nc3c(NCCCNC(=O)c4ccccc4)c(Br)cnc3[nH]2,1,1,9,0.9999883653525412,1,0.9999351416484998,1,0.98,1,1.0,1,0.9766328224979585,1,1.0,1
191,COc1ccc(cc1)c2nc3c(NCCCNC(=O)C4CC4)c(Br)cnc3[nH]2,1,1,9,0.9999894379260422,1,0.9999382919599022,1,1.0,1,1.0,1,0.9865297285481963,1,1.0,1
192,COc1ccc(cc1)c2nc3c(NCCCNC(=O)C4(CN)CC4)c(Br)cnc3[nH]2,1,1,9,0.9957641885748325,1,0.9995851240265742,1,0.94,1,1.0,1,0.9038194850259476,1,1.0,1
193,CN[C@@H](C)C(=O)N[C@H](C(=O)N[C@H]1CCCN(CCc2ccc(F)cc2)C1)C(C)(C)C,1,1,11,0.9917828180947343,1,0.9988112652262858,1,1.0,1,1.0,1,0.982974207085461,1,1.0,1
194,CN[C@@H](C)C(=O)N[C@H](C(=O)N[C@H]1CCCN(CCc2ccccc2)C1)C(C)(C)C,1,1,11,0.9937797106159573,1,0.9989777477341986,1,0.99,1,1.0,1,0.9770454908940421,1,1.0,1
195,CN[C@@H](C)C(=O)N[C@H](C(=O)N[C@H]1CCCN(CCc2ccc(cc2)C(F)(F)F)C1)C(C)(C)C,1,1,11,0.9874619198194668,1,0.9977485614021514,1,1.0,1,1.0,1,0.982974207085461,1,1.0,1
196,CN[C@@H](C)C(=O)N[C@@H](C1CCCCC1)C(=O)N[C@H]2CCCN(CCc3ccccc3)C2,1,1,11,0.9627527394031402,1,0.9970988357781321,1,1.0,1,1.0,1,0.9770454908940421,1,1.0,1
197,CN[C@@H](C)C(=O)N[C@H](C(=O)N[C@H]1CCCN(CCc2ccc(OC)cc2)C1)C(C)(C)C,1,1,11,0.9900077530260886,1,0.9984088644892903,1,1.0,1,1.0,1,0.982974207085461,1,1.0,1
198,CN[C@@H](C)C(=O)N[C@H](C(=O)N[C@H]1CCCN(CCc2ccc(O)cc2)C1)C(C)(C)C,1,1,11,0.9907214425676706,1,0.9979732492722259,1,1.0,1,1.0,1,0.982974207085461,1,1.0,1
199,CN[C@@H](C)C(=O)N[C@H](C(=O)N[C@H]1CCCN(C1)S(=O)(=O)c2ccccc2)C(C)(C)C,1,1,11,0.9927828455593093,1,0.9968014782238814,1,0.96,1,1.0,1,0.9770454908940421,1,1.0,1
200,CN[C@@H](C)C(=O)N[C@@H](C1CCCCC1)C(=O)N[C@H]2CCCN(CCc3cccc(F)c3)C2,1,1,11,0.9944165525282935,1,0.9998725888557435,1,1.0,1,1.0,1,0.9847906552523022,1,1.0,1
201,CN[C@@H](C)C(=O)N[C@H](C(=O)N[C@H]1CCCN(CCc2ccccn2)C1)C(C)(C)C,0,0,11,0.9954236909161502,1,0.9992909580294428,1,0.98,1,1.0,1,0.9847906552523022,1,1.0,1
202,CN[C@@H](C)C(=O)N[C@H](C(=O)N[C@H]1CCCN(CCc2ccc(Br)cc2)C1)C(C)(C)C,1,1,11,0.9969591636050766,1,0.999472097099435,1,1.0,1,1.0,1,0.982974207085461,1,1.0,1
203,CN[C@@H](C)C(=O)N[C@@H](C1CCCCC1)C(=O)N[C@H]2CCCN(CCc3ccccc3F)C2,1,1,11,0.9592211774370013,1,0.9988530119633525,1,1.0,1,1.0,1,0.9847906552523022,1,1.0,1
204,CN[C@@H](C)C(=O)N[C@H](C(=O)N[C@H]1CCCN(CCc2ccc(C)cc2)C1)C(C)(C)C,1,1,11,0.9921923378138439,1,0.9978217598863839,1,1.0,1,1.0,1,0.982974207085461,1,1.0,1
205,CN[C@@H](C)C(=O)N[C@H](C(=O)N[C@H]1CCCN(CCc2ccc(cc2)[N+](=O)[O-])C1)C(C)(C)C,1,1,11,0.9931309186979885,1,0.9984324557220856,1,0.99,1,1.0,1,0.982974207085461,1,1.0,1
206,CN[C@@H](C)C(=O)N[C@H](C(=O)N[C@H]1CCCN(C1)S(=O)(=O)Cc2ccccc2)C(C)(C)C,1,1,11,0.9831675387405641,1,0.9924034609348196,1,0.99,1,1.0,1,0.9770454908940421,1,1.0,1
207,CN[C@@H](C)C(=O)N[C@@H](C1CCCCC1)C(=O)N(C)[C@H]2CCCN(CCc3ccccc3)C2,1,1,11,0.9607471819800547,1,0.9964545458770393,1,1.0,1,1.0,1,0.9770454908940421,1,1.0,1
208,CN[C@@H](C)C(=O)N[C@@H](C1CCCCC1)C(=O)N[C@H]2CCCN(CCc3ccc(F)cc3)C2,1,1,11,0.9512985023220781,1,0.996627389483147,1,1.0,1,1.0,1,0.982974207085461,1,1.0,1
209,CN[C@@H](C)C(=O)N[C@H](C(=O)N[C@H]1CCCN(CCc2cccc(OC)c2)C1)C(C)(C)C,1,1,11,0.996837458558335,1,0.9998230915927541,1,0.99,1,1.0,1,0.9847906552523022,1,1.0,1
210,CN[C@@H](C)C(=O)N[C@H](C(=O)N[C@H]1CCCN(CCc2ccccc2OC)C1)C(C)(C)C,1,1,11,0.9974238135824713,1,0.9998225164762934,1,0.99,1,1.0,1,0.9847906552523022,1,1.0,1
211,CC1=CN([C@H]2CCCN(C2)S(=O)(=O)c3ccc(O)c(Oc4ccccc4)c3)C(=O)NC1=O,1,1,12,0.8968288810349833,1,0.669009757051979,1,0.8859999999999999,1,0.8,1,0.9621841570871158,1,1.0,1
212,CC1=CN([C@H]2CCCN(C2)S(=O)(=O)c3ccc(O)c(Oc4cccc(c4)C(F)(F)F)c3)C(=O)NC1=O,1,1,12,0.9967429392314855,1,0.9971024454568481,1,0.92,1,1.0,1,0.9748144803697143,1,1.0,1
213,CC1=CN([C@H]2CCCN(C2)S(=O)(=O)c3ccc(O)c(Oc4cc(F)cc(Cl)c4)c3)C(=O)NC1=O,1,1,12,0.9781885327927501,1,0.9477924310889548,1,0.89,1,0.6,1,0.9776038972714969,1,1.0,1
214,CC1=CN([C@H]2CCCN(C2)S(=O)(=O)c3ccc(O)c(Oc4ccc(Cl)cc4)c3)C(=O)NC1=O,1,1,12,0.968906715359496,1,0.9409101886966559,1,0.9,1,0.8,1,0.9776038972714969,1,1.0,1
215,CC1=CN([C@H]2CCCN(C2)S(=O)(=O)c3ccc(O)c(Oc4cccc(Br)c4)c3)C(=O)NC1=O,1,1,12,0.9733753793916133,1,0.9591502539386627,1,0.87,1,0.8,1,0.9748144803697143,1,1.0,1
216,CC1=CN([C@H]2CCCN(C2)S(=O)(=O)c3ccc(C(=O)O)c(Oc4cccc(Cl)c4)c3)C(=O)NC1=O,0,0,12,0.7950562067578951,0,0.6192256025818931,1,0.856,1,0.8,1,0.9585870636736973,1,1.0,1
217,CC1=CN([C@H]2CCCN(C2)S(=O)(=O)c3ccc(O)c(Oc4cccc(F)c4)c3)C(=O)NC1=O,1,1,12,0.9733790167237192,1,0.9438341624236137,1,0.8,1,0.8,1,0.9748144803697143,1,1.0,1
218,CC1=CN([C@H]2CCCN(C2)S(=O)(=O)c3ccc(CO)c(Oc4cccc(Cl)c4)c3)C(=O)NC1=O,1,1,12,0.9627852005722578,1,0.9370334103034889,1,0.95,1,0.8,1,0.9879363838886894,1,1.0,1
219,CC1=CN([C@H]2CCCN(C2)S(=O)(=O)c3ccc(C(=O)N)c(Oc4cccc(Cl)c4)c3)C(=O)NC1=O,1,1,12,0.9562929855100605,1,0.9522802737074492,1,0.91,1,0.8,1,0.9823444846191954,1,1.0,1
220,CC1=CN([C@H]2CCCN(C2)S(=O)(=O)c3cccc(Oc4ccccc4)c3)C(=O)NC1=O,1,1,12,0.9778056576257393,1,0.9702425215645721,1,0.976,1,1.0,1,0.9770454908940421,1,1.0,1
221,COc1ccc(cc1Oc2cccc(Cl)c2)S(=O)(=O)N3CCC[C@@H](C3)N4C=C(C)C(=O)NC4=O,1,1,12,0.9894613538308842,1,0.9926702967499795,1,0.93,1,0.8,1,0.9879363838886894,1,1.0,1
222,CC1=CN([C@H]2CCCN(C2)S(=O)(=O)c3ccc(O)c(Oc4ccc(Cl)c(C)c4)c3)C(=O)NC1=O,1,1,12,0.979942116771079,1,0.9568649511487577,1,0.9,1,0.8,1,0.9776038972714969,1,1.0,1
223,CC1=CN([C@H]2CCCN(C2)S(=O)(=O)c3ccc(C(=O)O)c(Oc4ccc(Cl)c(Cl)c4)c3)C(=O)NC1=O,0,0,12,0.8133867695119811,0,0.5307795834030588,1,0.846,1,0.8,1,0.9537879807607141,1,1.0,1
224,COCCNC(=O)c1cccc(Nc2ncc3cc(ccc3n2)c4ccncc4)c1,1,1,13,0.9833538633269902,1,0.9988491658542747,1,0.97,1,0.8,1,0.9845150200164434,1,1.0,1
225,COCCC(=O)Nc1ccc(Nc2ncc3cc(ccc3n2)c4ccncc4)cc1,1,1,13,0.9778450194051671,1,0.9974311320344433,1,0.98,1,0.8,1,0.9826662322273881,1,1.0,1
226,COCCNCc1ccc(Nc2ncc3cc(ccc3n2)c4ccncc4)cc1,1,1,13,0.9816932147401842,1,0.9967030415027729,1,0.96,1,0.8,1,0.9826662322273881,1,1.0,1
227,CN(C)CCNCc1ccc(Nc2ncc3cc(ccc3n2)c4ccncc4)cc1,1,1,13,0.9969494538058602,1,0.9996464873523766,1,0.99,1,0.8,1,0.9826662322273881,1,1.0,1
228,COCCNC(=O)c1ccc(Nc2ncc3cc(ccc3n2)c4ccncc4)cc1C,1,1,13,0.9251933077476949,1,0.9826424724665054,1,0.97,1,0.6,1,0.9826662322273881,1,1.0,1
229,COCCNC(=O)c1ccc(Nc2ncc3cc(ccc3n2)c4ccnc(C)c4)cc1,1,1,13,0.9665817289796694,1,0.9980926842015455,1,0.97,1,0.6,1,0.9826662322273881,1,1.0,1
230,COCCC(=O)N(C)c1ccc(Nc2ncc3cc(ccc3n2)c4ccncc4)cc1,1,1,13,0.9954131134916897,1,0.9989674531414552,1,0.97,1,0.8,1,0.9826662322273881,1,1.0,1
231,COCCN(C)Cc1ccc(Nc2ncc3cc(ccc3n2)c4ccncc4)cc1,1,1,13,0.9944067004765853,1,0.9994794466301383,1,0.98,1,0.8,1,0.9826662322273881,1,1.0,1
232,COCCNC(=O)c1ccc(Nc2ncc3cc(ccc3n2)c4cccnc4)cc1,1,1,13,0.9435238285112851,1,0.9942153412476413,1,0.98,1,0.8,1,0.9845150200164434,1,1.0,1
233,CN(C)CCNC(=O)c1ccc(Nc2ncc3cc(ccc3n2)c4ccncc4)cc1,1,1,13,0.957018737787735,1,0.9926848301055835,1,0.93,1,0.6,1,0.9826662322273881,1,1.0,1
234,COCCOc1ccc(Nc2ncc3cc(ccc3n2)c4ccncc4)cc1,1,1,13,0.9784316052390121,1,0.9969250326077745,1,0.96,1,0.8,1,0.9826662322273881,1,1.0,1
235,CC(=O)Nc1ccc(Nc2ncc3cc(ccc3n2)c4ccncc4)cc1,1,1,13,0.9913348739603479,1,0.9988691933853387,1,0.98,1,0.8,1,0.9826662322273881,1,1.0,1
236,C(CN1CCCC1)Oc2ccc(Nc3ncc4cc(ccc4n3)c5ccncc5)cc2,1,1,13,0.9898792452591763,1,0.9992454042887694,1,0.98,1,1.0,1,0.9865297285481963,1,1.0,1
237,O=C(NCCN1CCCC1)c2ccc(Nc3ncc4cc(ccc4n3)c5ccncc5)cc2,1,1,13,0.9810542956306362,1,0.9982105257086866,1,0.98,1,0.6,1,0.9865297285481963,1,1.0,1
238,CN(C(=O)C)c1ccc(Nc2ncc3cc(ccc3n2)c4ccncc4)cc1,1,1,13,0.9966704929074435,1,0.998939194391451,1,0.98,1,0.8,1,0.9826662322273881,1,1.0,1
239,CN1CCCC1CCNC(=O)c2ccc(Nc3ncc4cc(ccc4n3)c5ccncc5)cc2,1,1,13,0.8610092923816038,1,0.9734469782092922,1,0.97,1,0.8,1,0.9865297285481963,1,1.0,1
240,COCCNC(=O)c1ccc(Nc2ncc3cc(ccc3n2)c4ccncc4OC)cc1,1,1,13,0.9528824608922128,1,0.9935077977948196,1,0.96,1,0.8,1,0.9826662322273881,1,1.0,1
241,Cc1c(Sc2ccc(Cl)cc2)c3c(NS(=O)(=O)C)cccc3n1CC(=O)O,1,1,14,0.98694637323649,1,0.989561739321888,1,0.95,1,1.0,1,0.9515748306905243,1,1.0,1
242,Cc1ccc2c(c1)c(c(C)n2CC(=O)O)c3ccnc4ccc(cc34)C(F)(F)F,1,1,14,0.9999961624934237,1,0.9990758105904305,1,0.9,1,1.0,1,0.9326751632231238,1,1.0,1
243,Cc1ccc2c(n1)c(Sc3ccc(Cl)cc3)c(C)n2CC(=O)O,1,1,14,0.9417306551299823,1,0.9561146209542973,1,0.95,1,1.0,1,0.9460089132593106,1,1.0,1
244,CC(C(=O)O)n1c(C)c(Sc2ccc(Cl)cc2)c3cc(Cl)ccc13,1,1,14,0.9746045266995423,1,0.9970185699357181,1,0.94,1,1.0,1,0.9642121294599165,1,1.0,1
245,Cc1ccc2c(c1)c(c(C)n2CC(=O)O)c3ccnc4cc(Cl)ccc34,1,1,14,0.9893120144389054,1,0.992736884996104,1,0.95,1,1.0,1,0.9460089132593106,1,1.0,1
246,CC(=O)Nc1ccc2c(c1)c(Sc3ccc(Cl)cc3)c(C)n2CC(=O)O,1,1,14,0.9857978252781516,1,0.9944514073996377,1,0.97,1,1.0,1,0.9460089132593106,1,1.0,1
247,Cc1c(Sc2ccc(Cl)cc2)c3c(Cl)nccc3n1CC(=O)O,1,1,14,0.9826415300868864,1,0.9834608146071174,1,0.95,1,1.0,1,0.9460089132593106,1,1.0,1
248,Cc1c(Oc2ccc(Cl)cc2)c3cc(ccc3n1CC(=O)O)C(F)(F)F,1,1,14,0.993568618822383,1,0.9984327599209191,1,0.96,1,1.0,1,0.9460089132593106,1,1.0,1
249,Cc1c(Sc2ccc(Cl)cc2)c3cc(Cl)ccc3n1CC(=O)O,1,1,14,0.9758001952069565,1,0.9911614909569674,1,0.97,1,1.0,1,0.9460089132593106,1,1.0,1
250,Cc1ccc2c(c1)c(c(C)n2CC(=O)O)c3ccnc4c(F)cccc34,1,1,14,0.9794189352180994,1,0.9834952219646689,1,0.93,1,0.8,1,0.9395277837164083,1,1.0,1
251,COc1ccc2c(c1)c(CC(=O)O)c(C)n2c3ccnc4cc(Cl)ccc34,1,1,14,0.9206625547367919,1,0.9098729616096879,1,0.94,1,1.0,1,0.9460089132593106,1,1.0,1
252,Cc1ccc2c(c1)c(c(C)n2CC(=O)O)c3ccnc4c(Cl)cccc34,1,1,14,0.9999891817104486,1,0.9991488205908017,1,0.96,1,0.8,1,0.9515748306905243,1,1.0,1
253,Cc1c(Sc2ccc(Cl)cc2)c3ccc(cc3n1CC(=O)O)S(=O)(=O)C,1,1,14,0.7779214195565463,0,0.7775305929708181,1,0.9,1,0.8,1,0.9460089132593106,1,1.0,1
254,Cc1c(c2c(NS(=O)(=O)C)cccc2n1CC(=O)O)S(=O)(=O)c3ccc(Cl)cc3,0,0,14,0.9783773519091792,1,0.8895297594332289,1,0.94,1,1.0,1,0.930316943487412,1,1.0,1
255,Cc1c(Sc2ccc(Cl)cc2)c3cc(F)ccc3n1CC(=O)O,1,1,14,0.9802321704436335,1,0.9936080655864742,1,0.95,1,0.8,1,0.9460089132593106,1,1.0,1
256,COc1cccc2c(ccnc12)c3c(C)n(CC(=O)O)c4ccc(C)cc34,1,1,14,0.994861558145433,1,0.9953108549513382,1,0.89,1,0.8,1,0.9395277837164083,1,1.0,1
257,COc1ccc(Sc2c(C)n(CC(=O)O)c3ccc(C)cc23)cc1,1,1,14,0.9817835275990048,1,0.9745060403143271,1,0.9,1,1.0,1,0.9326751632231238,1,1.0,1
258,Cc1ccc2c(c1)c(Sc3ccc(Cl)cc3)c(C)n2CC(=O)O,1,1,14,0.9908287885853027,1,0.9925190521044367,1,0.93,1,1.0,1,0.9460089132593106,1,1.0,1
259,Cc1ccc2c(c1)c(c(C)n2CC(=O)O)c3ccnc4c(cccc34)C#N,1,1,14,0.985568510232067,1,0.9879790603879914,1,0.91,1,1.0,1,0.9395277837164083,1,1.0,1
260,Cc1c(c2cc(F)ccc2n1CC(=O)O)S(=O)(=O)c3ccc(Cl)cc3,1,1,14,0.9824965279454881,1,0.9548853447613714,1,0.94,1,0.8,1,0.9460089132593106,1,1.0,1
261,Cc1c(Sc2ccc(Cl)cc2)c3cc(Cl)ccc3n1Cc4nnn[nH]4,1,1,14,0.9950082952258257,1,0.9997334585086244,1,1.0,1,1.0,1,0.9826159190993468,1,1.0,1
262,Cc1ccc2c(c1)c(Sc3ccccc3)c(CC(=O)O)n2C,1,1,14,0.9842946435043876,1,0.9941294536861645,1,0.86,1,0.8,1,0.9395277837164083,1,1.0,1
263,Cc1c(Sc2ccc(Cl)cc2)c3cc(ccc3n1CC(=O)O)S(=O)(=O)C,1,1,14,0.8086593773363222,0,0.7742732717266751,1,0.9,1,0.8,1,0.9460089132593106,1,1.0,1
264,Cc1ccc2c(c1)c(c(C)n2CC(=O)O)S(=O)(=O)c3ccc(Cl)cc3,1,1,14,0.991889713215754,1,0.9475472953236886,1,0.93,1,1.0,1,0.9460089132593106,1,1.0,1
265,Cc1c(Sc2ccc(Cl)cc2)c3c(cccc3n1CC(=O)O)c4ccccc4,1,1,14,0.9939432851944808,1,0.9991619930483194,1,0.99,1,1.0,1,0.9614302409332106,1,1.0,1
266,Cc1ccc2c(c(C)n(CC(=O)O)c2c1)c3ccnc4cc(Cl)ccc34,1,1,14,0.9872226294497899,1,0.9898412899016942,1,0.97,1,1.0,1,0.9460089132593106,1,1.0,1
267,Cc1c(F)ccc2c1c(Sc3ccc(Cl)cc3)c(C)n2CC(=O)O,1,1,14,0.9266432159214864,1,0.9530906786592734,1,0.95,1,1.0,1,0.9460089132593106,1,1.0,1
268,CC(=O)Nc1cccc2c1c(Oc3ccc(Cl)cc3)c(C)n2CC(=O)O,0,0,14,0.999998053287494,1,0.999627169014434,1,0.96,1,1.0,1,0.9515748306905243,1,1.0,1
269,Cc1ccc2c(c1)c(Sc3cccc(Cl)c3)c(C)n2CC(=O)O,1,1,14,0.9902808406275407,1,0.9963801732255265,1,0.92,1,1.0,1,0.9515748306905243,1,1.0,1
270,Cc1c(Sc2ccc(Cl)cc2)c3cccc(Cl)c3n1CC(=O)O,1,1,14,0.9800713470728486,1,0.9974324259699596,1,0.99,1,1.0,1,0.9515748306905243,1,1.0,1
271,Cc1ccc2c(c1)c(c(C)n2CC(=O)O)c3ccnc4c(cccc34)S(=O)(=O)C,1,1,14,0.9885203194274425,1,0.9875012767850364,1,0.87,1,0.8,1,0.9395277837164083,1,1.0,1
272,Cc1c(Sc2ccc(Cl)cc2)c3cc(ccc3n1CC(=O)O)c4ccccc4,1,1,14,0.9955464750173629,1,0.9995983337317046,1,0.99,1,1.0,1,0.9614302409332106,1,1.0,1
273,Cc1ccc2c(c1)c([S+]([O-])c3ccc(Cl)cc3)c(C)n2CC(=O)O,1,1,14,0.9591598659570524,1,0.8993952464045875,1,0.92,1,1.0,1,0.9460089132593106,1,1.0,1
274,COc1cccc(c1)S(=O)(=O)c2c(C)n(CC(=O)O)c3ccc(C)cc23,0,0,14,0.9900062472310958,1,0.9674325498338354,1,0.91,1,1.0,1,0.9395277837164083,1,1.0,1
275,Cc1ccc2c(c1)c(c(C)n2CC(=O)O)c3cc(C)nc4ccccc34,1,1,14,0.9948001734143282,1,0.9935468561553802,1,0.94,1,0.6,1,0.9395277837164083,1,1.0,1
276,Cc1c(Sc2ccc(Cl)cc2)c3c(cccc3n1CC(=O)O)c4cnccn4,1,1,14,0.9969836722396198,1,0.9997608245092094,1,0.99,1,1.0,1,0.9515748306905243,1,1.0,1
277,OC(=O)c1c(Sc2ccccc2)c3cc(Cl)ccc3n1Cc4ccc(Cl)cc4,1,1,14,0.904228539247568,1,0.9833702776524185,1,0.99,1,1.0,1,0.9491584393003134,1,1.0,1
278,Cc1ccc2c(c1)c(c(C)n2CC(=O)O)c3ccnc4c(cccc34)C(F)(F)F,1,1,14,0.9943695083630483,1,0.9920549733324434,1,0.93,1,0.8,1,0.9395277837164083,1,1.0,1
279,CCS(=O)(=O)Nc1cccc2c1c(Oc3ccc(Cl)cc3)c(C)n2CC(=O)O,1,1,14,0.9999934727830536,1,0.9992029696234178,1,0.94,1,1.0,1,0.9515748306905243,1,1.0,1
280,COc1ccc2c(c1)c(c(C)n2CC(=O)O)c3ccnc4cc(Cl)ccc34,1,1,14,0.9584885650231478,1,0.9884571209262998,1,0.99,1,1.0,1,0.9460089132593106,1,1.0,1
281,Cc1ccc2c(c1)c(c(C)n2CC(=O)O)c3ccnc4cc(ccc34)C(F)(F)F,1,1,14,0.9953557903059501,1,0.9952740709251344,1,0.91,1,1.0,1,0.9326751632231238,1,1.0,1
282,Cc1c(Sc2ccc(Cl)cc2)c3ccc(Cl)cc3n1CC(=O)O,1,1,14,0.9371721948970156,1,0.9769328216257503,1,0.97,1,1.0,1,0.9460089132593106,1,1.0,1
283,Cc1ccc2c(c1)c(Sc3ccccc3Cl)c(C)n2CC(=O)O,1,1,14,0.9999915956014508,1,0.999299906653827,1,0.95,1,1.0,1,0.9515748306905243,1,1.0,1
284,CC(=O)Nc1cccc2c1c(c(C)n2CC(=O)O)S(=O)(=O)c3ccc(Cl)cc3,1,1,14,0.9962522914105569,1,0.9819619736001906,1,0.95,1,1.0,1,0.930316943487412,1,1.0,1
285,Cc1c(Oc2ccc(Cl)cc2)c3cc(F)ccc3n1CC(=O)O,1,1,14,0.9727018371210904,1,0.9893150264241086,1,0.96,1,0.8,1,0.9460089132593106,1,1.0,1
286,CCS(=O)(=O)c1ccc(Oc2c(C)n(CC(=O)O)c3ccc(cc23)C(F)(F)F)cc1,1,1,14,0.989840890256331,1,0.9910165640703248,1,0.9,1,0.8,1,0.9326751632231238,1,1.0,1
287,Cc1c(Sc2ccc(Cl)cc2)c3c(Cl)cccc3n1CC(=O)O,1,1,14,0.9945844178307899,1,0.9977437499418137,1,0.99,1,1.0,1,0.9515748306905243,1,1.0,1
288,Cc1ccc2c(c1)c(Sc3ccc(cc3)S(=O)(=O)C)c(C)n2CC(=O)O,1,1,14,0.8777515800878002,1,0.5879294836563556,1,0.83,1,0.8,1,0.9326751632231238,1,1.0,1
289,Cc1c(Oc2ccc(Cl)cc2)c3c(NS(=O)(=O)C)cccc3n1CC(=O)O,0,0,14,0.9930204768425672,1,0.9952827917412764,1,0.94,1,1.0,1,0.9515748306905243,1,1.0,1
290,Cc1c(Sc2ccc(Cl)cc2)c3c(cccc3n1CC(=O)O)S(=O)(=O)C,1,1,14,0.9746265977913413,1,0.9809347298677795,1,0.96,1,1.0,1,0.9515748306905243,1,1.0,1
291,CNC(=O)c1cccc2c1c(Sc3ccc(Cl)cc3)c(C)n2CC(=O)O,0,0,14,0.9954127628356563,1,0.9962330332665614,1,0.96,1,0.8,1,0.9515748306905243,1,1.0,1
292,CCN(C(=O)C)c1cccc2c1c(Sc3ccc(Cl)cc3)c(C)n2CC(=O)O,1,1,14,0.9935979970337417,1,0.997386992936338,1,0.97,1,0.8,1,0.8941680840778913,1,1.0,1
293,Cc1ccc2c(c1)c(c(C)n2CC(=O)O)c3ccnc4c(C)cccc34,1,1,14,0.9958517578001701,1,0.9947052441418194,1,0.91,1,0.8,1,0.9395277837164083,1,1.0,1
294,Cc1c(Sc2ccc(Cl)cc2)c3c(C#N)c(Cl)ccc3n1CC(=O)O,1,1,14,0.9877529779534567,1,0.9960388994228053,1,0.95,1,1.0,1,0.8770605075274118,1,1.0,1
295,COc1cc(Nc2nccc(n2)N(C)c3cc(CO)ccc3C)cc(c1)N4CCOCC4,1,1,15,0.9818155911492665,1,0.9984642676310576,1,0.98,1,1.0,1,0.982974207085461,1,1.0,1
296,CN(c1ccnc(Nc2cc(cc(c2)N3CCOCC3)N4CCCCC4)n1)c5cc(CO)ccc5C,1,1,15,0.9950231605232073,1,0.9991818307612955,1,0.98,1,1.0,1,0.982974207085461,1,1.0,1
297,CN(c1ccnc(Nc2cc(CN3CCOCC3)cc(c2)N4CCOCC4)n1)c5cc(CO)ccc5C,1,1,15,0.9838174672835086,1,0.9987470628640145,1,0.98,1,1.0,1,0.982974207085461,1,1.0,1
298,CN(c1ccnc(Nc2cc(cc(c2)N3CCN(C)CC3)N4CCOCC4)n1)c5cc(CO)ccc5C,1,1,15,0.9961412765955715,1,0.9994081271800386,1,0.98,1,1.0,1,0.982974207085461,1,1.0,1
299,CN(c1ccccc1)c2ccnc(Nc3cc(cc(c3)N4CCOCC4)N5CCOCC5)n2,1,1,15,0.987571718211814,1,0.996988675130242,1,0.99,1,1.0,1,0.966386428804488,1,1.0,1
300,CN(c1ccnc(Nc2cc(cc(c2)N3CCOCC3)N4CCCC4)n1)c5cc(CO)ccc5C,1,1,15,0.9914776999619562,1,0.9983662107400452,1,0.98,1,1.0,1,0.982974207085461,1,1.0,1
301,CN(c1ccnc(Nc2cc(cc(c2)S(=O)(=O)C)N3CCOCC3)n1)c4cc(CO)ccc4C,1,1,15,0.949728668421883,1,0.9889236140410351,1,0.98,1,1.0,1,0.982974207085461,1,1.0,1
302,COc1ccnc(c1)N(C)c2ccnc(Nc3cc(cc(c3)N4CCOCC4)N5CCOCC5)n2,1,1,15,0.9631600207188546,1,0.9956191418057336,1,0.99,1,1.0,1,0.982974207085461,1,1.0,1
303,COc1ccc(C)c(c1)N(C)c2ccnc(Nc3cc(cc(c3)N4CCOCC4)N5CCOCC5)n2,1,1,15,0.9932930328361722,1,0.9995102443301286,1,0.99,1,1.0,1,0.982974207085461,1,1.0,1
304,CN(c1ccnc(Nc2cc(cc(c2)N3CCOCC3)N4CCOCC4)n1)c5cc(CO)ccc5C,1,1,15,0.9903272291230082,1,0.998202456171539,1,0.98,1,1.0,1,0.982974207085461,1,1.0,1
305,COc1cc(CO)cc(c1)N(C)c2ccnc(Nc3cc(cc(c3)N4CCOCC4)N5CCOCC5)n2,1,1,15,0.975362702074782,1,0.9954089544616297,1,0.96,1,1.0,1,0.9749977301930238,1,1.0,1
306,CN(c1cccc(CO)c1)c2ccnc(Nc3cc(cc(c3)N4CCOCC4)N5CCOCC5)n2,1,1,15,0.9927901178882357,1,0.9991136244374819,1,0.97,1,1.0,1,0.9776458201195202,1,1.0,1
307,CC(C)N(c1ccnc(Nc2cc(cc(c2)N3CCOCC3)N4CCOCC4)n1)c5cc(CO)ccc5C,1,1,15,0.9967752003864422,1,0.999509420735088,1,0.98,1,1.0,1,0.982974207085461,1,1.0,1
308,CN(c1ccnc(Nc2cc(OC3CCOCC3)cc(c2)N4CCOCC4)n1)c5cc(CO)ccc5C,1,1,15,0.9806173694238295,1,0.9968884172577163,1,0.99,1,1.0,1,0.982974207085461,1,1.0,1
309,CN(c1ccnc(Nc2cc(nc(c2)N3CCOCC3)N4CCOCC4)n1)c5cc(CO)ccc5C,1,1,15,0.9828014687338841,1,0.9975829059976364,1,0.97,1,1.0,1,0.982974207085461,1,1.0,1
310,CCN(c1ccnc(Nc2cc(cc(c2)N3CCOCC3)N4CCOCC4)n1)c5cc(CO)ccc5C,1,1,15,0.974002741288496,1,0.9918593589061817,1,0.98,1,1.0,1,0.9612757938473376,1,1.0,1
311,COc1cccc(n1)N(C)c2ccnc(Nc3cc(cc(c3)N4CCOCC4)N5CCOCC5)n2,1,1,15,0.9886285628184356,1,0.9983790904264741,1,1.0,1,1.0,1,0.9847906552523022,1,1.0,1
312,CN(c1ccnc(Nc2cc(cc(c2)C(=O)N3CCOCC3)N4CCOCC4)n1)c5cc(CO)ccc5C,1,1,15,0.9953686788726636,1,0.9995076056001414,1,0.99,1,1.0,1,0.982974207085461,1,1.0,1
313,CN(c1ccnc(Nc2cc(cc(c2)N3CCOCC3)N4CCOCC4)n1)c5cccc6[nH]ncc56,1,1,15,0.9999930703447936,1,0.9999015654524924,1,0.98,1,1.0,1,0.9847906552523022,1,1.0,1
314,CN(c1ccnc(Nc2cc(cc(c2)N3CCOCC3)N4CCCOCC4)n1)c5cc(CO)ccc5C,1,1,15,0.9913745807219663,1,0.9982770593308482,1,0.97,1,1.0,1,0.982974207085461,1,1.0,1
315,COCCOc1cc(Nc2nccc(n2)N(C)c3cc(CO)ccc3C)cc(c1)N4CCOCC4,1,1,15,0.9673929018627514,1,0.9961812117431726,1,0.99,1,1.0,1,0.982974207085461,1,1.0,1
316,COCCN(c1ccnc(Nc2cc(cc(c2)N3CCOCC3)N4CCOCC4)n1)c5cc(CO)ccc5C,1,1,15,0.9158877886656671,1,0.9671950575171685,1,0.97,1,1.0,1,0.9612757938473376,1,1.0,1
317,CN(c1ccnc(Nc2cc(nc(n2)N3CCOCC3)N4CCOCC4)n1)c5cc(CO)ccc5C,1,1,15,0.9908757405369614,1,0.9988645845243432,1,0.97,1,1.0,1,0.982974207085461,1,1.0,1
318,C[C@H](NC(=O)c1cccnc1Oc2ccccc2)c3ccccc3,1,1,16,0.9258709046013652,1,0.9538894975969994,1,0.96,1,0.8,1,0.9705429827270593,1,1.0,1
319,COc1ccc(OC)c(CNC(=O)c2cccnc2Oc3ccccc3)c1,1,1,16,0.8406862108608016,1,0.6584888214606646,1,0.96,1,1.0,1,0.9705429827270593,1,1.0,1
320,Fc1ccc(NC(=O)c2cccnc2Oc3ccccc3)cc1,1,1,16,0.9513433216277083,1,0.984927151531293,1,0.96,1,0.8,1,0.9705429827270593,1,1.0,1
321,C[C@@H](NC(=O)c1cccnc1Oc2ccccc2)c3ccccc3,1,1,16,0.9258709046013652,1,0.9538894975969994,1,0.96,1,0.8,1,0.9705429827270593,1,1.0,1
322,O=C(NCc1ccccn1)c2ccc(Oc3ccccc3)cc2,1,1,16,0.9539853413553928,1,0.9625310521769864,1,0.98,1,1.0,1,0.9705429827270593,1,1.0,1
323,COc1ccc(Oc2ncccc2C(=O)NCc3ccccc3Cl)cc1,1,1,16,0.9847617090936566,1,0.9903283756152933,1,0.96,1,1.0,1,0.9844699883852526,1,1.0,1
324,CC(=O)Nc1ccc(CNc2[nH]nc3ccnc(Oc4ccccc4)c23)cc1,1,1,16,0.9999835987498007,1,0.9997191496887226,1,0.99,1,1.0,1,0.9705429827270593,1,1.0,1
325,Clc1ccccc1CNC(=O)c2ccccc2Oc3ccccc3,1,1,16,0.9932495008701604,1,0.9957910605431162,1,0.99,1,0.8,1,0.9765654143886082,1,1.0,1
326,Clc1ccccc1CNC(=O)c2cccnc2Oc3ccccc3,1,1,16,0.969856263610706,1,0.9577828863497302,1,0.97,1,1.0,1,0.9765654143886082,1,1.0,1
327,NC(=O)c1cccnc1Oc2ccccc2,1,1,16,0.777725726226372,0,0.5860668388032237,1,0.95,1,0.8,1,0.9572376251709117,1,1.0,1
328,O=C(NCc1ccccc1)c2cccnc2Oc3ccccc3,1,1,16,0.9225165756669418,1,0.8796721112577005,1,0.96,1,1.0,1,0.9705429827270593,1,1.0,1
329,COc1ccc(OC)c(CNc2n[nH]c3ccnc(Oc4ccccc4)c23)c1,1,1,16,0.9851253472230463,1,0.9951941270733127,1,0.95,1,1.0,1,0.9599067987598228,1,1.0,1
330,Clc1cccc2cn[nH]c12,1,1,17,0.9999891592973277,1,0.9999127830208344,1,1.0,1,1.0,1,0.9844699883852526,1,1.0,1
331,Clc1ccccc1c2cnn[nH]2,1,1,17,0.9999871821248875,1,0.999953952086555,1,1.0,1,1.0,1,0.9844699883852526,1,1.0,1
332,O=C1NC=Nc2[nH]ncc12,0,0,17,0.9549843478598331,1,0.9703441915894955,1,0.98,1,0.8,1,0.9173111202779466,1,1.0,1
333,CC(C)N1CCN(Cc2oc(nc2)c3cc(cc4[nH]ncc34)c5cccc6[nH]ccc56)CC1,1,1,17,0.9973139110789875,1,0.9999696667784372,1,0.98,1,1.0,1,0.9724634139978514,1,1.0,1
334,Nc1[nH]ncc1c2cc(Cl)ccc2Oc3cc(F)c(cc3Cl)S(=O)(=O)Nc4cscn4,1,1,17,0.9913430868097801,1,0.9997696046136451,1,0.97,1,1.0,1,0.9746211561955564,1,1.0,1
335,O=C(CC12CC3CC(CC(C3)C1)C2)Nc4ccc5[nH]ncc5c4,1,1,17,0.9896685215308457,1,0.99846578804903,1,0.99,1,0.8,1,0.982974207085461,1,1.0,1
336,Nc1[nH]ncc1S(=O)(=O)c2ccccc2,1,1,17,0.9892755303318232,1,0.9944616492439124,1,0.96,1,1.0,1,0.9572376251709117,1,1.0,1
337,Fc1ccc2cn[nH]c2c1,1,1,17,0.9831044283370014,1,0.9947051103604287,1,0.99,1,1.0,1,0.9105517798685637,1,1.0,1
338,Nc1n[nH]c2c(Cl)cccc12,1,1,17,0.9941906778598226,1,0.9991336927555629,1,1.0,1,1.0,1,0.977308202314758,1,1.0,1
339,Clc1ccc2[nH]ncc2c1,1,1,17,0.9949563859664271,1,0.9990428734039549,1,1.0,1,1.0,1,0.9826159190993468,1,1.0,1
340,[O-][N+](=O)c1ccc2[nH]ncc2c1,1,1,17,0.9846378172681879,1,0.9940289329274432,1,1.0,1,1.0,1,0.9781135526526298,1,1.0,1
341,c1ccc2[nH]ncc2c1,1,1,17,0.9921575811165274,1,0.9976314828552911,1,0.99,1,1.0,1,0.9194617679439712,1,1.0,1
342,Clc1cccc2[nH]ncc12,1,1,17,0.999980942798946,1,0.9997199423398365,1,1.0,1,1.0,1,0.9844699883852526,1,1.0,1
343,C[C@@H]1CN(Cc2oc(nn2)c3cc(cc4[nH]ncc34)c5cccc6[nH]ccc56)C[C@H](C)O1,1,1,17,0.9999896853450512,1,0.9999808515716777,1,0.97,1,1.0,1,0.9724634139978514,1,1.0,1
344,O=S(=O)(Nc1cccc2[nH]ncc12)c3cccs3,1,1,17,0.9898854061482335,1,0.9992337234118461,1,1.0,1,1.0,1,0.9804382545163627,1,1.0,1
345,Nc1ccc2cn[nH]c2c1,1,1,17,0.9615896863346522,1,0.943048068188347,1,1.0,1,1.0,1,0.8236791079880411,1,1.0,1
346,COc1cccc2[nH]ncc12,1,1,17,0.992627156720391,1,0.9981604626410204,1,0.99,1,1.0,1,0.9804382545163627,1,1.0,1
347,CCCSc1ncccc1C(=O)N2CCCC2c3ccncc3,1,1,18,0.9047006657281633,1,0.9305227179724797,1,0.98,1,1.0,1,0.9847906552523022,1,1.0,1
348,CCCSc1nc(NC[C@@H]2CC[C@H](CC2)C(=O)O)ccc1C(=O)NC3CCCCC3,1,1,18,0.9999946787102422,1,0.9998692767836626,1,0.98,1,1.0,1,0.9743281530047435,1,1.0,1
349,CCCN(C)c1nc(ccc1C(=O)NC2CCCCC2)N3CCC[C@@H](CC(=O)O)C3,1,1,18,0.995686867482506,1,0.9978816856032146,1,0.97,1,1.0,1,0.9470810436393943,1,1.0,1
350,O=C(NC1CCCCC1)c2cccnc2Sc3ccccc3,1,1,18,0.9766347968191289,1,0.9893058704210647,1,0.97,1,0.8,1,0.9770454908940421,1,1.0,1
351,CCCSc1c(cnn1c2ccc(cc2)C(=O)O)C(=O)N(C)C3CCCCC3,1,1,18,0.9847226672731717,1,0.9937214428573878,1,0.98,1,1.0,1,0.9743281530047435,1,1.0,1
352,CCCSc1ncccc1C(=O)N(C)[C@@H]2[C@@H]3CC4C[C@H]2C[C@@](O)(C4)C3,1,1,18,0.9956748137734464,1,0.9984022079700093,1,0.99,1,1.0,1,0.9847906552523022,1,1.0,1
353,CCCSc1ncccc1C(=O)NC2CCCCC2,1,1,18,0.9960330165894218,1,0.9993627464778568,1,1.0,1,1.0,1,0.9847906552523022,1,1.0,1
354,CCCSc1nc(ccc1C(=O)NC2CCCCC2)N3CCCC(C3)C(=O)O,1,1,18,0.9999855437568572,1,0.999482879376878,1,0.98,1,1.0,1,0.9617017454487555,1,1.0,1
355,CCCSc1ncccc1C(=O)N(C)[C@H]2[C@@H]3CC4C[C@H]2C[C@@](O)(C4)C3,1,1,18,0.9956748137734464,1,0.9984022079700093,1,0.99,1,1.0,1,0.9847906552523022,1,1.0,1
356,CCCSc1c(cnn1[C@@H]2CC[C@@H](CC2)C(=O)O)C(=O)NC3CCCCC3,1,1,18,0.9622549975782874,1,0.9432493790927858,1,0.96,1,1.0,1,0.9523335153076619,1,1.0,1
357,CCCSc1nc(N[C@@H]2CC[C@H](CC2)C(=O)O)ccc1C(=O)NC3CCCCC3,1,1,18,0.999985052437158,1,0.9996441579996829,1,0.99,1,1.0,1,0.9743281530047435,1,1.0,1
358,OC(=O)c1ccc(cc1)n2ncc(C(=O)NC3C4CC5CC(CC3C5)C4)c2C6CCCC6,1,1,18,0.9786246631224651,1,0.9823196113868833,1,1.0,1,1.0,1,0.9743281530047435,1,1.0,1
359,CCCSc1nc(ccc1C(=O)NC2CCCCC2)N3CCC[C@H](CC(=O)O)C3,1,1,18,0.9999903308376685,1,0.9997950248742143,1,0.94,1,1.0,1,0.9470810436393943,1,1.0,1
360,CCCSc1nc(ccc1C(=O)NC2CCCCC2)N3CCCCC3C(=O)O,1,1,18,0.99383501441213,1,0.9986684015781866,1,0.97,1,1.0,1,0.9743281530047435,1,1.0,1
361,CCCSc1nc(NC)ccc1C(=O)N[C@@H]2C3CC4CC2C[C@@](O)(C4)C3,1,1,18,0.9999989859171611,1,0.9999384085488671,1,0.99,1,1.0,1,0.982974207085461,1,1.0,1
362,CCCSc1ncccc1C(=O)NC2CCC(F)(F)CC2,1,1,18,0.9999973689370634,1,0.9999048139712073,1,1.0,1,1.0,1,0.9847906552523022,1,1.0,1
363,CCCSc1ncccc1C(=O)N(C)C2CCCCC2,1,1,18,0.9946391568359624,1,0.9992645120633454,1,1.0,1,1.0,1,0.9847906552523022,1,1.0,1
364,CCCSc1c(cnn1c2cccc(c2)C(=O)O)C(=O)NC3CCCCC3,1,1,18,0.9971473675217084,1,0.999546793139468,1,1.0,1,1.0,1,0.9770454908940421,1,1.0,1
365,CCCSc1nc(ccc1C(=O)N[C@@H]2C3CC4CC2C[C@@](O)(C4)C3)N5CCOCC5,1,1,18,0.9999998276549564,1,0.9999798908241394,1,0.99,1,1.0,1,0.982974207085461,1,1.0,1
366,CCCSc1ncccc1C(=O)N[C@@H]2[C@@H]3CC4C[C@H]2C[C@@](O)(C4)C3,1,1,18,0.9999978688473741,1,0.9998353986189478,1,0.99,1,1.0,1,0.9847906552523022,1,1.0,1
367,CCCSc1nc(ccc1C(=O)NC2CCCCC2)N3CCC(CC3)C(=O)O,1,1,18,0.9999892228646542,1,0.9995230122009391,1,0.98,1,1.0,1,0.9743281530047435,1,1.0,1
368,CCCNc1nc(ccc1C(=O)NC2CCCCC2)N3CCC[C@@H](CC(=O)O)C3,1,1,18,0.9931096904646777,1,0.997493356073872,1,0.96,1,1.0,1,0.9470810436393943,1,1.0,1
369,CCCOc1nc(ccc1C(=O)NC2CCCCC2)N3CCC[C@@H](CC(=O)O)C3,1,1,18,0.9970639033557726,1,0.9990894497081783,1,0.97,1,0.8,1,0.9470810436393943,1,1.0,1
370,CCCSc1ncccc1C(=O)N(C)C2CCOCC2,1,1,18,0.994234218774554,1,0.9993749276623026,1,1.0,1,1.0,1,0.9847906552523022,1,1.0,1
371,CCCSc1c(cnn1C)C(=O)NC2CCCCC2,1,1,18,0.9933101295430884,1,0.9983227458674019,1,0.99,1,1.0,1,0.9681449848058412,1,1.0,1
372,OC(=O)c1ccc(cc1)n2ncc(C(=O)NC3C4CC5CC(CC3C5)C4)c2C6CCC6,1,1,18,0.9743197627892711,1,0.9702665003770149,1,1.0,1,1.0,1,0.9743281530047435,1,1.0,1
373,CCCSc1c(cnn1[C@@H]2CC[C@H](CC2)C(=O)O)C(=O)NC3CCCCC3,1,1,18,0.9622549975782874,1,0.9432493790927858,1,0.96,1,1.0,1,0.9523335153076619,1,1.0,1
374,CCCSc1nc(Oc2ccc(CC(=O)O)cc2)ccc1C(=O)NC3CCCCC3,1,1,18,0.9881106046682395,1,0.9988583411590268,1,0.94,1,1.0,1,0.9470810436393943,1,1.0,1
375,CCCSc1c(cnn1c2ccc(cc2)C(=O)O)C(=O)NC3CCCCC3,1,1,18,0.9792594793264755,1,0.9874350838482582,1,0.97,1,1.0,1,0.9743281530047435,1,1.0,1
376,C[C@H](Nc1nc(Nc2cc(C)[nH]n2)c(C)nc1C#N)c3ccc(F)cn3,1,1,19,0.9999995979335288,1,0.999981757266607,1,0.97,1,1.0,1,0.8956200500228957,1,1.0,1
377,C[C@H](Nc1cnc(C)c(Nc2cc(C)[nH]n2)n1)c3ccc(F)cn3,1,1,19,0.9921174921963606,1,0.9990735581902692,1,0.97,1,1.0,1,0.8956200500228957,1,1.0,1
378,C[C@]1(CCCN1c2nc(Nc3cc([nH]n3)C4CC4)c5cccn5n2)C(=O)Nc6ccc(F)nc6,1,1,19,0.9970077608136687,1,0.9998142746007117,1,0.93,1,1.0,1,0.9365025054888817,1,1.0,1
379,CNC(=O)C[C@H](Nc1ncc(Cl)c(Nc2cc([nH]n2)C3CC3)n1)c4ccc(F)cc4,1,1,19,0.9965381948592263,1,0.9997523581771995,1,0.99,1,1.0,1,0.984761922921035,1,1.0,1
380,CC(C)Oc1cc(n[nH]1)n2cnc3ccc(N[C@@H](CO)c4ccc(F)cn4)nc23,1,1,19,0.9999899197790876,1,0.9995459307971716,1,0.99,1,0.8,1,0.9781135526526298,1,1.0,1
381,CC(C)Oc1cc(Nc2nc3c(cc2F)ncn3[C@@H](CO)c4ccc(F)cn4)n[nH]1,1,1,19,0.9894748974346498,1,0.9994553956131433,1,0.91,1,1.0,1,0.9781135526526298,1,1.0,1
382,OC[C@H](Nc1ncc(Cl)c(Nc2cc([nH]n2)C3CC3)n1)c4ccc(F)cc4,1,1,19,0.9999984954715128,1,0.9999470041587125,1,0.99,1,1.0,1,0.986490475463309,1,1.0,1
383,CC(C)Oc1cc(Nc2nc(N[C@@H](C)c3ccc(F)cn3)nc(OC(CO)CO)c2Cl)n[nH]1,1,1,19,0.9801419516856739,1,0.9985139709700468,1,0.95,1,1.0,1,0.9583580780576696,1,1.0,1
384,C[C@H](Nc1nc(Nc2cc(C)[nH]n2)cnc1C#N)c3ccc(F)cn3,1,1,19,0.9999953982105592,1,0.9998815048893948,1,0.97,1,1.0,1,0.8956200500228957,1,1.0,1
385,C[C@@H](Oc1nc(Nc2cc(C)[nH]n2)c(C)nc1C#N)c3ccc(F)cn3,1,1,19,0.9999988962579389,1,0.999960858930859,1,0.98,1,1.0,1,0.9546973133714841,1,1.0,1
386,C[C@H](Nc1nc(Nc2cc(C)[nH]n2)c(F)cc1C#N)c3ccc(F)cn3,1,1,19,0.99574253709266,1,0.9998557310951652,1,0.97,1,1.0,1,0.8956200500228957,1,1.0,1
387,CCOc1cc(Nc2nc3c(cc2F)ncn3[C@@H](CO)c4ccc(F)cn4)n[nH]1,1,1,19,0.9792908006261754,1,0.9985738977857803,1,0.9,1,1.0,1,0.968115385033465,1,1.0,1
388,C[C@H](Nc1ncc(F)c(Nc2cc([nH]n2)C3CC3)n1)c4ccc(F)cn4,1,1,19,0.991918887091882,1,0.9995727479534096,1,0.95,1,1.0,1,0.9591955616660421,1,1.0,1
389,C[C@H](Nc1nc(Nc2cc([nH]n2)C3CC3)cnc1C#N)c4ccc(F)cn4,1,1,19,0.9999998022989709,1,0.9999900819364546,1,0.97,1,1.0,1,0.9591955616660421,1,1.0,1
390,C[C@H](Oc1nc(Nc2cc(C)[nH]n2)c(C)nc1C#N)c3ccc(F)cn3,1,1,19,0.9999988962579389,1,0.999960858930859,1,0.98,1,1.0,1,0.9546973133714841,1,1.0,1
391,COc1cc(Nc2nc3c(cc2F)ncn3[C@@H](CO)c4ccc(F)cn4)n[nH]1,1,1,19,0.9803629592122741,1,0.9972394829842732,1,0.92,1,1.0,1,0.9781135526526298,1,1.0,1
392,COc1cc2ncnc(Nc3ccc(F)c(Cl)c3)c2cc1OCCCN4CCCC4,1,1,20,0.995696156009389,1,0.9997138043990961,1,0.98,1,1.0,1,0.967460169874733,1,1.0,1
393,CCN1CCN(CC1)c2ccc(Nc3cc(ncn3)N(C)C(=O)Nc4c(Cl)c(OC)cc(OC)c4Cl)cc2,1,1,20,0.9999921400159635,1,0.9994698000455763,1,0.99,1,1.0,1,0.9405806539914555,1,1.0,1
394,COc1cccc(NC(=O)Cn2cc(Oc3ncnc4cc(OC)c(OC)cc34)cn2)c1,1,1,20,0.9930521489098171,1,0.9995718821103414,1,0.97,1,1.0,1,0.9804382545163627,1,1.0,1
395,C[C@@H](Oc1cccc2ncnc(Nc3ccc4c(cnn4Cc5ccccn5)c3)c12)C(=O)N6CCOCC6,1,1,20,0.9999846919160919,1,0.9999257414393075,1,0.98,1,1.0,1,0.9847906552523022,1,1.0,1
396,COc1cc2c(Nc3ccc(Cl)cc3F)ncnc2cc1OCCn4cncn4,1,1,20,0.9853925049426787,1,0.9989775916882625,1,0.99,1,1.0,1,0.9826159190993468,1,1.0,1
397,COc1ccc(Cl)c(Nc2ncnc3cc(OCC4CCN(C)CC4)c(OC)cc23)c1,1,1,20,0.9999987421169694,1,0.9999750305289451,1,0.96,1,1.0,1,0.986490475463309,1,1.0,1
398,CCOc1cc2nccc(Oc3cnc(CC(=O)Nc4n[nH]c(CC)c4C)c(OC)c3)c2cc1OC,1,1,20,0.987654971715617,1,0.9988496583220385,1,0.97,1,1.0,1,0.9701267718618711,1,1.0,1
399,COc1cc2ncnc(Nc3cc(NC(=O)c4ccnc(c4)N5CCOCC5)ccc3C)c2cc1OCCN6CCCC6,1,1,20,0.9999909241420595,1,0.9999047051525156,1,0.98,1,1.0,1,0.982974207085461,1,1.0,1
400,C[C@@H](Oc1cccc2ncnc(Nc3ccc(OCc4ccccn4)c(Cl)c3)c12)C(=O)N(C)C,1,1,20,0.9999919682510576,1,0.9998078798398199,1,0.97,1,1.0,1,0.9844699883852526,1,1.0,1
401,C[C@H](CN(C)C(=O)CO)Oc1cccc2ncnc(Nc3ccc(OCc4ccccn4)c(Cl)c3)c12,1,1,20,0.9999905587226283,1,0.9999284576669764,1,0.96,1,1.0,1,0.9844699883852526,1,1.0,1
402,CCc1[nH]nc(NC(=O)Cc2ncc(Oc3ccnc4cc(OC)c(OC)cc34)cc2OC)c1C,1,1,20,0.9790362548582473,1,0.996966925551324,1,0.97,1,1.0,1,0.9701267718618711,1,1.0,1
403,CNC(=O)[C@H]1CCCN1Cc2cc3c(Nc4cccc(Cl)c4F)ncnc3cc2OC,1,1,20,0.9893862657789703,1,0.9981242299216837,1,0.98,1,1.0,1,0.9708827514719527,1,1.0,1
404,COc1cc2ncnc(Nc3ccc(F)c(Cl)c3)c2cc1NC(=O)\C=C\CN4CCCCC4,1,1,20,0.9970849330732193,1,0.999183104159758,1,0.97,1,1.0,1,0.9767899522698584,1,1.0,1
405,Clc1cccc(Nc2ncnc3ccccc23)c1,1,1,20,0.9999980056894429,1,0.999958687764723,1,1.0,1,1.0,1,0.9844699883852526,1,1.0,1
406,COc1cc2c(Nc3ncc(CC(=O)Nc4cccc(F)c4)s3)ncnc2cc1OCCCN5CCC(CO)CC5,1,1,20,0.9885246969446048,1,0.9997278663583016,1,0.94,1,1.0,1,0.9634545887095025,1,1.0,1
407,COc1cc2ncnc(Nc3ccc(OCc4ccccn4)c(C)c3)c2cc1OC,1,1,20,0.9965334446341323,1,0.9994358839058836,1,0.98,1,1.0,1,0.9804382545163627,1,1.0,1
408,COc1cc2c(Nc3cc(CC(=O)Nc4cccc(F)c4)[nH]n3)ncnc2cc1OCCCN5CCC(CO)CC5,1,1,20,0.9999963495233382,1,0.9999389309943489,1,0.93,1,1.0,1,0.9634545887095025,1,1.0,1
409,COc1cc(Nc2ncnc3cccc(O[C@H](C)C(=O)N4CCOCC4)c23)ccc1Oc5ccc(C)nc5,1,1,20,0.9999974326634355,1,0.9999836101018278,1,0.98,1,1.0,1,0.9847906552523022,1,1.0,1
410,COc1cc2ncnc(Nc3ccc(Cl)c(O)c3)c2cc1OC,1,1,20,0.9928271678304126,1,0.9989710172558253,1,0.99,1,1.0,1,0.9804014635946586,1,1.0,1
411,COc1cc2ncnc(N3CC[C@H](C3)Oc4cnc5ccccc5n4)c2cc1OC,1,1,20,0.9999862252837193,1,0.9998936060039672,1,0.98,1,1.0,1,0.9847906552523022,1,1.0,1
412,COc1cc2c(NC(=O)Nc3c(Cl)cccc3Cl)ncnc2cc1OCC4CCN(C)CC4,1,1,20,0.9999941990660418,1,0.9999247386022013,1,0.98,1,1.0,1,0.9879363838886894,1,1.0,1
413,COc1cc2ncnc(Nc3cc(NC(=O)c4ccnc(c4)N5CCOCC5)ccc3C)c2cc1OCCN6CCOCC6,1,1,20,0.9973192626621816,1,0.9998708415790081,1,0.99,1,1.0,1,0.982974207085461,1,1.0,1
414,COc1cc2ncnc(Nc3cc4ccccc4cn3)c2cc1OC,1,1,20,0.9999979845292155,1,0.9999512519998012,1,0.99,1,1.0,1,0.9804382545163627,1,1.0,1
415,Clc1cc(Nc2ncnc3[nH]nc(OCCN4CCCC4)c23)ccc1OCc5ccccn5,1,1,20,0.9999987700712445,1,0.99992440433421,1,0.98,1,1.0,1,0.9823444846191954,1,1.0,1
416,OCC(=O)N1CCC[C@@H]1COc2cccc3ncnc(Nc4ccc(OCc5ccccn5)c(Cl)c4)c23,1,1,20,0.9740212997186718,1,0.9881459123814409,1,0.94,1,1.0,1,0.9879363838886894,1,1.0,1
417,COc1cc2ncnc(Nc3cc(NC(=O)c4cccc(c4)N(C)C)ccc3Cl)c2cc1OC,1,1,20,0.9956856760639624,1,0.9997621557011128,1,0.95,1,1.0,1,0.9844699883852526,1,1.0,1
418,COc1cc2ncc(C(=O)N)c(Nc3cccc(Cl)c3)c2cc1OC,1,1,20,0.9999996849516534,1,0.9999903260314372,1,1.0,1,1.0,1,0.977308202314758,1,1.0,1
419,COc1cc2ncnc(Nc3cccc(Cl)c3F)c2cc1OC4CCN(CC(=O)N)CC4,1,1,20,0.9958099861728537,1,0.9987929959755169,1,0.95,1,1.0,1,0.9577241781526706,1,1.0,1
420,COc1cc2ncnc(Nc3ccncc3)c2cc1OC,1,1,20,0.9834798695781519,1,0.9913075670991741,1,0.98,1,1.0,1,0.9781135526526298,1,1.0,1
421,COc1cc2ncnc(Nc3ccc(F)c(Cl)c3)c2cc1OCCN4CCN(C)CC4,1,1,20,0.9970651482680164,1,0.9998732966246486,1,0.98,1,1.0,1,0.986490475463309,1,1.0,1
422,COc1cc2ncnc(Nc3cccc(Cl)c3F)c2cc1CN(C)[C@@H](C)C(=O)N,1,1,20,0.994582937734576,1,0.9985273643722211,1,0.94,1,1.0,1,0.9394652374148189,1,1.0,1
423,CCn1cc(NC(=O)Cc2ccc(Oc3ccnc4cc(OC)c(OC)cc34)cc2OC)cn1,1,1,20,0.9999882249458195,1,0.9995263999468542,1,0.97,1,1.0,1,0.9626258605327351,1,1.0,1
424,COc1cc2ncc(C(=O)N)c(Nc3ccc(F)c(Cl)c3)c2cc1OC,1,1,20,0.9999945247445363,1,0.9999400039157613,1,0.99,1,1.0,1,0.9746211561955564,1,1.0,1
425,COc1cc(cc(OC)c1OC)C(=O)Nc2ccc(Cl)c(c2)c3nc4ccccc4[nH]3,1,1,20,0.9970200350893822,1,0.9996911183482003,1,0.99,1,1.0,1,0.9844699883852526,1,1.0,1
426,COCCOc1cc2ncnc(Nc3cccc(c3)C#C)c2cc1OCCOC,1,1,20,0.9833316847260045,1,0.9957878411367739,1,0.96,1,1.0,1,0.9804382545163627,1,1.0,1
427,CN(C)C\C=C\C(=O)Nc1cc2c(Nc3ccc(F)c(Cl)c3)ncnc2cc1O[C@H]4CCOC4,1,1,20,0.9999952416603602,1,0.9998662486522851,1,0.96,1,1.0,1,0.9767899522698584,1,1.0,1
428,COc1cc(Nc2c(cnc3cc(OCCCN4CCN(C)CC4)c(OC)cc23)C#N)c(Cl)cc1Cl,1,1,20,0.9944934960173516,1,0.9996671359808876,1,0.96,1,1.0,1,0.9399440056902284,1,1.0,1
429,CCn1cc(NC(=O)Cc2ccc(Oc3ccnc4cc(F)ccc34)cc2OC)cn1,1,1,20,0.9974610137168811,1,0.9994371689160233,1,1.0,1,1.0,1,0.9626258605327351,1,1.0,1
430,COc1cc2ncnc(Nc3cc(NC(=O)c4ccnc(c4)N5CCOCC5)ccc3C)c2cc1OCCN6CCCCC6,1,1,20,0.9999969293171393,1,0.9999523149158314,1,0.98,1,1.0,1,0.982974207085461,1,1.0,1
431,COc1cc2ncnc(Nc3cccc(O)c3)c2cc1OC,1,1,20,0.9999971281511524,1,0.9999351519916883,1,0.99,1,1.0,1,0.9804382545163627,1,1.0,1
432,C[C@@H](Oc1cccc2ncnc(Nc3ccc(OCc4ccccn4)c(Cl)c3)c12)C(=O)N(C)CCO,1,1,20,0.9999928359108406,1,0.9997526909719952,1,0.94,1,1.0,1,0.9844699883852526,1,1.0,1
433,COc1cc2ncnc(Nc3cccc(C)c3)c2cc1OC,1,1,20,0.9999935040859641,1,0.9998367276391952,1,0.96,1,1.0,1,0.9804382545163627,1,1.0,1
434,OC[C@H]1CCCN1CCCOc2ccc3c(Nc4cc(CC(=O)Nc5cccc(F)c5F)[nH]n4)ncnc3c2,1,1,20,0.9916151148717968,1,0.9982455101578401,1,0.92,1,1.0,1,0.9634545887095025,1,1.0,1
435,COc1cc2ncnc(Nc3ccccc3)c2cc1OC,1,1,20,0.9894629351369775,1,0.9980293617028598,1,0.98,1,1.0,1,0.9705429827270593,1,1.0,1
436,COc1cc2ncnc(Nc3cccc(Cl)c3F)c2cc1CN4CCC[C@@H]4C(=O)N,1,1,20,0.9774449351199709,1,0.9937825938676368,1,0.94,1,1.0,1,0.9427325580457776,1,1.0,1
437,COc1cc2c(Nc3ccc(Br)cc3F)ncnc2cc1OC[C@@H]4CCCN(C)C4,1,1,20,0.995959796136628,1,0.9995935178578235,1,0.95,1,1.0,1,0.982974207085461,1,1.0,1
438,COc1cc2ncnc(Nc3cccc(Cl)c3F)c2cc1OC4CCN(CC4)S(=O)(=O)C,1,1,20,0.9999978584770105,1,0.999939488809924,1,0.97,1,1.0,1,0.9708827514719527,1,1.0,1
439,C[C@@H](Oc1cccc2ncnc(Nc3ccc4c(cnn4Cc5cscn5)c3)c12)C(=O)N6CCOCC6,1,1,20,0.9940516415343869,1,0.9998652859691797,1,0.97,1,1.0,1,0.9847906552523022,1,1.0,1
440,COc1cc2c(Nc3ccc(Cl)cc3F)ncnc2cc1OC[C@@H]4CCCN(C)C4,1,1,20,0.9948023769698243,1,0.999675454051207,1,0.95,1,1.0,1,0.986490475463309,1,1.0,1
441,COc1cc2ncnc(Nc3cc(NC(=O)c4cccc(c4)N5CCOCC5)ccc3C)c2cc1OC,1,1,20,0.9999997645426203,1,0.9999857613916371,1,0.99,1,1.0,1,0.9847906552523022,1,1.0,1
442,COc1cc2ncnc(Nc3cccc(Cl)c3F)c2cc1CN4CCC[C@H]4C(=O)N,1,1,20,0.9774449351199709,1,0.9937825938676368,1,0.94,1,1.0,1,0.9427325580457776,1,1.0,1
443,Cc1cccc(Nc2ncnc3ccc(NC(=O)C=C)cc23)c1,1,1,20,0.9999912348676312,1,0.9997308833851706,1,0.98,1,1.0,1,0.9804382545163627,1,1.0,1
444,CCCN(CCO)CCCOc1ccc2c(Nc3cc(CC(=O)Nc4cccc(F)c4F)[nH]n3)ncnc2c1,1,1,20,0.9999993755524242,1,0.9999346190378988,1,0.97,1,1.0,1,0.9804382545163627,1,1.0,1
445,CCN(CCO)CCCOc1cc2ncnc(Nc3cc(CC(=O)Nc4cccc(F)c4)[nH]n3)c2cc1OC,1,1,20,0.9999989211310639,1,0.9999511082028738,1,0.97,1,1.0,1,0.9804382545163627,1,1.0,1
446,COc1cc2ncnc(Nc3cc(Cl)ccc3F)c2cc1OCCCN4CCOCC4,1,1,20,0.9881300117172741,1,0.9996964531635681,1,0.98,1,1.0,1,0.967460169874733,1,1.0,1
447,COc1cc2c(Nc3ccc(F)c(Cl)c3)c(cnc2cc1OCCN(C)CCO)C(=O)N,1,1,20,0.9999910892864508,1,0.9998406353746538,1,0.97,1,1.0,1,0.9746211561955564,1,1.0,1
448,COc1cc2ncnc(Nc3cccc(Cl)c3F)c2cc1OC4CCN(C)CC4,1,1,20,0.9999972746630555,1,0.9999316957438068,1,0.97,1,1.0,1,0.9708827514719527,1,1.0,1
449,COc1cc2ncnc(Nc3ccc(F)c(Cl)c3)c2cc1OC,1,1,20,0.997171346694995,1,0.9997509464217973,1,0.98,1,1.0,1,0.9826159190993468,1,1.0,1
450,COc1cc2ncnc(Nc3ccc(F)cc3)c2cc1OC,1,1,20,0.987816452985342,1,0.9979753910614861,1,0.99,1,1.0,1,0.9781135526526298,1,1.0,1
451,COc1cc2c(Nc3cc(CC(=O)Nc4cccc(F)c4F)[nH]n3)ncnc2cc1OCCCN5CCC[C@@H]5CO,1,1,20,0.988551257953874,1,0.9969338335893827,1,0.92,1,1.0,1,0.9634545887095025,1,1.0,1
452,COc1cc2ncnc(Nc3ccc(F)c(Cl)c3)c2cc1OCCCN4CCCCC4,1,1,20,0.9999809749813842,1,0.9998567754340035,1,0.98,1,1.0,1,0.967460169874733,1,1.0,1
453,Fc1cccc(COc2ccc(Nc3ncnc4ccc(cc34)c5cccc(c5)N6CCOCC6)cc2Cl)c1,1,1,20,0.999999997803913,1,0.9999997691900799,1,1.0,1,1.0,1,0.9904656977780959,1,1.0,1
454,COc1cc2c(Nc3cnc(NC(=O)c4ccccc4)nc3)ncnc2cc1OCCCN5CCOCC5,1,1,20,0.9410258848037643,1,0.9975985924207034,1,0.97,1,1.0,1,0.9454461931797243,1,1.0,1
455,C[C@@H](Oc1cccc2ncnc(Nc3ccc(Oc4ccc(C)nc4)c(C)c3)c12)C(=O)N5CCOCC5,1,1,20,0.9999945577493898,1,0.9999742962614934,1,0.98,1,1.0,1,0.9847906552523022,1,1.0,1
456,COc1cc2ncnc(Nc3cccc(Cl)c3F)c2cc1CN(C)[C@H](C)C(=O)N,1,1,20,0.994582937734576,1,0.9985273643722211,1,0.94,1,1.0,1,0.9394652374148189,1,1.0,1
457,COc1cc2ncnc(Nc3ccc(F)c(Cl)c3)c2cc1OCCN4CCCC4,1,1,20,0.9930209778265571,1,0.9995938559158652,1,0.98,1,1.0,1,0.986490475463309,1,1.0,1
458,COc1cc2c(Nc3ncc(NC(=O)c4ccccc4)cn3)ncnc2cc1OCCCN5CCOCC5,1,1,20,0.9831457816488969,1,0.9994702076252783,1,0.97,1,1.0,1,0.9454461931797243,1,1.0,1
459,COc1cc2ncnc(Nc3cc(NC(=O)c4ccnc(c4)N5CCOCC5)ccc3C)c2cc1OCCN(C(C)C)C(C)C,1,1,20,0.9999899807586651,1,0.9998412366447484,1,0.93,1,1.0,1,0.9164029622406962,1,1.0,1
460,C[C@@H](Oc1cccc2ncnc(Nc3ccc4c(cnn4Cc5ccccn5)c3)c12)C(=O)N(C)C,1,1,20,0.999985091226271,1,0.9994277727505956,1,0.96,1,1.0,1,0.9804382545163627,1,1.0,1
461,COc1cc2c(Nc3ccc(Cl)cc3F)ncnc2cc1OCCCN4CCOCC4,1,1,20,0.9919000783186696,1,0.9997285818722532,1,0.99,1,1.0,1,0.967460169874733,1,1.0,1
462,C[C@@H](Oc1cccc2ncnc(Nc3ccc(Oc4ccc(C)nc4)c(C)c3)c12)C(=O)N(C)CCO,1,1,20,0.9999916026912918,1,0.9996222339394586,1,0.92,1,1.0,1,0.9804382545163627,1,1.0,1
463,CCCN(CCO)CCCOc1cc2ncnc(Nc3cc(CC(=O)Nc4cccc(F)c4F)[nH]n3)c2cc1OC,1,1,20,0.9999993168251388,1,0.9999067317560618,1,0.97,1,1.0,1,0.9804382545163627,1,1.0,1
464,COc1cc2ncnc(Nc3ccc(F)c(Cl)c3)c2cc1OCCCN(C)C,1,1,20,0.9958094236947507,1,0.999523753156228,1,0.98,1,1.0,1,0.9826159190993468,1,1.0,1
465,OCC(=O)N1CCC[C@H]1COc2cccc3ncnc(Nc4ccc(OCc5ccccn5)c(Cl)c4)c23,1,1,20,0.9740212997186718,1,0.9881459123814409,1,0.94,1,1.0,1,0.9879363838886894,1,1.0,1
466,COc1cc2ncnc(NCc3ccccc3)c2cc1OC,1,1,20,0.9919234059068311,1,0.9984497241834163,1,0.98,1,1.0,1,0.9705429827270593,1,1.0,1
467,COc1cc2c(ncnc2cc1OCCCN3CCCCC3)N4CCN(CC4)C(=O)Nc5ccc(OC(C)C)cc5,1,1,20,0.9947253100202125,1,0.9998600956073155,1,0.96,1,1.0,1,0.9591955616660421,1,1.0,1
468,COc1cc2ncnc(Nc3ccc(F)c(Cl)c3)c2cc1OCCN(C)C,1,1,20,0.9940684680730311,1,0.9990174293330295,1,0.98,1,1.0,1,0.9826159190993468,1,1.0,1
469,CCN(CCO)CCCOc1cc2ncnc(Nc3cc(CC(=O)Nc4cccc(F)c4F)[nH]n3)c2cc1OC,1,1,20,0.9999992541301125,1,0.9999004284297695,1,0.97,1,1.0,1,0.9804382545163627,1,1.0,1
470,COc1cc2c(Nc3ccc(Cl)cc3F)ncnc2cc1OCC4CCNCC4,1,1,20,0.9999874908764317,1,0.9998403616684455,1,0.95,1,1.0,1,0.986490475463309,1,1.0,1
471,COc1cc(Nc2c(cnc3cc(OC)c(OC)cc23)C#N)cc(OC)c1,1,1,20,0.9944924598641329,1,0.999599625050637,1,0.97,1,1.0,1,0.959226377291413,1,1.0,1
472,COc1cc2ncnc(Nc3cccc(Cl)c3F)c2cc1CN4CCC[C@H]4CC(=O)N,1,1,20,0.9812428045726092,1,0.9966936616413108,1,0.95,1,1.0,1,0.9577241781526706,1,1.0,1
473,COc1cc2ncnc(NCc3cccc(C)c3)c2cc1OC,1,1,20,0.9965094531258967,1,0.9996700885929704,1,0.96,1,1.0,1,0.9804382545163627,1,1.0,1
474,Nc1ccc2ncnc(Nc3ccc(F)c(Cl)c3)c2c1,1,1,20,0.9960028712823564,1,0.9993333205021646,1,0.96,1,1.0,1,0.9628791107253998,1,1.0,1
475,COc1cc2ncnc(Nc3cccc(Cl)c3F)c2cc1CN(C)C4(CCN(C)CC4)C(=O)N,1,1,20,0.9999995081208783,1,0.9999682654093716,1,0.97,1,1.0,1,0.9577241781526706,1,1.0,1
476,COc1cc2c(Nc3ccc(NC(=O)c4ccccc4)cc3)ncnc2cc1OCCCN5CCOCC5,1,1,20,0.9680345255498862,1,0.9981896613010643,1,0.99,1,1.0,1,0.9454461931797243,1,1.0,1
477,CO[C@@H]1C[C@@H](N(Cc2cc3c(Nc4cccc(Cl)c4F)ncnc3cc2OC)C1)C(=O)N,1,1,20,0.9950514539929968,1,0.9996523998726903,1,0.95,1,1.0,1,0.9577241781526706,1,1.0,1
478,COc1cccc(Nc2ncnc3cc(OC)c(OC)cc23)c1,1,1,20,0.9963961770735166,1,0.9998347658156361,1,0.98,1,1.0,1,0.9804382545163627,1,1.0,1
479,CN1CCN(CCOc2n[nH]c3ncnc(Nc4ccc(OCc5ccccn5)c(Cl)c4)c23)CC1,1,1,20,0.999998952427316,1,0.9999362880817517,1,0.98,1,1.0,1,0.9823444846191954,1,1.0,1
480,CN1CCC(CC1)Oc2cccc3ncnc(Nc4ccc(OCc5cnccn5)c(Cl)c4)c23,1,1,20,0.9999966558050684,1,0.9999701926322645,1,0.95,1,1.0,1,0.9879363838886894,1,1.0,1
481,Cc1cccc(Nc2ncnc3ccccc23)c1,1,1,20,0.9999840228649122,1,0.9997940076136512,1,0.99,1,1.0,1,0.9804382545163627,1,1.0,1
482,Cc1ccc(Oc2ccc(Nc3ncnc4[nH]nc(OCCN5CCC(O)CC5)c34)cc2Cl)cn1,1,1,20,0.9999939341722751,1,0.999598071267048,1,0.97,1,0.8,1,0.9802417523494747,1,1.0,1
483,COc1cc2c(Nc3cc(CC(=O)Nc4cccc(F)c4F)[nH]n3)ncnc2cc1OCCCN(CCO)CC(C)C,1,1,20,0.999993697955041,1,0.9996641035599944,1,0.97,1,1.0,1,0.9804382545163627,1,1.0,1
484,COc1cc2ncnc(Oc3cnn(CC(=O)Nc4ccc(cn4)N(C)C)c3)c2cc1OC,1,1,20,0.9849031639097401,1,0.986164895042804,1,0.92,1,1.0,1,0.9781135526526298,1,1.0,1
485,CCS(=O)(=O)c1ccc(c(C)c1)c2cc(ccc2O[C@H](C)C(=O)O)C(F)(F)F,1,1,21,0.9917926145386667,1,0.9975294475287492,1,1.0,1,1.0,1,0.9551608040565682,1,1.0,1
486,OC(=O)COc1ccc(cc1c2cc(ccc2F)C#N)C(F)(F)F,1,1,21,0.9909280250344792,1,0.9982212446826383,1,0.95,1,1.0,1,0.9326751632231238,1,1.0,1
487,CS(=O)(=O)c1ccc(c(Cl)c1)c2cc(Cl)ccc2OCC(=O)O,0,0,21,0.4288353317452269,0,0.5278342200291712,1,0.93,1,1.0,1,0.9460089132593106,1,1.0,1
488,Nc1n[nH]cc1c2cc(ccc2Oc3cc(F)c(cc3Cl)S(=O)(=O)Nc4cscn4)C(F)(F)F,1,1,21,0.996728778335162,1,0.9999756508723018,1,0.98,1,1.0,1,0.977308202314758,1,1.0,1
489,CCS(=O)(=O)c1ccc(c(C)c1)c2cc(ccc2OCC(=O)N)C(F)(F)F,1,1,21,0.996515725935959,1,0.9983551254580172,1,0.97,1,1.0,1,0.9251644411107391,1,1.0,1
490,CN(c1ccc(c(C)c1)c2cc(ccc2OCC(=O)O)C(F)(F)F)S(=O)(=O)C,0,0,21,0.9768643801016784,1,0.957176841488424,1,0.92,1,0.8,1,0.8982260862653639,1,1.0,1
491,CN(c1ccc(cc1)c2cc(ccc2OCC(=O)O)C(F)(F)F)S(=O)(=O)C,0,0,21,0.9870112690434476,1,0.9897819942897825,1,0.91,1,0.8,1,0.946159369399248,1,1.0,1
492,CCN(CC)S(=O)(=O)c1ccc(cc1)c2cc(ccc2OCC(=O)O)C(F)(F)F,1,1,21,0.9904035072900342,1,0.9939778972660417,1,0.96,1,1.0,1,0.946159369399248,1,1.0,1
493,CCS(=O)(=O)c1ccc(c2cc(Cl)ccc2OCC(=O)O)c(c1)C(F)(F)F,1,1,21,0.9688989093297004,1,0.982778669962191,1,0.96,1,1.0,1,0.9460089132593106,1,1.0,1
494,Fc1cc(Oc2ccc(cc2c3ccnnc3)C(F)(F)F)c(Cl)cc1S(=O)(=O)Nc4nncs4,1,1,21,0.9999969144274229,1,0.9999951910305339,1,1.0,1,1.0,1,0.9893196678992453,1,1.0,1
495,CCS(=O)(=O)c1cccc(c1)c2cc(ccc2OCC(=O)O)C(F)(F)F,0,0,21,0.9920398165084414,1,0.9987923218880678,1,0.94,1,1.0,1,0.9517105681110132,1,1.0,1
496,OC(=O)COc1ccc(cc1c2ccc(Cl)cc2)C(F)(F)F,1,1,21,0.9920197327366448,1,0.9990694747041542,1,0.99,1,1.0,1,0.956945837597231,1,1.0,1
497,CCS(=O)(=O)c1ccc(c(C)c1)c2cc(Cl)ccc2OCC(=O)O,0,0,21,0.9630345788570946,1,0.9821810262875112,1,0.97,1,1.0,1,0.9460089132593106,1,1.0,1
498,OC(=O)COc1ccc(cc1c2cccc(c2)C#N)C(F)(F)F,1,1,21,0.9906769895408092,1,0.9991779715005734,1,0.94,1,1.0,1,0.9517105681110132,1,1.0,1
499,CCS(=O)(=O)c1ccc(c(F)c1)c2cc(Cl)ccc2OCC(=O)O,0,0,21,0.9413390042193249,1,0.968071766198022,1,0.96,1,1.0,1,0.9460089132593106,1,1.0,1
500,CCS(=O)(=O)c1ccc(c(C)c1)c2cc(ccc2OCC(=O)O)C(F)(F)F,0,0,21,0.9882570489074674,1,0.9930089901164311,1,0.95,1,0.8,1,0.9326751632231238,1,1.0,1
501,Cc1ccc(cc1c2cc(ccc2OCC(=O)O)C(F)(F)F)C#N,1,1,21,0.986479256488946,1,0.995877991650559,1,0.94,1,0.8,1,0.9326751632231238,1,1.0,1
502,CCC(Oc1ccc(cc1c2ccc(cc2C)S(=O)(=O)CC)C(F)(F)F)C(=O)O,1,1,21,0.9843336372149953,1,0.9903733123743664,1,0.99,1,1.0,1,0.9551608040565682,1,1.0,1
503,CCSc1ccc(cc1)c2cc(ccc2OCC(=O)O)C(F)(F)F,1,1,21,0.9958412970825951,1,0.9996526903535475,1,0.97,1,0.8,1,0.946159369399248,1,1.0,1
504,OC(=O)COc1ccc(cc1c2ccccc2)[N+](=O)[O-],0,0,21,0.8936584792689254,1,0.9506200349108068,1,0.97,1,1.0,1,0.9517105681110132,1,1.0,1
505,COc1ccc(cc1)c2cc(ccc2OCC(=O)O)C(F)(F)F,1,1,21,0.9783938615226712,1,0.9958835045280053,1,0.97,1,1.0,1,0.946159369399248,1,1.0,1
506,OC(=O)COc1ccc(Cl)cc1c2cccc(c2)C#N,1,1,21,0.9704915457578032,1,0.9978844237701653,1,0.96,1,0.8,1,0.9614302409332106,1,1.0,1
507,CCS(=O)(=O)c1ccc(c(Cl)c1)c2cc(Cl)ccc2OCC(=O)O,0,0,21,0.8757238482881927,1,0.9318297288022873,1,0.94,1,1.0,1,0.9460089132593106,1,1.0,1
508,OC(=O)COc1ccc(cc1c2ccccc2)c3nccs3,1,1,21,0.96784763196234,1,0.9750211540290538,1,0.87,1,0.6,1,0.9289236768162543,1,1.0,1
509,CS(=O)(=O)c1ccc(c(Cl)c1)c2cc(ccc2OCC(=O)O)C(F)(F)F,0,0,21,0.8296417689812315,1,0.915050442593572,1,0.93,1,1.0,1,0.9460089132593106,1,1.0,1
510,CCC(=C)C(=O)c1ccc(OCC(=O)O)c(Cl)c1Cl,1,1,21,0.47998389349604664,0,0.14315590241166898,0,0.84,1,0.6,1,0.9205892238736365,1,1.0,1
511,CS(=O)(=O)c1ccc(cc1)c2cc(ccc2OCC(=O)O)C(F)(F)F,0,0,21,0.8750461326126303,1,0.9261676788927119,1,0.92,1,0.8,1,0.946159369399248,1,1.0,1
512,OC(=O)COc1ccc(cc1c2ccccc2)C#N,0,0,21,0.9781707232118962,1,0.9912721580377026,1,0.95,1,0.8,1,0.9517105681110132,1,1.0,1
513,CN(c1ccc(c(Cl)c1)c2cc(F)ccc2OCC(=O)O)S(=O)(=O)C,0,0,21,0.8828194626424503,1,0.823286285285441,1,0.92,1,0.6,1,0.9460089132593106,1,1.0,1
514,OC(=O)COc1ccc(Br)cc1c2ccccc2,1,1,21,0.9612747988567152,1,0.9800676305134408,1,0.97,1,0.8,1,0.9517105681110132,1,1.0,1
515,CCS(=O)(=O)c1ccc(c(C)c1)c2cc(ccc2CCC(=O)O)C(F)(F)F,1,1,21,0.9886567696854779,1,0.9938676556239193,1,0.97,1,1.0,1,0.9326751632231238,1,1.0,1
516,CCS(=O)(=O)c1ccc(cc1)c2cc(Cl)ccc2OCC(=O)O,0,0,21,0.948827183890336,1,0.9832821205078969,1,0.97,1,1.0,1,0.956945837597231,1,1.0,1
517,OC(=O)COc1ccc(cc1c2ccccc2c3ccccc3)C(F)(F)F,1,1,21,0.9844358447671612,1,0.9978604644271878,1,0.98,1,1.0,1,0.9517105681110132,1,1.0,1
518,CC(C)(CCCCCOCCc1ccccc1)NCCc2ccc(O)c3nc(O)sc23,1,1,22,0.9965185636588404,1,0.9994861795429333,1,0.97,1,1.0,1,0.9668425221221892,1,1.0,1
519,Oc1ccc(CCNCCCS(=O)(=O)NCCOCCc2cccc(Cl)c2)c3sc(O)nc13,1,1,22,0.9999990945491778,1,0.9999805258334663,1,0.96,1,1.0,1,0.9824875025711165,1,1.0,1
520,CS(=O)(=O)Nc1ccc(CCOCCCS(=O)(=O)CCNCCc2ccc(O)c3nc(O)sc23)cc1,1,1,22,0.992954390381977,1,0.9988394679676628,1,0.97,1,1.0,1,0.9753399607363806,1,1.0,1
521,Oc1ccc(CCNCCS(=O)(=O)CCCOCCSc2ccccc2)c3sc(O)nc13,1,1,22,0.9874831221334215,1,0.9985980738936789,1,0.95,1,0.8,1,0.9668425221221892,1,1.0,1
522,Oc1ccc(CCNCCS(=O)(=O)CCCOCCc2oc3ccccc3c2)c4sc(O)nc14,1,1,22,0.9999889914407707,1,0.9998881119688056,1,0.93,1,1.0,1,0.9779526233078601,1,1.0,1
523,Oc1ccc(CCNCCCCCCNC(=O)Nc2ccccc2)c3sc(O)nc13,1,1,22,0.99999732101602,1,0.9997588584603114,1,0.99,1,1.0,1,0.9668425221221892,1,1.0,1
524,NCCc1ccc(O)c2nc(O)sc12,1,1,22,0.9138355133409646,1,0.9019609292656608,1,0.95,1,1.0,1,0.7741529772323771,1,1.0,1
525,C[C@@H](COCCCS(=O)(=O)CCNCCc1ccc(O)c2nc(O)sc12)c3ccccc3,1,1,22,0.9940689994310346,1,0.9983752568917759,1,0.97,1,0.8,1,0.9668425221221892,1,1.0,1
526,Oc1ccc(CCNCCCCCCOCCc2ccccc2)c3sc(O)nc13,1,1,22,0.9999973171937657,1,0.9997811356747687,1,0.98,1,1.0,1,0.9668425221221892,1,1.0,1
527,Oc1ccc(CCNCCCS(=O)(=O)NCCOCCc2ccc(F)cc2)c3sc(O)nc13,1,1,22,0.9962991832877394,1,0.9994740494812373,1,0.97,1,1.0,1,0.9753399607363806,1,1.0,1
528,Oc1ccc(CCNCCCS(=O)(=O)NCCOCCc2cccc(c2)C(F)(F)F)c3sc(O)nc13,1,1,22,0.9999999728223175,1,0.999997269734172,1,0.97,1,1.0,1,0.9779526233078601,1,1.0,1
529,Oc1ccc(CCNCCS(=O)(=O)CCCOCCc2ccccc2)c3sc(O)nc13,1,1,22,0.9972644824122988,1,0.999629045815888,1,0.97,1,1.0,1,0.9668425221221892,1,1.0,1
530,Cc1ccccc1CCOCCCS(=O)(=O)CCNCCc2ccc(O)c3nc(O)sc23,1,1,22,0.9956227166808777,1,0.9997206723853044,1,0.97,1,1.0,1,0.9779526233078601,1,1.0,1
531,CN(CCCOCCOCCc1ccccc1)CCc2ccc(O)c3nc(O)sc23,1,1,22,0.9999923871620814,1,0.9997090705018737,1,0.97,1,1.0,1,0.9668425221221892,1,1.0,1
532,Oc1ccc(CCNCCCS(=O)(=O)NCCSCCc2ccccc2)c3sc(O)nc13,1,1,22,0.9964438323768652,1,0.9988674605778561,1,0.97,1,1.0,1,0.9668425221221892,1,1.0,1
533,CN(CCN(C)C(=O)CCOCCc1ccccc1)CCc2ccc(O)c3nc(O)sc23,1,1,22,0.9999974241269095,1,0.9998954701729645,1,0.96,1,1.0,1,0.9668425221221892,1,1.0,1
534,Oc1ccc(CCNCCCS(=O)(=O)NCCOCCSc2ccccc2)c3sc(O)nc13,1,1,22,0.9871987352176981,1,0.9982912271150696,1,0.95,1,1.0,1,0.9668425221221892,1,1.0,1
535,Oc1ccc(CCNCCS(=O)(=O)CCCOCCNc2ccccc2)c3sc(O)nc13,1,1,22,0.9888001288093817,1,0.9993350526025697,1,0.96,1,1.0,1,0.9668425221221892,1,1.0,1
536,Cc1cc(C)cc(CCOCCS(=O)(=O)NCCNCCc2ccc(O)c3nc(O)sc23)c1,1,1,22,0.971725731788909,1,0.9874003685900161,1,0.96,1,1.0,1,0.9753399607363806,1,1.0,1
537,Cc1ccc(CCCOCCS(=O)(=O)CCCNCCc2ccc(O)c3nc(O)sc23)s1,1,1,22,0.9766141374967148,1,0.9963892459739414,1,0.97,1,1.0,1,0.9753399607363806,1,1.0,1
538,Cc1ccc(CCOCCNS(=O)(=O)CCCNCCc2ccc(O)c3nc(O)sc23)cc1,1,1,22,0.9972750244115636,1,0.9993872537685827,1,0.97,1,1.0,1,0.9753399607363806,1,1.0,1
539,Oc1ccc(CCNCCNS(=O)(=O)CCOCCCc2ccccc2)c3sc(O)nc13,1,1,22,0.9856523155728925,1,0.9963082364776101,1,0.99,1,1.0,1,0.9668425221221892,1,1.0,1
540,Oc1ccc(CCNCCS(=O)(=O)CCCOCCc2nccc3ccccc23)c4sc(O)nc14,1,1,22,0.9999970270659584,1,0.9999274861809799,1,0.98,1,1.0,1,0.9779526233078601,1,1.0,1
541,Cc1ncsc1CCOCCCS(=O)(=O)CCNCCc2ccc(O)c3nc(O)sc23,1,1,22,0.9881852544666292,1,0.9978247569667542,1,0.94,1,0.8,1,0.9753399607363806,1,1.0,1
542,CCN(CCCOCCOCCc1ccccc1)CCc2ccc(O)c3nc(O)sc23,1,1,22,0.9999862797624922,1,0.999726405738585,1,0.99,1,1.0,1,0.9668425221221892,1,1.0,1
543,CCCN(CCCOCCOCCc1ccccc1)CCc2ccc(O)c3nc(O)sc23,1,1,22,0.9999886225361926,1,0.9997604382668464,1,0.99,1,1.0,1,0.9668425221221892,1,1.0,1
544,Oc1ccc(CCNCCCNS(=O)(=O)CCOCc2cccc3ccccc23)c4sc(O)nc14,1,1,22,0.9954160991774036,1,0.9998306397983838,1,0.94,1,1.0,1,0.9779526233078601,1,1.0,1
545,COc1ccc(c(OC)n1)c2c(F)ccc3c(N)c(nnc23)C(=O)NC4CC4,1,1,23,0.6344224575751931,0,0.8854532375478315,1,0.94,1,1.0,1,0.9751400484824985,1,1.0,1
546,COc1ccc(OC)c(c1)c2cccc3c(N)c(nnc23)C(=O)NC(C)C,1,1,23,0.9596828143028691,1,0.9907956083600908,1,0.98,1,1.0,1,0.9714710824877123,1,1.0,1
547,Nc1c(nnc2c(c(F)ccc12)c3ncccn3)C(=O)NC4CC4,1,1,23,0.8775474255380221,1,0.9328404637873363,1,0.96,1,0.8,1,0.9777734085362294,1,1.0,1
548,COc1cc(c(OC)nn1)c2c(F)ccc3c(N)c(nnc23)C(=O)NC4CC4,1,1,23,0.6029827579059213,0,0.8152890855295412,1,0.93,1,1.0,1,0.9517957433181373,1,1.0,1
549,CC1CN(C1)C(=O)c2nnc3c(cccc3c2N)c4ncccn4,1,1,23,0.9519257814080655,1,0.9839561526131722,1,0.98,1,1.0,1,0.9777734085362294,1,1.0,1
550,COc1ccc(OC)c(c1)c2cccc3c(N)c(nnc23)C(=O)NC4(C)CCC4,1,1,23,0.9704678830647501,1,0.9982209742010978,1,0.98,1,1.0,1,0.9777734085362294,1,1.0,1
551,Nc1c(nnc2c(cccc12)c3ncccn3)C(=O)NC4CC4,1,1,23,0.9262452453820132,1,0.9706054730667373,1,0.99,1,0.8,1,0.9777734085362294,1,1.0,1
552,CCCNC(=O)c1nnc2c(cccc2c1N)c3cncc(c3)C(=O)N4CCC4,1,1,23,0.9723132848620513,1,0.9975941652438439,1,0.97,1,0.4,0,0.9633135083515412,1,1.0,1
553,CCCNC(=O)c1nnc2c(cccc2c1N)c3cc(C)ccc3OC,1,1,23,0.9816951689311667,1,0.985710718136729,1,0.98,1,1.0,1,0.9714710824877123,1,1.0,1
554,CCCNC(=O)c1nnc2c(cccc2c1N)c3ncccn3,1,1,23,0.9514203145116082,1,0.9605929213321953,1,0.99,1,0.6,1,0.9714710824877123,1,1.0,1
555,COc1ncc(C)cc1c2cccc3c(N)c(nnc23)C(=O)NC4CC4,1,1,23,0.9401920043957159,1,0.9890902189834461,1,0.98,1,1.0,1,0.9777734085362294,1,1.0,1
556,CCCNC(=O)c1nnc2c(cccc2c1N)c3cnc(OC)nc3OC,1,1,23,0.9937761296808717,1,0.9959348796506317,1,0.96,1,1.0,1,0.9714710824877123,1,1.0,1
557,CCCNC(=O)c1nnc2c(cccc2c1N)c3cnccc3OC,1,1,23,0.9781393702321585,1,0.9903370187751797,1,0.97,1,0.8,1,0.9714710824877123,1,1.0,1
558,COc1ccc(OC)c(c1)c2c(F)ccc3c(N)c(nnc23)C(=O)NC(C)C,1,1,23,0.8964504057122873,1,0.9722594541602573,1,0.96,1,0.8,1,0.968115385033465,1,1.0,1
559,CCCNC(=O)c1nnc2c(cccc2c1N)c3ccccc3,1,1,23,0.9611171420249964,1,0.9716799764759372,1,1.0,1,1.0,1,0.9659817534419551,1,1.0,1
560,COc1ccc(OC)c(c1)c2c(F)ccc3c(N)c(nnc23)C(=O)NC4CC4,1,1,23,0.8181265519042015,0,0.9604391613779714,1,0.96,1,0.8,1,0.9751400484824985,1,1.0,1
561,CCCNC(=O)c1nnc2c(c(F)ccc2c1N)c3ccc(OC)cc3OC,1,1,23,0.9392405343606571,1,0.9862150079160654,1,0.96,1,0.6,1,0.968115385033465,1,1.0,1
562,CCCNC(=O)c1nnc2c(c(F)ccc2c1N)c3ncccn3,1,1,23,0.9179348922841291,1,0.9111418202694327,1,0.97,1,0.6,1,0.9714710824877123,1,1.0,1
563,NC1(CCC1)c2ccc(cc2)c3nc4C=CN5C(=O)NN=C5c4cc3c6ccccc6,1,1,24,0.9999858347456613,1,0.9998227850026354,1,0.96,1,1.0,1,0.9372501396372851,1,1.0,1
564,NC1(CCC1)c2ccc(cc2)c3ncc4ccncc4c3c5ccccc5,1,1,24,0.9999861050673594,1,0.999813399552017,1,0.97,1,1.0,1,0.9372501396372851,1,1.0,1
565,NC1(CCC1)c2ccc(cc2)c3nn4cccc4cc3c5ccccc5,1,1,24,0.933615778865273,1,0.9778824950900539,1,0.97,1,1.0,1,0.7728415999107386,1,1.0,1
566,NC1(CCC1)c2ccc(cc2)c3ncc4ncccc4c3c5ccccc5,1,1,24,0.9936078153149238,1,0.9989639588273607,1,0.99,1,1.0,1,0.9372501396372851,1,1.0,1
567,NC1(CCC1)c2ccc(cc2)c3c(ccn4ncnc34)c5ccccc5,1,1,24,0.9911721872941704,1,0.9986613396796593,1,0.96,1,1.0,1,0.9372501396372851,1,1.0,1
568,NC1(CCC1)c2ccc(cc2)c3c(ncc4nccn34)c5ccccc5,1,1,24,0.9955680546819095,1,0.9989854880357373,1,0.97,1,1.0,1,0.9372501396372851,1,1.0,1
569,NC1(CCC1)c2ccc(cc2)c3ncc4cccnc4c3c5ccccc5,1,1,24,0.9965364850405241,1,0.9996815182069153,1,0.98,1,1.0,1,0.9372501396372851,1,1.0,1
570,NC1(CCC1)c2ccc(cc2)N3C(=O)c4ccccc4N=C3c5ccccc5,1,1,24,0.9949769669037043,1,0.9985715209058545,1,0.97,1,1.0,1,0.9372501396372851,1,1.0,1
571,NC1(CCC1)c2ccc(cc2)c3ncc4nccn4c3c5ccccc5,1,1,24,0.9955680546819095,1,0.9989854880357373,1,0.97,1,1.0,1,0.9372501396372851,1,1.0,1
572,NC1(CCC1)c2ccc(cc2)C3=NN4C=CC(=O)N=C4C=C3c5ccccc5,1,1,24,0.9675670538391073,1,0.9929339702306834,1,0.95,1,1.0,1,0.9372501396372851,1,1.0,1
573,NC(=O)c1ccn2c(c3ccccc3)c(nc2c1)c4ccc(cc4)C5(N)CCC5,1,1,24,0.996965300453641,1,0.9995735866321314,1,0.97,1,1.0,1,0.9372501396372851,1,1.0,1
574,NC1(CCC1)c2ccc(cc2)c3ncc4cccn4c3c5ccccc5,1,1,24,0.9855209960030044,1,0.9947181711104257,1,0.97,1,1.0,1,0.7728415999107386,1,1.0,1
575,NC1(CCC1)c2ccc(cc2)c3nn4ccccc4c3c5ccccc5,1,1,24,0.9999830319612271,1,0.9995171490843852,1,0.96,1,1.0,1,0.9372501396372851,1,1.0,1
576,NC1(CCC1)c2ccc(cc2)c3ncc4cnccc4c3c5ccccc5,1,1,24,0.9971310527881501,1,0.9997341939946474,1,0.97,1,1.0,1,0.9372501396372851,1,1.0,1
577,NC1(CCC1)c2ccc(cc2)c3c(ccc4ccnn34)c5ccccc5,1,1,24,0.9455326124043676,1,0.9850725220041057,1,0.98,1,1.0,1,0.9372501396372851,1,1.0,1
578,NC(=O)c1cnc(c2ccc(cc2)C3(N)CCC3)c(c1)c4ccccc4,1,1,24,0.9923974851909886,1,0.9994943747539525,1,0.98,1,1.0,1,0.9372501396372851,1,1.0,1
579,NC1(CCC1)c2ccc(cc2)c3c(ccn4ccnc34)c5ccccc5,1,1,24,0.9973992572755166,1,0.9994133336418505,1,0.98,1,1.0,1,0.9372501396372851,1,1.0,1
580,CCn1cnc2cnc(c3ccc(cc3)C4(N)CCC4)c(c5ccccc5)c12,1,1,24,0.9876292830241906,1,0.9983800120307874,1,0.97,1,1.0,1,0.8682761246106968,1,1.0,1
581,NC1(CCC1)c2ccc(cc2)c3nc4ccccn4c3c5ccccc5,1,1,24,0.992663338317399,1,0.9984607327717017,1,0.96,1,1.0,1,0.9372501396372851,1,1.0,1
582,NC1(CCC1)c2ccc(cc2)c3ncc4ccccc4c3c5ccccc5,1,1,24,0.9999892330689496,1,0.9998803583765979,1,0.98,1,1.0,1,0.9372501396372851,1,1.0,1
583,NC1(CCC1)c2ccc(cc2)c3nc4ccccc4cc3c5ccccc5,1,1,24,0.9962054412081932,1,0.9996592273844628,1,0.98,1,1.0,1,0.9372501396372851,1,1.0,1
584,NC1(CCC1)c2ccc(cc2)C3=Nc4ccccc4C(=O)N3c5ccccc5,1,1,24,0.9999900249067792,1,0.9996821347157423,1,0.97,1,1.0,1,0.9372501396372851,1,1.0,1
585,Cn1cnc2c(c3ccc(cc3)C4(N)CCC4)c(ccc12)c5ccccc5,1,1,24,0.9935770134222445,1,0.9987245454963015,1,0.97,1,1.0,1,0.9372501396372851,1,1.0,1
586,C[C@@H](NC(=O)C1CCCCN1C)c2ccc(Nc3ncc4cc(ccc4n3)c5ccncc5)cc2,1,1,25,0.9917113835734201,1,0.9996883667028781,1,0.96,1,0.8,1,0.9865297285481963,1,1.0,1
587,C[C@@H](NC(=O)[C@H]1CCCCN1)c2ccc(Nc3ncc4cc(ccc4n3)c5ccncc5)cc2,1,1,25,0.9913929901937303,1,0.9994029840838909,1,0.96,1,0.8,1,0.9865297285481963,1,1.0,1
588,C[C@@H](NC1=CC(=O)NCC1)c2ccc(Nc3ncc4cc(ccc4n3)c5ccncc5)cc2,1,1,25,0.9972131171079384,1,0.9999172378706488,1,0.98,1,1.0,1,0.9865297285481963,1,1.0,1
589,COCCC(=O)N[C@H](C)c1ccc(Nc2ncc3cc(ccc3n2)c4ccncc4)cc1,1,1,25,0.9902429055785652,1,0.9992163741365019,1,0.97,1,0.8,1,0.9826662322273881,1,1.0,1
590,C[C@@H](NC(=O)C)c1ccc(Nc2ncc3cc(c(C)cc3n2)c4ccncc4)cc1,1,1,25,0.9943925512285517,1,0.9997839778214866,1,0.98,1,0.8,1,0.9826662322273881,1,1.0,1
591,C[C@@H](NC(=O)C)c1ccc(Nc2ncc3cc(cc(C)c3n2)c4ccncc4)cc1,1,1,25,0.9941801768336388,1,0.9997277560311277,1,0.98,1,0.8,1,0.9826662322273881,1,1.0,1
592,C[C@@H](NC1=CC(=O)CC1)c2ccc(Nc3ncc4cc(ccc4n3)c5ccncc5)cc2,1,1,25,0.9999907277641253,1,0.9999655155446897,1,0.99,1,1.0,1,0.9865297285481963,1,1.0,1
593,COCCC(=O)NC(C)c1ccc(Nc2ncc3cc(ccc3n2)c4ccncc4)cc1,1,1,25,0.9902429055785652,1,0.9992163741365019,1,0.97,1,0.8,1,0.9826662322273881,1,1.0,1
594,C[C@@H](NC(=O)C)c1ccc(Nc2ncc3cc(ccc3n2)c4ccncc4)cc1,1,1,25,0.9933124729791701,1,0.9994734274333482,1,0.98,1,0.8,1,0.9826662322273881,1,1.0,1
595,COc1cc2nc(Nc3ccc(cc3)[C@@H](C)NC(=O)C)ncc2cc1c4ccncc4,1,1,25,0.9787612984846037,1,0.9986630766457669,1,0.95,1,1.0,1,0.9826662322273881,1,1.0,1
596,COCCC(=O)N[C@@H](C)c1ccc(Nc2ncc3cc(ccc3n2)c4ccncc4)cc1,1,1,25,0.9902429055785652,1,0.9992163741365019,1,0.97,1,0.8,1,0.9826662322273881,1,1.0,1
597,C[C@H](NC(=O)C)c1ccc(Nc2ncc3cc(ccc3n2)c4ccncc4)cc1,1,1,25,0.9933124729791701,1,0.9994734274333482,1,0.98,1,0.8,1,0.9826662322273881,1,1.0,1
598,CC(NC(=O)C)c1ccc(Nc2ncc3cc(ccc3n2)c4ccncc4)cc1,1,1,25,0.9933124729791701,1,0.9994734274333482,1,0.98,1,0.8,1,0.9826662322273881,1,1.0,1
599,C[C@@H](NC1=CC(=O)CCC1)c2ccc(Nc3ncc4cc(ccc4n3)c5ccncc5)cc2,1,1,25,0.9999917152843132,1,0.9999721539980418,1,0.99,1,0.8,1,0.9865297285481963,1,1.0,1
600,COc1cc(cc2cnc(Nc3ccc(cc3)[C@@H](C)NC(=O)C)nc12)c4ccncc4,1,1,25,0.9835489694455847,1,0.9984096901736542,1,0.94,1,0.8,1,0.9826662322273881,1,1.0,1
601,C[C@@H](NC1=CC(=O)CNC1)c2ccc(Nc3ncc4cc(ccc4n3)c5ccncc5)cc2,1,1,25,0.9999905455657743,1,0.9999406643783375,1,0.98,1,0.8,1,0.9824808919343634,1,1.0,1
602,C[C@@H](NC(=O)C1CCNCC1)c2ccc(Nc3ncc4cc(ccc4n3)c5ccncc5)cc2,1,1,25,0.9933379654835174,1,0.999671541880224,1,0.96,1,0.8,1,0.9865297285481963,1,1.0,1
603,C[C@@H](NC(=O)[C@H]1CCCNC1)c2ccc(Nc3ncc4cc(ccc4n3)c5ccncc5)cc2,1,1,25,0.993939618203135,1,0.9995311149312186,1,0.95,1,0.8,1,0.9703521725420929,1,1.0,1
604,CC(C)Oc1cc(OCCCN2CCCC2)cc3ncnc(Nc4c(Cl)ccc5OCOc45)c13,1,1,29,0.9999982617051475,1,0.9999781328828496,1,0.96,1,1.0,1,0.967460169874733,1,1.0,1
605,COc1ccc(Cl)c(Nc2ncnc3cc(OC)cc(OC4CCN(C)CC4)c23)c1,1,1,29,0.9999854588657258,1,0.9998754271357166,1,0.99,1,1.0,1,0.986490475463309,1,1.0,1
606,COc1cc(OC2CCN(C)CC2)c3c(Nc4c(Cl)ccc5OCOc45)ncnc3c1,1,1,29,0.9999984815786662,1,0.9999668007546461,1,0.99,1,1.0,1,0.986490475463309,1,1.0,1
607,COc1cc2c(Nc3c(Cl)ccc4OCOc34)ncnc2cc1OCC5CCN(C)CC5,1,1,29,0.9999998887336428,1,0.9999914375654807,1,0.97,1,1.0,1,0.986490475463309,1,1.0,1
608,CC(C)Oc1cc(OCCN2CCOCC2)cc3ncnc(Nc4c(Cl)ccc5OCOc45)c13,1,1,29,0.9999895250772326,1,0.9999729175252375,1,0.98,1,1.0,1,0.986490475463309,1,1.0,1
609,COc1cc(Nc2ncnc(Nc3c(Cl)ccc4OCOc34)n2)cc(OC)c1OC,1,1,29,0.9999850299044517,1,0.9998229707687746,1,0.98,1,1.0,1,0.986490475463309,1,1.0,1
610,COc1cc(Nc2cc(Nc3c(Cl)ccc4OCOc34)ncn2)cc(OC)c1OC,1,1,29,0.9999977605291276,1,0.999908774296464,1,0.99,1,1.0,1,0.986490475463309,1,1.0,1
611,COc1cc2c(Nc3c(Cl)ccc4OCOc34)ncnc2cc1OCCCN5CCCC5,1,1,29,0.9999935021605524,1,0.9999314186741931,1,0.95,1,1.0,1,0.967460169874733,1,1.0,1
612,CN1CCC(COc2cc(OC3CCOCC3)c4c(Nc5c(Cl)ccc6OCOc56)ncnc4c2)CC1,1,1,29,0.9999999473460618,1,0.9999932684411323,1,0.97,1,1.0,1,0.986490475463309,1,1.0,1
613,Clc1ccc2OCOc2c1Nc3ncnc4cc(OCCN5CCCC5)cc(OC6CCOCC6)c34,1,1,29,0.9999950355806421,1,0.9999461352375613,1,0.97,1,1.0,1,0.986490475463309,1,1.0,1
614,COc1cc(OC2CCN(C)CC2)c3c(Nc4cccc5OCOc45)ncnc3c1,1,1,29,0.9999910976069054,1,0.9998818348761357,1,0.98,1,1.0,1,0.9847906552523022,1,1.0,1
615,CC(C)Oc1cc(OCCN2CCN(CC2)C(=O)C)cc3ncnc(Nc4c(F)ccc5OCOc45)c13,1,1,29,0.9999905089957808,1,0.9999580048808026,1,0.97,1,1.0,1,0.982974207085461,1,1.0,1
616,Clc1ccc2OCOc2c1Nc3ncnc4cc(OCCCN5CCCC5)cc(OC6CCOCC6)c34,1,1,29,0.9999981231903508,1,0.9999620473267988,1,0.95,1,1.0,1,0.967460169874733,1,1.0,1
617,COc1cc(OC2CCN(C)CC2)c3c(Nc4cccc5OCCOc45)ncnc3c1,1,1,29,0.999991324054246,1,0.9999288070691763,1,0.99,1,1.0,1,0.9847906552523022,1,1.0,1
618,COc1cc2c(Nc3c(Cl)ccc4OCOc34)ncnc2cc1OCCCN5CCCCC5,1,1,29,0.9999978013150623,1,0.999965682691876,1,0.95,1,1.0,1,0.967460169874733,1,1.0,1
619,COc1cc(ccc1Nc2ncc(Cl)c(n2)c3cnc4c(F)cc(F)cn34)N5CCN(CC5)C(=O)C,1,1,33,0.9999999459090004,1,0.9999868007727167,1,1.0,1,1.0,1,0.986490475463309,1,1.0,1
620,COc1cc(ccc1Nc2ncc(Cl)c(n2)c3cnc4c(F)cccn34)N5CCN(CC5)C(=O)C,1,1,33,0.9999977477169326,1,0.9998816275282789,1,0.98,1,1.0,1,0.9491195984310323,1,1.0,1
621,COc1cc(ccc1Nc2ncc(Cl)c(n2)c3cnc4c(OC)cccn34)N5CCN(CC5)C(=O)C,1,1,33,0.9999987270580867,1,0.9998836780416318,1,0.99,1,1.0,1,0.9491195984310323,1,1.0,1
622,COc1cc(ccc1Nc2ncc(Cl)c(n2)c3cnc4c(C)cccn34)N5CCN(CC5)C(=O)C,1,1,33,0.9999993079947999,1,0.9999045064566101,1,1.0,1,1.0,1,0.9491195984310323,1,1.0,1
623,COc1cc(ccc1Nc2ncc(Cl)c(n2)c3cnc4c(CO)cccn34)N5CCN(CC5)C(=O)C,1,1,33,0.9999975340356245,1,0.9995717491932572,1,1.0,1,1.0,1,0.9491195984310323,1,1.0,1
624,COc1cc(ccc1Nc2ncc(Cl)c(n2)c3cnc4c(N)cccn34)N5CCN(CC5)C(=O)C,1,1,33,0.9999946474937477,1,0.9996837824508369,1,1.0,1,1.0,1,0.92686673784109,1,1.0,1
625,O=C(Nc1nc(cs1)c2ccccc2)c3cccnc3,1,1,36,0.954000782239252,1,0.9928876146282065,1,1.0,1,1.0,1,0.9516119872713814,1,1.0,1
626,O=C(Nc1nccs1)c2cccnc2,1,1,36,0.9759557831530015,1,0.9936712817167217,1,0.98,1,1.0,1,0.9593224395160183,1,1.0,1
627,Oc1oc(c2ccccc2)c(n1)c3ccccc3,1,1,37,0.9965046961676024,1,0.9995764063974997,1,1.0,1,1.0,1,0.9766328224979585,1,1.0,1
628,OC(=O)CCc1oc(c2ccccc2)c(n1)c3ccccc3,1,1,37,0.987011710881822,1,0.9931340479648125,1,0.95,1,1.0,1,0.9517105681110132,1,1.0,1
629,Cc1cc(Nc2ccccc2)n(CCC#N)n1,1,1,40,0.9864642806172418,1,0.9988918226008668,1,0.99,1,1.0,1,0.9705429827270593,1,1.0,1
