,smiles,labels,labels-drug_like,SVC_pred_prob,SVC_pred,LogisticRegression_pred_prob,LogisticRegression_pred,RandomForestClassifier_pred_prob,RandomForestClassifier_pred,KNeighborsClassifier_pred_prob,KNeighborsClassifier_pred,GradientBoostingClassifier_pred_prob,GradientBoostingClassifier_pred,DummyClassifier_pred_prob,DummyClassifier_pred
0,CCOc1ccc(cc1)N2C(=O)c3ccccc3N=C2[C@@H](C)N(Cc4cccnc4)C(=O)Cc5ccc(cc5)C(F)(F)F,1,1,0.999989496563356,1,0.9999236866085487,1,0.99,1,1.0,1,0.9522113910740686,1,1.0,1
1,COC(=O)CCCCCCC(=O)Nc1ccc2c(c1)C(=O)C(=O)c3ccccc23,1,1,0.9948539034880898,1,0.9993973241827765,1,1.0,1,1.0,1,0.9769223383783192,1,1.0,1
2,C[C@H](CNCCc1ccncc1)c2c([nH]c3ccc(cc23)C(C)(C)C(=O)N4C5CCC4CC5)c6cc(C)cc(C)c6,1,1,0.9928038005866522,1,0.9993879165104171,1,0.99,1,0.8,1,0.9865011796829872,1,1.0,1
3,Cn1cncc1c2c3C(=O)N(CC#C)C(=O)N(CC4CC4)c3nn2Cc5ccnc6ccc(Cl)cc56,1,1,0.9999998276433489,1,0.999995462814206,1,1.0,1,1.0,1,0.9865011796829872,1,1.0,1
4,COc1cc(OC)c(cc1NC(=O)C)S(=O)(=O)N2C(C)Cc3ccccc23,1,1,0.9491926246281567,1,0.9473900572360769,1,0.89,1,0.4,0,0.9396752041491344,1,1.0,1
5,OC(=O)c1ccc(CN2CCC(CN3CCC(CC3)Oc4ccc(Cl)c(Cl)c4)CC2)cc1,1,1,0.9889388303667316,1,0.9996381793674793,1,1.0,1,1.0,1,0.9785209299080467,1,1.0,1
6,CC(C)c1ccccc1Cc2cc(C(=O)Nc3ccc(cc3)S(=O)(=O)c4ccccc4C(C)(C)C)c(O)c(O)c2O,1,1,0.9964716714080321,1,0.9987525188791445,1,0.98,1,1.0,1,0.907848759716883,1,1.0,1
7,COc1ccc(C(CN2CCCC2)N(C)C(=O)Cc3ccc(Cl)c(Cl)c3)c(OC)c1,1,1,0.9999934968900507,1,0.9998914000779487,1,0.99,1,1.0,1,0.9865011796829872,1,1.0,1
8,CCc1[nH]c2nc(Sc3cnc4ccc[n+]([O-])c4c3)nc(N5CC[C@@H](N)C5)c2c1Cl,1,1,0.9850704468093436,1,0.9987875911767807,1,1.0,1,1.0,1,0.9800572528832491,1,1.0,1
9,COC(=O)c1ccc2OCC(=O)N(CCN3CCC(CC3)NCc4ccc5OCC(=O)Nc5n4)c2c1,1,1,0.8785328345263392,1,0.8716864887251603,1,0.99,1,1.0,1,0.9865011796829872,1,1.0,1
10,COc1cccc(NC(=O)Cn2cc(Oc3ncnc4cc(OC)c(OC)cc34)cn2)c1,1,1,0.9812034444408919,1,0.9994835613881426,1,0.99,1,1.0,1,0.9810223354808043,1,1.0,1
11,NC(=O)c1cnc(c2ccc(cc2)C3(N)CCC3)c(c1)c4ccccc4,1,1,0.9959126392397206,1,0.9995921671222746,1,1.0,1,1.0,1,0.9782859807824033,1,1.0,1
12,CC(C)CC(N(C)C)C1(CCC1)c2ccc(Cl)cc2,1,1,0.9999847367423994,1,0.9996017463721316,1,0.97,1,1.0,1,0.9865011796829872,1,1.0,1
13,C[C@H]1CN(Cc2cc(Cl)ccc2OCC(=O)O)CCN1C(=O)Cc3ccccc3,1,1,0.9928920457116139,1,0.9983289736162271,1,1.0,1,1.0,1,0.9637381523642934,1,1.0,1
14,CC(C)c1ccccc1Nc2nc(SCc3cccs3)n[nH]2,1,1,0.9973656655585866,1,0.9994621905441669,1,0.96,1,1.0,1,0.9872486604054618,1,1.0,1
15,Nc1scc2C(=NN(C(=O)c12)c3ccc(F)cc3)C(=O)NC4CC4,1,1,0.9878862233501687,1,0.9953345027117293,1,0.98,1,1.0,1,0.9855697662967463,1,1.0,1
16,CC(C)C(NC(=O)CN1C(=O)C(=CC=C1c2ccccc2)NC(=O)NCc3ccccn3)C(=O)C(F)(F)F,1,1,0.9869658077932144,1,0.9961833369340586,1,0.98,1,1.0,1,0.9715095480506828,1,1.0,1
17,COc1ccc2c(c1)[nH]c3c(C)nccc23,1,1,0.9866329427034465,1,0.9922740298459876,1,1.0,1,0.8,1,0.9810223354808043,1,1.0,1
18,Clc1ccc2OCOc2c1Nc3ccnc(Nc4ccccc4)n3,1,1,0.9999999590412885,1,0.9999947370847265,1,1.0,1,1.0,1,0.9796778390184498,1,1.0,1
19,Fc1ccc(cc1Cl)S(=O)(=O)NCC(N2CCCCCC2)c3ccccc3,1,1,0.9999982256349108,1,0.9998821826028408,1,0.99,1,1.0,1,0.9688494861020682,1,1.0,1
20,NC(=O)c1nnn(c1N)c2ccccc2,1,1,0.8599337661644231,1,0.6779436783565608,1,0.98,1,1.0,1,0.9667821660583565,1,1.0,1
21,COc1ccc(cc1)c2cc(O)nc(N)n2,1,1,0.9492156257956563,1,0.964344257628993,1,0.99,1,1.0,1,0.9797206552301068,1,1.0,1
22,Cc1ccc(NC(=O)[C@H]2CCCN2S(=O)(=O)c3cccc4cccnc34)c(C)c1,1,1,0.9956958008976584,1,0.9972815252077762,1,0.99,1,1.0,1,0.9826254777408384,1,1.0,1
23,OC(=O)c1ccccc1N2CCC(CN3CCC(CC3)Oc4ccc(Cl)c(Cl)c4)CC2,1,1,0.9728694126818149,1,0.9981550706736633,1,0.99,1,1.0,1,0.9263102368652787,1,1.0,1
24,C[C@H](CO)Nc1nc(SCc2ccccc2)nc3nc(N)sc13,1,1,0.9842661293000178,1,0.9974973578246271,1,1.0,1,1.0,1,0.9656347005812763,1,1.0,1
25,CCC(=O)O[C@H]1CC[C@H]2[C@@H]3CCC4=CC(=O)CC[C@]4(C)[C@H]3CC[C@]12C,1,1,0.9944490244672024,1,0.9992317588227266,1,0.99,1,1.0,1,0.9485302842190018,1,1.0,1
26,CC(C)NC(=O)c1ccc(C)c(c1)N2C=Nc3ccc(cc3C2=O)N4CCN(C)CC4,1,1,0.9732976409148116,1,0.9965930944882716,1,1.0,1,1.0,1,0.9865011796829872,1,1.0,1
27,CN(C)C(=O)[C@H](O)[C@H](Cc1ccccc1)NC(=O)c2cc3cc(Cl)ccc3[nH]2,1,1,0.9704358173740749,1,0.995253384685494,1,0.99,1,1.0,1,0.973946290431224,1,1.0,1
28,Cn1c(nc2ccccc12)c3ccc(O)nc3,1,1,0.9999939726436606,1,0.999829726416956,1,1.0,1,1.0,1,0.982046985408136,1,1.0,1
29,Cc1ccccc1c2c(C(=O)O)n(CCCOc3cccc4ccccc34)c5ccccc25,1,1,0.9999822054840896,1,0.9989338496722067,1,0.98,1,1.0,1,0.9715095480506828,1,1.0,1
30,OCCc1ccc(NC(=O)c2cc3cc(Cl)ccc3[nH]2)cc1,1,1,0.9777136299566063,1,0.9923654876861931,1,0.96,1,1.0,1,0.9810223354808043,1,1.0,1
31,COCc1c(nc(C(C)C)c(\C=C\[C@@H](O)C[C@@H](O)CC(=O)O)c1c2ccc(F)cc2)C(C)C,1,1,0.9788878003252365,1,0.9906657501703637,1,0.96,1,0.8,1,0.919676275398227,1,1.0,1
32,CCC1(NC(=O)N(C)C1=O)c2ccccc2,1,1,0.9823305370034392,1,0.9919829615103366,1,0.98,1,1.0,1,0.908476186739291,1,1.0,1
33,CC(=O)NCc1ccc(CN2CCN(CC2)c3ccccc3)cc1,1,1,0.9967115184432329,1,0.9996065740622766,1,1.0,1,1.0,1,0.9855558501520214,1,1.0,1
34,COc1ccc(cn1)C2=Cc3c(C)nc(N)nc3N([C@@H]4CC[C@H](CC4)OCCO)C2=O,1,1,0.9889859979693665,1,0.9982913810684222,1,0.95,1,0.8,1,0.9855697662967463,1,1.0,1
35,CNC(=O)c1snnc1c2ccccc2,1,1,0.7719465946130872,0,0.9361662985201439,1,0.98,1,1.0,1,0.9715095480506828,1,1.0,1
36,Oc1cc(OCc2ccccc2)ccn1,1,1,0.9999872054906014,1,0.9992786456517928,1,1.0,1,1.0,1,0.973946290431224,1,1.0,1
37,CCCc1c(O)c(ccc1OCc2ccc(cc2OC)c3nn[nH]n3)C(=O)C,1,1,0.9945402629676753,1,0.9985639487781559,1,0.99,1,1.0,1,0.9773274145061096,1,1.0,1
38,C[C@@H]1CN(CCN1c2ncc(OCc3ccncc3C#N)cn2)c4noc(n4)C(F)F,1,1,0.9999996750429474,1,0.9998627661696088,1,1.0,1,1.0,1,0.9865011796829872,1,1.0,1
39,C[C@H](CO)Nc1nc(SCc2csc(C)n2)nc3NC(=O)Sc13,1,1,0.971045835761628,1,0.9809915631222683,1,0.88,1,1.0,1,0.9571460730203231,1,1.0,1
40,CC1=CC(=O)Oc2cc3NCCCc3cc12,1,1,0.9795653865787484,1,0.9980726144630525,1,0.94,1,1.0,1,0.9718899760893136,1,1.0,1
41,COc1cc2c3N([C@H](C)c4ccccn4)C(=O)Nc3cnc2cc1c5c(C)onc5C,1,1,0.9885858562421906,1,0.9984572569664498,1,0.99,1,1.0,1,0.982046985408136,1,1.0,1
42,COCCOc1ccc(cc1)c2cc(C(=O)N)c(NC(=O)N)s2,1,1,0.9951427007687793,1,0.9964535249757129,1,0.99,1,1.0,1,0.9797206552301068,1,1.0,1
43,CCn1c(C)c(C(=O)O)c(c2cccc(c2)N3CCN(CC3)c4ccc(NS(=O)(=O)c5ccc(N[C@H](CCN6CCC(O)CC6)CSc7ccccc7)c(c5)S(=O)(=O)C(F)(F)F)cc4)c1c8ccc(Cl)cc8,1,1,0.9999999990455776,1,0.9999995894329787,1,0.91,1,1.0,1,0.9599937422033923,1,1.0,1
44,Nc1ccccc1NC(=O)c2ccc(cc2)c3ncc(CN4CCC4)cc3F,1,1,0.9961009556297179,1,0.9999064797308002,1,1.0,1,1.0,1,0.9863523051513061,1,1.0,1
45,CC(C)[C@@H]1N=C(c2ccccc2)c3ccccc3NC1=O,1,1,0.9747667581576941,1,0.9943977430030938,1,0.98,1,1.0,1,0.9715095480506828,1,1.0,1
46,Nc1ncnc2c1ncn2[C@@H]3O[C@H](CSCCCNC(=O)NCc4ccccc4)[C@@H](O)[C@H]3O,1,1,0.9794444520802319,1,0.9898160167182658,1,0.97,1,1.0,1,0.9490362248574854,1,1.0,1
47,COc1cc(ccc1Nc2ncc(Cl)c(n2)c3cnc4c(OC)cccn34)N5CCN(CC5)C(=O)C,1,1,0.9999957838212664,1,0.999834692205345,1,0.99,1,1.0,1,0.9532721933269293,1,1.0,1
48,Nc1nc2nc(SCc3ccccc3)nc(N)c2s1,1,1,0.9933049289516815,1,0.9987509454087011,1,0.99,1,1.0,1,0.9685215087240979,1,1.0,1
49,COCC(=O)N1CCC(CC1)n2cc(cn2)c3cnc(N)c(c3)c4oc5ccccc5n4,1,1,0.9890665170289912,1,0.999617191794219,1,0.97,1,1.0,1,0.9553549025392188,1,1.0,1
50,OC1(C(=O)Nc2ccccc12)c3ccccc3,1,1,0.9672867296256014,1,0.9539476606945331,1,0.99,1,1.0,1,0.9237557239713665,1,1.0,1
51,Cc1cc(Cl)ccc1OC2CCN(CC3CCN(CC3)[C@@H](Cc4ccc(F)cc4)C(=O)O)CC2,1,1,0.9955693279953257,1,0.9998722015312342,1,0.99,1,1.0,1,0.9785209299080467,1,1.0,1
52,COc1ccc(N(C(C(=O)NC2CCCC2)c3ccccc3F)C(=O)c4occc4)c(OC)c1,1,1,0.9999992807663504,1,0.9999883992680754,1,0.99,1,1.0,1,0.9883418686838037,1,1.0,1
53,O=S(=O)(Nc1cccc2[nH]ncc12)c3cccs3,1,1,0.992956016972567,1,0.9979313166396324,1,0.99,1,1.0,1,0.982645522800113,1,1.0,1
54,CN1[C@@H]2CC[C@H]1C[C@H](C2)OC(=O)C(CO)c3ccccc3,0,0,0.9319207285636228,1,0.8655745239901109,1,0.93,1,0.6,1,0.9782859807824033,1,1.0,1
55,Nc1nc2OC(COc3ccccc3)Cc2c(N)c1C#N,1,1,0.9902567365487555,1,0.995709793392346,1,0.99,1,1.0,1,0.9782859807824033,1,1.0,1
56,COCCNCc1ccc(cc1)c2cc(C(=O)N)c(NC(=O)N)s2,1,1,0.9927326515970716,1,0.9959194729800324,1,0.95,1,1.0,1,0.9655683259865956,1,1.0,1
57,C[C@H](Nc1ncc(F)c(Nc2cc([nH]n2)C3CC3)n1)c4ccc(F)cn4,1,1,0.9999821483804131,1,0.9997976881634317,1,1.0,1,1.0,1,0.9904248873040837,1,1.0,1
58,CC(C)C(NC(=O)CN1C(=O)C(=CC=C1c2ccccc2)NC(=O)Cc3ccccc3C(=O)O)C(=O)C(F)(F)F,1,1,0.976469134232847,1,0.9915453775009213,1,0.92,1,1.0,1,0.9098805663379467,1,1.0,1
59,FC(F)(F)CCS(=O)(=O)Oc1ccc(NC(=O)c2ccc(Cn3ccnn3)c4ccccc24)c(n1)C(=O)NCC5CCOCC5,1,1,0.9947325565830784,1,0.9985667301148343,1,0.96,1,1.0,1,0.9835650202373418,1,1.0,1
60,Oc1ccc(cc1)c2ccc(cc2)C3(O)CN4CCC3CC4,1,1,0.9828101668545001,1,0.9936689315191342,1,0.99,1,1.0,1,0.9591802289387045,1,1.0,1
61,COc1ccccc1N2CCN(CC3=C(Br)C(=O)N(N3C)c4ccccc4)CC2,1,1,0.9972315141730856,1,0.9994165854673333,1,0.97,1,1.0,1,0.9836308851280349,1,1.0,1
62,CCCN(CCC)C(=O)c1cccc(c1)C(=O)N[C@@H](Cc2ccccc2)[C@H](O)CNC3Cc4ccccc4C3,1,1,0.9626189757935635,1,0.992576083067292,1,0.94,1,1.0,1,0.9444214903024399,1,1.0,1
63,Oc1ccc(cc1)c2oc3cc(O)ccc3n2,1,1,0.9969606092066743,1,0.9995424516124239,1,0.97,1,1.0,1,0.9386719031896252,1,1.0,1
64,CCN(C1CCN(CCC(c2ccccc2)c3ccc(cc3)S(=O)(=O)C)CC1)C(=O)Cc4ccc(cc4)S(=O)(=O)C,1,1,0.986803409806123,1,0.9979054376427458,1,1.0,1,1.0,1,0.9688494861020682,1,1.0,1
65,Cc1c(Cl)ccc(OC2CCN(CC3CCN(CC3)[C@@H](Cc4ccc(F)cc4)C(=O)O)CC2)c1Cl,1,1,0.9999972532166433,1,0.999946145245757,1,1.0,1,1.0,1,0.9785209299080467,1,1.0,1
66,CNc1c(Br)cnc2[nH]c(nc12)c3cnn(c3)C4CCN(C)CC4,1,1,0.9999808183389594,1,0.9993434527308523,1,0.96,1,1.0,1,0.9718899760893136,1,1.0,1
67,Nc1c2CCCCc2nc3ccccc13,1,1,0.9925849480828868,1,0.997428769804635,1,1.0,1,1.0,1,0.9782859807824033,1,1.0,1
68,C[C@@](CCc1ccc(cc1)c2ccc(Cl)cc2)(C(=O)NO)S(=O)(=O)C,1,1,0.9999980979376677,1,0.9999031938099372,1,1.0,1,1.0,1,0.9756124678302059,1,1.0,1
69,CCN(CC)CCNc1ncnc2c1sc3nc(N4CCOCC4)c5CCCCc5c23,1,1,0.7548900114186178,0,0.949890428876752,1,0.95,1,1.0,1,0.9001551691239543,1,1.0,1
70,COC(=O)c1ccc(NC(=O)c2cc(OC)c(OC)c(OC)c2)cc1,1,1,0.9852874300345494,1,0.9906229898214937,1,0.99,1,1.0,1,0.9810223354808043,1,1.0,1
71,COc1ccc2Sc3ccccc3N(C[C@H](C)CN(C)C)c2c1,1,1,0.95072335267346,1,0.9872436581077184,1,0.98,1,1.0,1,0.9777756404702681,1,1.0,1
72,OC(=O)c1cc(ccc1O)c2ccc(F)cc2F,1,1,0.8830048773680335,1,0.9270091060408873,1,0.78,1,0.8,1,0.905134967410207,1,1.0,1
73,Cc1ccc(cc1NC(=O)c2ccc(OCc3ccccn3)cc2)c4c[nH]c(C)n4,1,1,0.999986335560353,1,0.9996722208636752,1,1.0,1,1.0,1,0.982046985408136,1,1.0,1
74,COc1cc(ccc1Nc2ncc(Cl)c(n2)c3cnc4c(C)cccn34)N5CCN(CC5)C(=O)C,1,1,0.9999973368001494,1,0.9998663404141002,1,1.0,1,1.0,1,0.9532721933269293,1,1.0,1
75,OCc1ccc2ccn(c3cc(NC4CC4)n5ncc(C#N)c5n3)c2c1,1,1,0.948164781420583,1,0.9544831034408544,1,1.0,1,1.0,1,0.9865011796829872,1,1.0,1
76,CC1=CC2=NNC(=O)N2c3cc(ccc13)c4cccnc4,1,1,0.995044764699906,1,0.9997650052630128,1,0.99,1,1.0,1,0.9726423993308309,1,1.0,1
77,Cc1ccc(cc1NC(=O)c2ccc(OCc3ccccn3)cc2)c4nccn4C,1,1,0.9929683300735498,1,0.9993235086019894,1,1.0,1,1.0,1,0.982046985408136,1,1.0,1
78,Cc1cc(Cl)ccc1OC2CCN(C[C@H](O)CNC(=O)C3=CNC(=O)c4c(F)cccc34)CC2,1,1,0.9863038424698368,1,0.9994526457717667,1,0.98,1,1.0,1,0.9865011796829872,1,1.0,1
79,CC1=C(C(=O)N(C[C@H](N)c2ccccc2)C(=O)N1Cc3c(F)cccc3F)c4ccc5OCOc5c4,1,1,0.9968081526396052,1,0.9998923452061984,1,1.0,1,1.0,1,0.975416330713674,1,1.0,1
80,COCC[C@H](Oc1ncnc2c1cnn2c3ccccc3Cl)C(=O)Nc4ccc(C)cn4,1,1,0.9750585926524983,1,0.9899761555585617,1,0.94,1,1.0,1,0.9796640446051146,1,1.0,1
81,CC1=C(CCC(=O)O)C(=O)Oc2c(C)c(O)ccc12,1,1,0.42901880375134266,0,0.19451372809995374,0,0.69,1,0.6,1,0.919676275398227,1,1.0,1
82,OC(=O)COc1ccc(C(=O)c2cccs2)c(Cl)c1Cl,0,0,0.8365046413973685,1,0.3042690660528664,0,0.96,1,0.8,1,0.919676275398227,1,1.0,1
83,CC[C@@H](NC1=C(Nc2cccc(C(=O)N(C)C)c2O)C(=O)C1=O)c3oc(C)cc3,1,1,0.9826035679717321,1,0.9965794395893652,1,0.96,1,0.8,1,0.9810223354808043,1,1.0,1
84,Cc1ccc2c(N)c(C#N)sc2n1,1,1,0.9950091758387153,1,0.9992146171800521,1,0.99,1,1.0,1,0.9720048558278116,1,1.0,1
85,COc1ccc(N(C(C(=O)NC[C@@H](C)O)c2ccccc2F)C(=O)c3occc3C)c(OC)c1,1,1,0.9937608859243376,1,0.9995879627497127,1,0.99,1,1.0,1,0.982046985408136,1,1.0,1
86,Nc1ncc(cc1c2oc3ccccc3n2)c4cnn(c4)C5CCNCC5,1,1,0.9957744463109828,1,0.9998714520985833,1,0.95,1,1.0,1,0.9553549025392188,1,1.0,1
87,NS(=O)(=O)c1cccc(Nc2nccc(Nc3cccc4[nH]ncc34)n2)c1,1,1,0.9999997776091102,1,0.9999651049104963,1,0.98,1,1.0,1,0.979718650818367,1,1.0,1
88,CN[C@@H](C)C(=O)N[C@H](C(=O)N[C@H]1CCCN(CCc2cccc(OC)c2)C1)C(C)(C)C,1,1,0.9999901271779416,1,0.9998157055516371,1,1.0,1,1.0,1,0.9876719826683307,1,1.0,1
89,CCN(C1CCN(CC[C@H](c2ccc(cc2)S(=O)(=O)C)c3cccc(Cl)c3)CC1)C(=O)Cc4ccc(cc4)S(=O)(=O)C,1,1,0.9904266981049294,1,0.9987598607117909,1,0.98,1,1.0,1,0.9670968392626267,1,1.0,1
90,CC(C)CNc1nc(nc(N2CC(O)C2)c1N)C#N,1,1,0.9961182619734311,1,0.9986259073645344,1,0.99,1,1.0,1,0.9699810735234934,1,1.0,1
91,O[C@H](CNC(=O)C1=CNC(=O)c2ccccc12)CN3CCC(CC3)Oc4ccc(Cl)c(Cl)c4,1,1,0.9966834958905286,1,0.9998538670762498,1,1.0,1,1.0,1,0.9872338630657277,1,1.0,1
92,Nc1ccc2c3ccccc3C(=O)C(=O)c2c1,1,1,0.9902400899273469,1,0.9973594589120346,1,1.0,1,1.0,1,0.9753465059982236,1,1.0,1
93,COC(=O)C1=C(C)NC(=C(C1c2ccccc2[N+](=O)[O-])C(=O)OCC(C)C)C,1,1,0.8925640873280147,1,0.9581483950509615,1,0.95,1,0.8,1,0.9790303261639418,1,1.0,1
94,NC(=O)C([C@@H]1CCN(CCc2ccc3OCCc3c2)C1)(c4ccccc4)c5ccccc5,1,1,0.9999940602452405,1,0.9997962004654021,1,0.98,1,1.0,1,0.9782859807824033,1,1.0,1
95,FC(F)(F)Oc1ccc(CNC(=O)C2N(CC3CC(F)(F)C3)C(=O)c4ccccc24)cc1,1,1,0.9999996000081122,1,0.9999914730840886,1,0.98,1,1.0,1,0.9717097805394462,1,1.0,1
96,CC(C)c1cc(C(=O)N2Cc3ccc(CN4CCN(C)CC4)cc3C2)c(O)cc1O,1,1,0.9392957886842512,1,0.9900839693423806,1,0.93,1,0.8,1,0.9904248873040837,1,1.0,1
97,CN[C@@H](C)C(=O)N[C@H](C(=O)N[C@H]1CCCN(CCc2ccc(O)cc2)C1)C(C)(C)C,1,1,0.9999837995624419,1,0.9990263733725377,1,1.0,1,1.0,1,0.9865011796829872,1,1.0,1
98,Clc1ccc2[nH]ncc2c1,1,1,0.9974301227701654,1,0.9994065677830126,1,1.0,1,1.0,1,0.98651681468357,1,1.0,1
99,Cc1ccc(NC(=O)c2ccnc(c2)N3CCOCC3)cc1NC(=O)c4ccc(OCc5ccccn5)cc4,1,1,0.9999978787973585,1,0.9999797964774124,1,1.0,1,1.0,1,0.9872338630657277,1,1.0,1
100,Oc1cc(O)c2C(=O)c3ccccc3Oc2c1,1,1,0.9932268406943274,1,0.9987605876558101,1,1.0,1,1.0,1,0.982046985408136,1,1.0,1
101,O[C@H](CNS(=O)(=O)c1cccc(c1)C#N)CN2CCC(CC2)Oc3ccc(Cl)c(Cl)c3,1,1,0.9999936005677966,1,0.9999338245795379,1,1.0,1,1.0,1,0.9809985714608268,1,1.0,1
102,COc1cc(cc(OC)c1OC)C(=O)NCc2ccc(OCCN(C)C)cc2,1,1,0.9435927861178571,1,0.9519042270171448,1,0.99,1,1.0,1,0.9810223354808043,1,1.0,1
103,Cn1ncc2C(=O)NC(=Nc12)c3ccccc3,1,1,0.9881757977082262,1,0.9980746401961093,1,1.0,1,1.0,1,0.9715095480506828,1,1.0,1
104,CN1CCN(CC1)C(=O)c2cc(CC3=NNC(=O)c4ccccc34)ccc2F,1,1,0.9831053566873984,1,0.9993274101752134,1,1.0,1,1.0,1,0.9909465557980647,1,1.0,1
105,OC[C@H](O)C(=O)N1CCC(=CC1)c2ccc(cc2F)N3C[C@H](COc4ccon4)OC3=O,1,1,0.9821438460199827,1,0.9975287193503559,1,0.99,1,1.0,1,0.9865011796829872,1,1.0,1
106,C[C@@H]1CN(C[C@H](C)O1)c2nc(N3CCOC[C@@H]3C)c4ccc(nc4n2)c5ccccc5,1,1,0.9811400237792343,1,0.9968484577740944,1,1.0,1,1.0,1,0.9796778390184498,1,1.0,1
107,CC(C)[C@H](NC(=O)CCc1ccccc1)C(=O)N2CCCC2,1,1,0.9692647722097105,1,0.9887699487813516,1,0.98,1,1.0,1,0.981429314990484,1,1.0,1
108,CCc1cc(ccn1)C(=S)N,1,1,0.7832609311184784,0,0.711284830704854,1,0.98,1,0.8,1,0.9797206552301068,1,1.0,1
109,COc1cc(ccc1Cn2cnc3ccc(NC(=O)CC4CCCC4)cc23)C(=O)NS(=O)(=O)c5ccccc5,1,1,0.9769992342724588,1,0.996498611630677,1,0.99,1,1.0,1,0.9622212436905677,1,1.0,1
110,CN1CCN(CC1)C2=Nc3ccccc3Oc4ccc(Cl)cc24,1,1,0.9920842635129491,1,0.9986393749344965,1,0.97,1,1.0,1,0.9435221123292006,1,1.0,1
111,Clc1ccc(cc1C(=O)NCCc2ccccc2)N3N=CC(=O)NC3=O,1,1,0.7705609810647859,0,0.9455409171000639,1,0.96,1,1.0,1,0.9664893943455334,1,1.0,1
112,Nc1nc(N)nc(n1)c2cccc(c2)C(F)(F)F,1,1,0.9870206961995357,1,0.9953427194024473,1,1.0,1,1.0,1,0.9797206552301068,1,1.0,1
113,O=C(Nc1cccc(c1)c2nnn[nH]2)c3cccc4[nH]cnc34,1,1,0.9950140560855087,1,0.9989370979356381,1,0.99,1,1.0,1,0.9629581012794514,1,1.0,1
114,CNc1cccc(CCCc2ccc(C[C@H](NC(=O)c3c(Cl)cccc3Cl)C(=O)O)cc2)n1,1,1,0.9063138720774251,1,0.7770626495208702,1,0.95,1,0.8,1,0.9699019169819167,1,1.0,1
115,C[C@@H]1N[S@@](=O)(=NC1=O)c2cccc(c2)c3cccc(c3)C#N,1,1,0.9999898279258718,1,0.9996305808615163,1,0.99,1,1.0,1,0.9810223354808043,1,1.0,1
116,CO[C@H]1CN(CCCOc2ccc(F)cc2)CC[C@H]1NC(=O)c3cc(Cl)c(N)cc3OC,1,1,0.9999999253314973,1,0.9999771396739574,1,0.98,1,1.0,1,0.9855697662967463,1,1.0,1
117,Fc1ccc(Nc2oc(nn2)C(=O)Nc3ccc(nc3)N4CCOCC4)cc1F,1,1,0.9999949898185561,1,0.9999757747475636,1,1.0,1,1.0,1,0.9865011796829872,1,1.0,1
118,CC(C)C(NC(=O)CN1C(=O)C(=CC=C1c2ccccc2)NC(=O)Cc3ccc(cc3)C(=O)O)C(=O)C(F)(F)F,1,1,0.9721081093097154,1,0.9932681856129598,1,0.99,1,1.0,1,0.9715095480506828,1,1.0,1
119,O=C(CSc1ccncc1)Nc2ccc(cc2)C(=O)c3ccccc3,1,1,0.8940833985822255,1,0.9555495249843519,1,0.99,1,0.8,1,0.9622675881984926,1,1.0,1
120,CN(c1ccnc(Nc2cc(cc(c2)N3CCN(C)CC3)N4CCOCC4)n1)c5cc(CO)ccc5C,1,1,0.9999989529067468,1,0.9998945843187382,1,1.0,1,1.0,1,0.9865011796829872,1,1.0,1
121,Fc1cc(F)cc(c1)c2cc(on2)N(CCCN3CCCCCC3)Cc4ccc5OCOc5c4,1,1,0.9999983067363142,1,0.9997618716074722,1,0.98,1,1.0,1,0.9847002425105926,1,1.0,1
122,COc1cccc(c1)C(=O)Nc2ccc(C)c(c2)N3C=Nc4ccc(cc4C3=O)N5CCN(C)CC5,1,1,0.9909042660860913,1,0.9994923726583768,1,1.0,1,1.0,1,0.9865011796829872,1,1.0,1
123,CN1CCOc2cc(OC(=O)c3ccccc3)cnc12,1,1,0.9999869100161615,1,0.9995118962087369,1,0.98,1,1.0,1,0.9796778390184498,1,1.0,1
124,O=C1C=C(N=C2C=CC=CN12)N3CCOCC3,1,1,0.9999963732554098,1,0.9999586532603915,1,0.99,1,1.0,1,0.9872338630657277,1,1.0,1
125,OCC(CO)Nc1nc(SCc2cccc(F)c2F)nc3nc(NC4CC4)sc13,1,1,0.9440210158958812,1,0.9974963749579091,1,0.99,1,1.0,1,0.9852381075120767,1,1.0,1
126,Nc1nccc(n1)c2ccccc2,1,1,0.9484827038253529,1,0.9701131048483299,1,1.0,1,1.0,1,0.9695756200048613,1,1.0,1
127,CN(C)CC(O)COc1ccc(Nc2nccc(n2)N(CC#C)c3cc(Cl)ccc3Cl)cc1,1,1,0.9999936743312169,1,0.9995677608332693,1,0.98,1,1.0,1,0.9386719031896252,1,1.0,1
128,C[C@H](NC(=O)c1c(NS(=O)(=O)c2ccc(C)cc2)n(nc1C(F)(F)F)c3ccccc3)C(C)(C)C,1,1,0.9845547751805004,1,0.9944888536248853,1,0.99,1,1.0,1,0.9565220029007278,1,1.0,1
129,CCN(CC)CCOc1ccc(cc1)\C(=C(\Cl)/c2ccccc2)\c3ccccc3,1,1,0.93184179714811,1,0.9256148787094225,1,0.99,1,1.0,1,0.9715095480506828,1,1.0,1
130,COc1ccc2N=CC(=O)N(CCN3CC[C@@H](NCc4cc5OCCOc5cn4)[C@H](O)C3)c2c1,1,1,0.9882127625740742,1,0.9960899029177067,1,1.0,1,1.0,1,0.9865011796829872,1,1.0,1
131,Clc1ccc(cc1)C(N2CCNCC2)c3ccccc3,1,1,0.9828751224269531,1,0.9967636640730853,1,1.0,1,1.0,1,0.9711546463532805,1,1.0,1
132,Nc1nc(NCc2ccccc2)nc3c1nc(O)n3Cc4ccccc4,1,1,0.9869919503775066,1,0.9967107101163437,1,1.0,1,1.0,1,0.9721730304099739,1,1.0,1
133,CCCc1c(O)c(ccc1OCCCOc2ccc3C(=O)C=C(Oc3c2CCC)C(=O)O)C(=O)C,1,1,0.9584498012166236,1,0.9908811063684096,1,0.98,1,1.0,1,0.9699019169819167,1,1.0,1
134,CC1(C)CCC(=C(CN2CCN(CC2)c3ccc(cc3)C(=O)NS(=O)(=O)c4ccc(N[C@H](CCN5CCOCC5)CSc6ccccc6)c(c4)S(=O)(=O)C(F)(F)F)C1)c7ccc(Cl)cc7,1,1,0.9999999947381458,1,0.9999997661133432,1,0.97,1,1.0,1,0.977788495952913,1,1.0,1
135,O[C@]1(CN2CCC1CC2)C#Cc3ccc(Oc4ccc(cc4)C(=O)NCc5ccnc6ccccc56)cc3,1,1,0.9949498007998783,1,0.9988793314090558,1,0.99,1,1.0,1,0.9872338630657277,1,1.0,1
136,CS(=O)(=O)c1ccccc1C(=O)NC[C@@H](O)CN2CCC(CC2)Oc3ccc(Cl)c(Cl)c3,1,1,0.9918895979739226,1,0.9998385985500091,1,0.97,1,1.0,1,0.9835650202373418,1,1.0,1
137,Nc1ccc(cc1)S(=O)(=O)N2CCCC2,1,1,0.9338978869782135,1,0.9298987024176275,1,0.99,1,1.0,1,0.9778097270237746,1,1.0,1
138,OCC1=CC2=NNC(=O)N2c3cc(ccc13)c4ccc[nH]4,1,1,0.9362917934225843,1,0.9844323403003439,1,0.99,1,1.0,1,0.9726423993308309,1,1.0,1
139,CN(C)CCCN1c2ccccc2CCc3ccccc13,1,1,0.9740229027716862,1,0.9849616068873295,1,1.0,1,1.0,1,0.9855292425360774,1,1.0,1
140,C[C@H]1COCCN1c2cc(CS(=O)(=O)C)nc(n2)c3ccc4[nH]ccc4c3,1,1,0.923510931312731,1,0.9836877265605009,1,0.96,1,1.0,1,0.9506813916733383,1,1.0,1
141,CCC(N(CCCN)C(=O)c1ccc(C)cc1)C2=Nc3ccsc3C(=O)N2Cc4cscn4,1,1,0.9999925616003009,1,0.9993239000605485,1,0.96,1,1.0,1,0.9521638962174872,1,1.0,1
142,COc1cc2ncnc(Nc3ccccc3)c2cc1OC,1,1,0.976206190642237,1,0.9971704288277097,1,0.99,1,1.0,1,0.9715095480506828,1,1.0,1
143,CCCC(=O)NCc1cncc(c1)c2ccc(F)cc2OC,1,1,0.9964039243892423,1,0.9991177688642472,1,0.99,1,1.0,1,0.9810223354808043,1,1.0,1
144,Cc1ccc(Nc2c(F)cccc2Cl)c(CC(=O)O)c1,1,1,0.9294813044121594,1,0.9841776446666354,1,0.98,1,1.0,1,0.919676275398227,1,1.0,1
145,CC(C)CN1C(=O)N(C)C(=O)c2c1sc(Cc3ccccc3C(F)(F)F)c2C(=O)N4C[C@H](O)CO4,1,1,0.9999939551448555,1,0.999901175526158,1,1.0,1,1.0,1,0.9872338630657277,1,1.0,1
146,CC(C)n1c(C)ncc1c2ccnc(Nc3ccc(cc3)C(=O)NC4CC4)n2,1,1,0.9966325310350036,1,0.9996141304932937,1,1.0,1,1.0,1,0.9865011796829872,1,1.0,1
147,CC1=CN(C2CCCN(Cc3cccc(Oc4ccccc4)c3)C2)C(=O)NC1=O,1,1,0.9424426495123212,1,0.9349915564336312,1,0.95,1,0.6,1,0.9389639910302101,1,1.0,1
148,Cc1cccc(n1)c2nn3CCCc3c2c4ccnc5ccc(cc45)C(=O)N,1,1,0.999995940488592,1,0.9998232355205355,1,0.97,1,1.0,1,0.9855697662967463,1,1.0,1
149,OC(=O)COc1ccc(Cl)cc1CN2CCN(CC2)S(=O)(=O)Cc3ccccc3,1,1,0.9916517821977303,1,0.997734909728805,1,1.0,1,1.0,1,0.9536340390780306,1,1.0,1
150,CC(C)n1c(C)ncc1c2ccnc(Nc3ccc(cc3)N4CCOCC4)n2,1,1,0.9999964806999476,1,0.999872648659602,1,1.0,1,1.0,1,0.9865011796829872,1,1.0,1
151,CC1=CC2=NNC(=O)N2c3cc(ccc13)c4ccc[nH]4,1,1,0.9947384455128713,1,0.9997646982869722,1,1.0,1,1.0,1,0.9726423993308309,1,1.0,1
152,Cc1cc(C)c(C(=O)N[C@@H](Cc2ccc(OCCCNc3ccccn3)cc2)C(=O)O)c(C)c1,1,1,0.6866466820462989,0,0.8636908115078514,1,0.94,1,0.8,1,0.9715095480506828,1,1.0,1
153,OCCn1cc(cn1)c2cnc3nnn(Cc4ccc5ncccc5c4)c3n2,1,1,0.9966680169190012,1,0.9985802095072255,1,0.97,1,1.0,1,0.9810223354808043,1,1.0,1
154,Cc1c(Sc2ccc(Cl)cc2)c3cccc(Cl)c3n1CC(=O)O,1,1,0.9799455034518253,1,0.9931947053342197,1,0.98,1,1.0,1,0.919676275398227,1,1.0,1
155,O=C1N2C=CC=CC2=Nc3ccccc13,1,1,0.9947610392920347,1,0.9982732327689335,1,1.0,1,1.0,1,0.9715095480506828,1,1.0,1
156,COc1cc(ccc1Nc2ncc(Cl)c(n2)c3cnc4cc(CO)ccn34)N5CCN(CC5)C(=O)C,1,1,0.9999826618279349,1,0.9991054420238579,1,1.0,1,1.0,1,0.9865011796829872,1,1.0,1
157,COC(=O)N1CCOc2cc(COc3ccccc3)cnc12,1,1,0.9942387741230859,1,0.9995665072803906,1,0.99,1,1.0,1,0.9796778390184498,1,1.0,1
158,Clc1cc(Cl)c2c3C(=O)NNC(=O)c3[nH]c2c1,1,1,0.9904468197708605,1,0.9903346996232006,1,0.97,1,1.0,1,0.9607169476010862,1,1.0,1
159,CCCCN1Cc2c(O)n3nc(cc3nc2C1=O)c4occc4,1,1,0.995831116691249,1,0.9997723303774094,1,1.0,1,1.0,1,0.9865011796829872,1,1.0,1
160,CNc1cccc(CCOc2ccc(C[C@H](NC(=O)c3ccccc3Cl)C(=O)O)cc2)n1,1,1,0.9510796205659453,1,0.9348914177275909,1,0.91,1,0.8,1,0.9715095480506828,1,1.0,1
161,Fc1ccc(cc1)C(=O)C2CCN(CC2)C(=O)c3ccc(F)cc3,1,1,0.9296778195167921,1,0.9787085551820943,1,1.0,1,1.0,1,0.9865011796829872,1,1.0,1
162,Cc1ccc2c(c(C)n(CC(=O)O)c2c1)c3ccnc4cc(Cl)ccc34,1,1,0.9513717270190948,1,0.982367317245889,1,0.99,1,1.0,1,0.919676275398227,1,1.0,1
163,CS(=O)(=O)c1cccc(Nc2nccc(Nc3c(Cl)ccc4ccoc34)n2)c1,1,1,0.99999952639857,1,0.9999795144779049,1,0.99,1,1.0,1,0.9733466932407527,1,1.0,1
164,Fc1ccc(cc1)c2ncn(C3CCNCC3)c2c4ccncc4,1,1,0.9600931488235481,1,0.9885421890478338,1,0.97,1,1.0,1,0.9865011796829872,1,1.0,1
165,NC1=NN(CC1)c2cccc(c2)C(F)(F)F,1,1,0.9783491734934704,1,0.9955236870564308,1,0.95,1,1.0,1,0.9855697662967463,1,1.0,1
166,Nc1[nH]nc2ccccc12,1,1,0.985847684762816,1,0.9975941123118734,1,1.0,1,1.0,1,0.986368110202963,1,1.0,1
167,CC(=O)Nc1ccc(Nc2ncc3cc(ccc3n2)c4ccncc4)cc1,1,1,0.9972162442512922,1,0.9995436044675916,1,1.0,1,1.0,1,0.9792573921223795,1,1.0,1
168,OC(=O)CCc1ccc(NCc2cccc(Oc3ccccc3)c2)cc1,1,1,0.9682641163995357,1,0.9726146734485045,1,0.99,1,1.0,1,0.9299824140697347,1,1.0,1
169,CC(C)n1c(C)ncc1c2ccnc(Nc3ccc(cc3)S(=O)(=O)CC4CCCO4)n2,1,1,0.9716120318000434,1,0.9936639226850301,1,1.0,1,1.0,1,0.9792314648108444,1,1.0,1
170,CCN(CC)CCOC(=O)C1(CCCCC1)C2CCCCC2,1,1,0.9182181143180589,1,0.9529590605769539,1,0.89,1,0.8,1,0.9052241542646007,1,1.0,1
171,Cc1cc(Oc2ccnc(Nc3cccc(c3)N4CCOCC4)c2)c(nc1C)c5ccccn5,1,1,0.9999976627088027,1,0.9999831348063879,1,0.99,1,1.0,1,0.9872338630657277,1,1.0,1
172,[O-][N+](=O)c1ccc(cc1)C2=Nc3ccccc3C(=O)N2,1,1,0.9910941643885102,1,0.9967544352217037,1,0.98,1,1.0,1,0.9688879624228385,1,1.0,1
173,CC(C)Nc1nc(NCc2ccccc2)c3sccc3n1,1,1,0.9726468578415193,1,0.9943346116749461,1,0.97,1,1.0,1,0.9715423568970168,1,1.0,1
174,Cc1cc(Cl)ccc1OC2CCN(C[C@H](O)CNC(=O)C3=CNC(=O)C=C3C(F)(F)F)CC2,1,1,0.9999876344589692,1,0.9998309888722011,1,0.98,1,1.0,1,0.9865011796829872,1,1.0,1
175,Cn1c2ccccc2c3cc(NC(=O)CCc4ccncc4)ccc13,1,1,0.9635654327326376,1,0.9937153736856076,1,1.0,1,1.0,1,0.982046985408136,1,1.0,1
176,C[C@H](Nc1nc(Nc2ncc(C)s2)cc(n1)N3CCOCC3)c4ncc(F)cn4,1,1,0.999988791466944,1,0.9999620562981206,1,1.0,1,1.0,1,0.9718899760893136,1,1.0,1
177,CC(C)CN1C(=O)N(C)C(=O)c2c(SC(C)C)c(Cc3ccccc3C(F)(F)F)sc12,1,1,0.9999988911029114,1,0.9999034395876798,1,1.0,1,1.0,1,0.982046985408136,1,1.0,1
178,CN1CCN(CC(=O)N2c3ccccc3C(=O)Nc4cccnc24)CC1,0,0,0.9891636116043377,1,0.9990926578204685,1,0.96,1,1.0,1,0.9897325231337998,1,1.0,1
179,OC(=O)c1cccnc1Nc2cccc(c2)C(F)(F)F,1,1,0.9915184016827774,1,0.9968111993075603,1,0.93,1,0.8,1,0.905134967410207,1,1.0,1
180,O=C1NCCc2[nH]c(cc12)c3ccncc3,1,1,0.9707839973390666,1,0.9915500467036021,1,0.97,1,0.8,1,0.9865011796829872,1,1.0,1
181,c1ccc2c(c1)nnn2c3ccncc3,1,1,0.9323793607778486,1,0.9247676721690822,1,1.0,1,1.0,1,0.982046985408136,1,1.0,1
182,CC(C)CN1C(=O)N(C)C(=O)c2c1sc(Cc3c[nH]c4ccccc34)c2C(=O)N5CC[C@@H](O)C5,1,1,0.9901910512838459,1,0.9986961684481436,1,0.93,1,1.0,1,0.9717097805394462,1,1.0,1
183,O=C1COC2(CCN(CC2)S(=O)(=O)c3ccc(cc3)c4ccc5cccnc5c4)CN1C6CC6,1,1,0.9898701835814887,1,0.9969366253018254,1,0.93,1,1.0,1,0.9792314648108444,1,1.0,1
184,CCN1CCN(Cc2ccc(cc2)c3cc4c(N[C@H](C)c5ccccc5)ncnc4[nH]3)CC1,1,1,0.9963088979933242,1,0.9998649874726677,1,0.99,1,1.0,1,0.9800790403396291,1,1.0,1
185,CCN(CC)CCOC(=O)C1(CCCC1)c2ccccc2,1,1,0.9574163883199535,1,0.9701434772537252,1,0.99,1,1.0,1,0.9302631980337188,1,1.0,1
186,C[C@@H](Oc1cccc2ncnc(Nc3ccc(OCc4ccccn4)c(Cl)c3)c12)C(=O)N(C)CCO,1,1,0.9933201436531022,1,0.9993940818957294,1,0.96,1,1.0,1,0.9668398773515279,1,1.0,1
187,Oc1cccc2ccccc12,1,1,0.970256306851807,1,0.9854038176506905,1,1.0,1,0.8,1,0.982046985408136,1,1.0,1
188,CNCCCN1c2ccccc2CCc3ccccc13,1,1,0.9482122091591366,1,0.9796601742614266,1,0.98,1,1.0,1,0.9855292425360774,1,1.0,1
189,OC(=O)[C@H](Cc1ccc(F)cc1)N2CCC(CN3CCC(CC3)Oc4ccc(Cl)c(Cl)c4)CC2,1,1,0.9958753953894416,1,0.9998647348645072,1,1.0,1,1.0,1,0.9785209299080467,1,1.0,1
190,CC(C)n1c2ccccc2c3cc(NC(=O)N4CCOCC4)ccc13,1,1,0.9971260861819791,1,0.9998853364253687,1,1.0,1,1.0,1,0.9872338630657277,1,1.0,1
191,CCCC(=O)Nc1ccc(OCC(O)CNC(C)C)c(c1)C(=O)C,1,1,0.9430302105863803,1,0.9553103921913845,1,0.99,1,1.0,1,0.9810223354808043,1,1.0,1
192,COc1ccc(C)c(c1)N(C)c2ccnc(Nc3cc(cc(c3)N4CCOCC4)N5CCOCC5)n2,1,1,0.9999886998182128,1,0.999828147010505,1,1.0,1,1.0,1,0.9865011796829872,1,1.0,1
193,OC(=O)c1ccc(cc1)N2CCC(CN3CCC(CC3)Oc4ccc(Cl)c(Cl)c4)CC2,1,1,0.991712573852818,1,0.9993645265023375,1,1.0,1,1.0,1,0.9785209299080467,1,1.0,1
194,O[C@@H](CNCCCOCCOCCc1ccccc1)c2ccc(O)c3NC(=O)Sc23,1,1,0.9511744119875728,1,0.9667037893849239,1,0.99,1,1.0,1,0.973946290431224,1,1.0,1
195,CCN1CCN(CC(=O)Nc2ccc(c3cccc4C(=O)C=C(Oc34)N5CCOCC5)c6sc7ccccc7c26)CC1,1,1,0.9999999640549019,1,0.9999985695262045,1,1.0,1,1.0,1,0.9882968803317602,1,1.0,1
196,COC(=O)CCn1cc(c2cc(NC3CC3)n4ncc(C#N)c4n2)c5cc(NC(=O)C)ccc15,1,1,0.9395734441733681,1,0.9584819168401818,1,0.73,1,0.8,1,0.9769036669457344,1,1.0,1
197,COc1ccccc1N2CCN(CCN(C(=O)C3CCCCC3)c4ccccn4)CC2,1,1,0.9273206041973496,1,0.9863956529742199,1,0.95,1,1.0,1,0.9897325231337998,1,1.0,1
198,CCC(C)NC(=O)c1c(C)nn(c1NS(=O)(=O)c2ccc(C)cc2)c3ccccc3,1,1,0.9384379387173409,1,0.9542647821708385,1,0.96,1,1.0,1,0.9565220029007278,1,1.0,1
199,CCC(N(CCCN)C(=O)c1ccc(C)cc1)C2=Nc3ccsc3C(=O)N2Cc4ccc(OC)cc4,1,1,0.9999992553158418,1,0.9998752992150798,1,1.0,1,1.0,1,0.9521638962174872,1,1.0,1
200,NC(=NC#N)c1sc(Nc2ccccc2)nc1N,1,1,0.9920196739820567,1,0.9977252661420317,1,0.98,1,1.0,1,0.9695756200048613,1,1.0,1
201,Cc1ccc(OCC(=O)O)c(c1)n2nc3ccccc3n2,0,0,0.2696202682251332,0,0.21042525960785344,0,0.94,1,0.6,1,0.9237557239713665,1,1.0,1
202,Cc1ncsc1CCOCCCS(=O)(=O)CCNCCc2ccc(O)c3nc(O)sc23,1,1,0.9999998225088164,1,0.9998380973464654,1,0.91,1,1.0,1,0.9756124678302059,1,1.0,1
203,CCCSc1c(cnn1c2ccc(cc2)C(=O)O)C(=O)NC3CCCCC3,1,1,0.9588174594238527,1,0.989435943152148,1,1.0,1,1.0,1,0.9765289189052591,1,1.0,1
204,Cc1nc(cs1)C(=O)N2CCCC3(CCN(Cc4ccccc4)CC3)C2,1,1,0.9999981012758508,1,0.9999800468127175,1,1.0,1,1.0,1,0.981429314990484,1,1.0,1
205,CC(C)N(C(C)C)c1nnc(N)s1,1,1,0.8995105079344115,1,0.9298062041365837,1,0.98,1,1.0,1,0.9464893840532159,1,1.0,1
206,OC(=O)[C@H](Cc1cccc(c1)C#N)N2CCC(CN3CCC(CC3)Oc4ccc(Cl)c(Cl)c4)CC2,1,1,0.9999997019580411,1,0.9999951538852501,1,1.0,1,1.0,1,0.980370116817677,1,1.0,1
207,Cc1ccc2c(c1)c(Sc3ccccc3)c(CC(=O)O)n2C,1,1,0.9793338106649437,1,0.9881634063680972,1,0.93,1,1.0,1,0.9237557239713665,1,1.0,1
208,CC(C)Oc1cc(OCCN2CCN(CC2)C(=O)C)cc3ncnc(Nc4c(F)ccc5OCOc45)c13,1,1,0.9968110221194754,1,0.9999523109561705,1,1.0,1,1.0,1,0.9904248873040837,1,1.0,1
209,C[C@H]1NC(C)(C)CO[C@]1(O)c2cccc(Cl)c2,1,1,0.9999970172209453,1,0.9998633529527519,1,1.0,1,1.0,1,0.9865011796829872,1,1.0,1
210,CCOc1cc(ccc1NC(=O)CN2CCOCC2)c3cccc4C(=O)C=C(Oc34)N5CCOCC5,1,1,0.9999975550641851,1,0.9999826519895293,1,1.0,1,1.0,1,0.9865011796829872,1,1.0,1
211,O=C(Nc1ccccc1)c2ccc(OCCCN3CCCC3)cc2OCc4ccccc4C#N,1,1,0.9999908403778758,1,0.9997808295217104,1,1.0,1,1.0,1,0.9796778390184498,1,1.0,1
212,CC(N)COc1c(C)cccc1C,1,1,0.9318804682518554,1,0.951036186821338,1,1.0,1,1.0,1,0.9797206552301068,1,1.0,1
213,OCCN1CCN(Cc2ccc3c(NC(=O)CC45CC6CC(CC(C6)C4)C5)c(Cl)ccc3n2)CC1,1,1,0.9577104054550712,1,0.995802339195127,1,0.99,1,1.0,1,0.9847283508019861,1,1.0,1
214,CC1=C(Cc2ccccc2)C(=O)n3nc(NCc4ccc(Cl)cc4)nc3N1,1,1,0.9655729695299353,1,0.9962621840127672,1,1.0,1,1.0,1,0.9665879903313505,1,1.0,1
215,Oc1cc(O)cc(\C=C\c2ccc(O)c(O)c2)c1,1,1,0.9804096529425986,1,0.9823479150164499,1,0.99,1,1.0,1,0.9756124678302059,1,1.0,1
216,O=C(N[C@H]1CN2CCC1CC2)c3ccc(s3)c4ccccn4,1,1,0.9800003132083733,1,0.9983066692388656,1,1.0,1,1.0,1,0.9855292425360774,1,1.0,1
217,CNC(=O)c1ccc(CC(=O)N(C)C2CCN(Cc3ccc(cc3)C(F)(F)F)CC2)cc1,1,1,0.9358293237794015,1,0.989771177898358,1,1.0,1,1.0,1,0.9865011796829872,1,1.0,1
218,Fc1cccc(Nc2oc(nn2)C(=O)Nc3ccc(nc3)N4CCOCC4)c1,1,1,0.9999980243023587,1,0.9999929813083666,1,1.0,1,1.0,1,0.9865011796829872,1,1.0,1
219,O=C(CCN1CCCCC1)Nc2ccc(C3=CC=CN4C(=O)C=C(N=C34)N5CCOCC5)c6sc7ccccc7c26,1,1,0.9999999918190959,1,0.9999961202846547,1,0.98,1,1.0,1,0.9557275238997844,1,1.0,1
220,CS(=O)(=O)N1CCOc2cc(COc3ccccc3)cnc12,1,1,0.9911673241767714,1,0.9996565491800864,1,1.0,1,1.0,1,0.9738949013253597,1,1.0,1
221,Fc1cc(cc(F)c1CN2CCOCC2)c3cccc4ncc(nc34)c5cnn(c5)C6CCNCC6,1,1,0.996920237020128,1,0.9999740662146892,1,0.96,1,1.0,1,0.9865011796829872,1,1.0,1
222,CCCSc1nc(N[C@@H]2C[C@H]2c3ccccc3)c4nnn([C@@H]5C[C@H](O)[C@@H](O)[C@H]5O)c4n1,1,1,0.9739130985614155,1,0.9984493511832288,1,0.98,1,1.0,1,0.965496681964472,1,1.0,1
223,Cc1cnc([nH]1)c2ccc(C)c(NC(=O)c3ccc(OCc4ccccn4)cc3)c2,1,1,0.9972060585581014,1,0.9995668368682817,1,1.0,1,1.0,1,0.982046985408136,1,1.0,1
224,CNc1nc2nc(SCc3cccc(F)c3F)nc(N[C@H](C)CO)c2s1,1,1,0.9517767321464432,1,0.9973931713309611,1,1.0,1,1.0,1,0.9792573921223795,1,1.0,1
225,CC(=O)c1ccc2OCC(=O)N(CCN3CCC(CC3)NCc4ccc5OCC(=O)Nc5n4)c2c1,1,1,0.7488962502490316,0,0.7855459221384483,1,0.99,1,1.0,1,0.9865011796829872,1,1.0,1
226,CCCOc1nc(ccc1C(=O)NC2CCCCC2)N3CCC[C@@H](CC(=O)O)C3,1,1,0.992622212667681,1,0.9983731879437535,1,1.0,1,1.0,1,0.9418152829746675,1,1.0,1
227,Brc1cccc2c3CN(CCc3[nH]c12)C(=O)[C@@H]4CCCC[C@H]4C(=O)NC5(CC5)C#N,1,1,0.9999965812909938,1,0.9998534579859574,1,0.98,1,1.0,1,0.9865011796829872,1,1.0,1
228,NC(=O)c1cc(O)cc2nc(oc12)c3ccc(O)cc3,1,1,0.9909595956340611,1,0.9971798479472597,1,0.93,1,1.0,1,0.9346588777828507,1,1.0,1
229,c1ccc2ccccc2c1,1,1,0.9869688888179292,1,0.9948500073657309,1,1.0,1,1.0,1,0.982046985408136,1,1.0,1
230,Cc1nc(C)c(nc1C(=O)N)c2ccc(cc2)[C@@H]3CC[C@@H](Cc4nnn[nH]4)CC3,1,1,0.996864638244183,1,0.9991873478337023,1,0.99,1,1.0,1,0.9897613983569793,1,1.0,1
231,NC(=O)c1c(N)sc2CCCCc12,1,1,0.9830682705165252,1,0.9959046253104508,1,0.96,1,1.0,1,0.9450932605619095,1,1.0,1
232,CC(C)C(NC(=O)CN1C(=O)C(=CC=C1c2ccccc2)NC(=O)Cc3cccc(c3)C(=O)O)C(=O)C(F)(F)F,1,1,0.9967112333047916,1,0.9996385113923741,1,1.0,1,1.0,1,0.973946290431224,1,1.0,1
233,Cc1ccnc(NS(=O)(=O)c2ccc(N)cc2)n1,0,0,0.9826767218321546,1,0.9872295707547288,1,0.95,1,0.6,1,0.9689143923807021,1,1.0,1
234,CN1C(=O)C(=Cc2cnc(NC3CCOCC3)nc12)Oc4ccc(F)cc4F,1,1,0.9948346554044669,1,0.9997727371559336,1,0.99,1,1.0,1,0.9865011796829872,1,1.0,1
235,C[C@@](O)(C(=O)Nc1ccc(cc1Cl)C(=O)N2CCCCC2)C(F)(F)F,1,1,0.999998682421237,1,0.9999427204219404,1,1.0,1,1.0,1,0.9865011796829872,1,1.0,1
236,Nc1ncnc2c1ncn2[C@@H]3O[C@H](CSCCCNC(=O)Nc4ccc(Cl)cc4)[C@@H](O)[C@H]3O,1,1,0.9813450601365856,1,0.9909046250288828,1,0.98,1,1.0,1,0.962618036776379,1,1.0,1
237,C[C@H](CO)Nc1nc(SCc2ccccc2)nc3NC(=O)Nc13,1,1,0.9846094889535827,1,0.9977435987199605,1,0.99,1,1.0,1,0.970520404181689,1,1.0,1
238,COc1cc2ncnc(Nc3cccc(Cl)c3F)c2cc1OC4CCN(CC(=O)N)CC4,1,1,0.9937146311429033,1,0.9991159255113606,1,0.96,1,1.0,1,0.9855697662967463,1,1.0,1
239,Cc1ccc(cc1)C(=O)C2CCN(CC2)C(=O)c3ccc(C)cc3,1,1,0.9545776817199757,1,0.984613762217485,1,1.0,1,1.0,1,0.9865011796829872,1,1.0,1
240,Cc1onc(c1)[C@H](O)[C@](C)(OCc2ccc(cc2)c3ccccc3)C(=O)NO,1,1,0.9999982309777871,1,0.9997977887762856,1,0.96,1,1.0,1,0.9043450458496177,1,1.0,1
241,N[C@H](CNC(=O)c1cc2c(cccc2[nH]1)c3ccccc3Cc4ccccc4)C(=O)O,1,1,0.9605968892286456,1,0.9528945794584489,1,0.79,1,0.2,0,0.9111462797894105,1,1.0,1
242,CN1CCN(CC1)c2ccc3N=CN(C(=O)c3c2)c4cc(NC(=O)c5cocc5)ccc4C,1,1,0.9941325737917512,1,0.9990167572778889,1,1.0,1,1.0,1,0.9865011796829872,1,1.0,1
243,COc1cc(Nc2nc(N[C@@H](C)c3ncc(F)cn3)ncc2Br)n[nH]1,1,1,0.9999960447186321,1,0.9994240338738363,1,0.99,1,1.0,1,0.9719220528308439,1,1.0,1
244,NC(=O)C1=CN(Cc2ccc(Cl)cc2Cl)C(=O)C=C1,1,1,0.994177148612135,1,0.9991001321875088,1,1.0,1,1.0,1,0.9730684416005733,1,1.0,1
245,CCOc1ccc(cc1)c2cnc3CCCn23,1,1,0.9970688159495084,1,0.9995168651683198,1,1.0,1,1.0,1,0.9865011796829872,1,1.0,1
246,CN(c1ccnc(Nc2cc(cc(c2)N3CCOCC3)N4CCOCC4)n1)c5cc(CO)ccc5C,1,1,0.9999894370253625,1,0.9995596844649314,1,1.0,1,1.0,1,0.9865011796829872,1,1.0,1
247,CC(C)C(NC(=O)CN1C(=O)C(=CN=C1C(C)C)NC(=O)OCc2ccccc2)C(=O)C(F)(F)F,1,1,0.9999998743083025,1,0.9999832789209123,1,1.0,1,1.0,1,0.9721730304099739,1,1.0,1
248,O[C@@H](CNCCc1ccccc1CNCCc2ccccc2F)c3ccc(O)c4NC(=O)Sc34,1,1,0.9707342007920663,1,0.9904915747450955,1,1.0,1,1.0,1,0.982046985408136,1,1.0,1
249,CN([C@@H]1CCN(Cc2ccc(cc2)C(F)(F)F)C[C@@H]1F)C(=O)Cc3ccc(cc3)n4cnnn4,1,1,0.9730536057534063,1,0.9966914426553685,1,1.0,1,1.0,1,0.9820323839141699,1,1.0,1
250,CN(C)c1cccc2c(cccc12)S(=O)(=O)Nc3cnccn3,1,1,0.9430196196504322,1,0.974691550389342,1,0.92,1,0.8,1,0.9756124678302059,1,1.0,1
251,C[C@@H]1CN(CCN1c2ncc(OCc3ccc(cn3)S(=O)(=O)C)cn2)C(=O)OC(C)(C)C,1,1,0.8973757596909757,1,0.9899724313638386,1,0.94,1,1.0,1,0.9792314648108444,1,1.0,1
252,CCN(CC)C(=O)c1ccc(cc1)C(=C2CCNCC2)c3ccccc3OC,1,1,0.9951780713300911,1,0.9992197725427173,1,0.95,1,1.0,1,0.9872338630657277,1,1.0,1
253,CCCSc1nc(Oc2ccc(CC(=O)O)cc2)ccc1C(=O)NC3CCCCC3,1,1,0.9935548891455718,1,0.999140350081162,1,0.94,1,1.0,1,0.9418152829746675,1,1.0,1
254,Cc1c(Cl)ccc(OC2CCN(C[C@H](O)CNC(=O)c3c[nH]nc3C(F)(F)F)CC2)c1Cl,1,1,0.9999996100568536,1,0.9999610669790829,1,1.0,1,1.0,1,0.9865011796829872,1,1.0,1
255,CC(C)c1c(cnn1c2ccc(cc2)C(=O)O)C(=O)NC3C4CC5CC(CC3C5)C4,1,1,0.9598422854910124,1,0.9806983435142066,1,1.0,1,1.0,1,0.9785209299080467,1,1.0,1
256,CCc1c(cnn1c2ccc(cc2)C(=O)O)C(=O)NC3C4CC5CC(CC3C5)C4,1,1,0.9562348057693006,1,0.9748268501058388,1,1.0,1,1.0,1,0.9785209299080467,1,1.0,1
257,CC1=CC2=NNC(=O)N2c3cc(ccc13)c4occc4,1,1,0.9935740979461479,1,0.9997140628428839,1,1.0,1,1.0,1,0.9726423993308309,1,1.0,1
258,CN(C)CCC[C@]1(OCc2cc(ccc12)C#N)c3ccc(F)cc3,1,1,0.9914187829897187,1,0.9981499087529675,1,1.0,1,1.0,1,0.9865011796829872,1,1.0,1
259,CCCN(CCC)S(=O)(=O)c1ccc(cc1)C(=O)O,1,1,0.6630033782942868,0,0.2659585079744749,0,0.97,1,0.8,1,0.9541086180497871,1,1.0,1
260,Cc1ccc(CN2[C@@H]3CC[C@H]2C[C@H](C3)Oc4cccc(c4)C(=O)N)s1,1,1,0.9882062596504813,1,0.9991214363578209,1,1.0,1,1.0,1,0.9855697662967463,1,1.0,1
261,Cc1c(c2ccc(O)cc2)n(C)c3ccc(O)cc13,1,1,0.9921391534217372,1,0.9974861685306254,1,0.99,1,1.0,1,0.9810223354808043,1,1.0,1
262,FC(F)(F)c1cc(NC(=O)c2cnc(Cl)nc2C(F)(F)F)cc(c1)C(F)(F)F,1,1,0.9999994403170007,1,0.9999426322726829,1,0.97,1,1.0,1,0.9532569699935163,1,1.0,1
263,CCCSc1nc(N[C@@H]2C[C@H]2c3ccccc3)c4nnn([C@@H]5C[C@@H]([C@@H](O)[C@H]5O)C(=O)N)c4n1,1,1,0.9906871602563467,1,0.9995634967268591,1,1.0,1,1.0,1,0.9631700744398034,1,1.0,1
264,CCN1C(=O)C=Cc2cc(COc3cc(F)cc(c3)C4(CCOCC4)OC)ccc12,1,1,0.9999977100218962,1,0.9999700574984641,1,0.985,1,1.0,1,0.9825733537815685,1,1.0,1
265,CCN(C1CCN(CCC(c2ccccc2)c3ccc(cc3)C#N)CC1)C(=O)Cc4ccc(cc4)S(=O)(=O)C,1,1,0.9964149202987076,1,0.999419019737212,1,0.99,1,1.0,1,0.9599937422033923,1,1.0,1
266,COc1ccc(CN2C(=O)NC3=C(C=C(N(CC(=O)NC(C(C)C)C(=O)C(F)(F)F)C3=O)c4ccccc4)C2=O)cc1,1,1,0.9567384830609489,1,0.991821532840557,1,1.0,1,1.0,1,0.973946290431224,1,1.0,1
267,Oc1cc(nc2ccccc12)c3ccccc3,1,1,0.9514688940097766,1,0.9650242402082068,1,0.95,1,0.8,1,0.9715095480506828,1,1.0,1
268,NC1=NC2(CCN(CC2)C(=O)c3ccc(cc3)C#N)Nc4cccc(F)c14,1,1,0.9879062487758754,1,0.9991638478079392,1,0.98,1,1.0,1,0.9829836963780424,1,1.0,1
269,CC[C@H](NC(=O)c1c(c(nc2ccccc12)c3ccccc3)S(=O)(=O)C)c4ccccc4,1,1,0.9744558524118152,1,0.9906097205129671,1,0.99,1,1.0,1,0.9634888427045879,1,1.0,1
270,COc1cc2c(Nc3ncc(CC(=O)Nc4cccc(F)c4)s3)ncnc2cc1OCCCN5CCC(CO)CC5,1,1,0.9858678621941821,1,0.9997768621383762,1,0.99,1,1.0,1,0.9865011796829872,1,1.0,1
271,CC1=CN([C@H]2CCCN(C2)S(=O)(=O)c3ccc(C(=O)N)c(Oc4cccc(Cl)c4)c3)C(=O)NC1=O,1,1,0.9304333724366157,1,0.9381766903185965,1,0.87,1,0.8,1,0.9778097270237746,1,1.0,1
272,CC(C)Oc1cc(Nc2nc(N[C@@H](C)c3ccc(F)cn3)nc(OC(CO)CO)c2Cl)n[nH]1,1,1,0.9887110081694928,1,0.9988142420192611,1,0.98,1,1.0,1,0.98651681468357,1,1.0,1
273,Cc1ccc(CN2[C@@H]3CC[C@H]2C[C@@H](C3)Oc4cccc(c4)C(=O)N)s1,1,1,0.9882062596504813,1,0.9991214363578209,1,1.0,1,1.0,1,0.9855697662967463,1,1.0,1
274,CC1=CN([C@H]2CCCN(C2)[C@H](CC3CCOCC3)c4ccc(C(=O)O)c(Oc5cccc(Cl)c5)c4)C(=O)NC1=O,1,1,0.995085607504232,1,0.9992657840248149,1,0.98,1,1.0,1,0.9309811020593336,1,1.0,1
275,Fc1ccc(NC(=S)N2CCC(CC2)C(=O)c3ccc(F)cc3)cc1,1,1,0.9232883919649136,1,0.9666674717731614,1,0.99,1,1.0,1,0.9865011796829872,1,1.0,1
276,CC1=C(N2[C@H](SC1)[C@H](NC(=O)[C@H](N)c3ccc(O)cc3)C2=O)C(=O)O,0,0,0.9928328763123132,1,0.9990592024634721,1,0.99,1,0.8,1,0.9770516913999281,1,1.0,1
277,CC1=CN([C@H]2CCCN(C2)S(=O)(=O)c3ccc(O)c(Oc4cc(F)cc(Cl)c4)c3)C(=O)NC1=O,1,1,0.9902719602426714,1,0.9899668663294993,1,0.97,1,1.0,1,0.9792314648108444,1,1.0,1
278,CCC(N(CCCN)C(=O)c1ccc(C)cc1)C2=Nc3ccsc3C(=O)N2Cc4ccccc4,1,1,0.999999828692939,1,0.9999689894360634,1,1.0,1,1.0,1,0.9350401464141274,1,1.0,1
279,COCCS(=O)(=O)c1ccc(Nc2nccc(n2)c3cnc(C)n3C(C)C)cc1,1,1,0.9959348972120734,1,0.9984779130658428,1,1.0,1,1.0,1,0.9708890894567098,1,1.0,1
280,CCOc1cc2nnc(C(=O)N)c(Nc3cccc(Cl)c3F)c2cc1N4CCN(C)CC4,1,1,0.9940622830891971,1,0.9995037980422817,1,0.99,1,1.0,1,0.9753968445243174,1,1.0,1
281,CN[C@@H](C)C(=O)N[C@H](C(=O)N[C@H]1CCCN(CCc2ccc(Br)cc2)C1)C(C)(C)C,1,1,0.9999975178480868,1,0.9996528855477717,1,1.0,1,1.0,1,0.9865011796829872,1,1.0,1
282,Fc1ccc(cc1)C(=O)N2CCC[C@@H](C2)c3onc(n3)c4ccc(F)cc4,1,1,0.9866748136258091,1,0.9959956895974518,1,0.95,1,1.0,1,0.9865011796829872,1,1.0,1
283,CCn1c(C)ncc1c2ccnc(Nc3ccc(cc3)C(=O)NC)n2,1,1,0.9579704393466654,1,0.97371292788179,1,0.99,1,1.0,1,0.9755398284043438,1,1.0,1
284,COc1cc2ncnc(Nc3cc(NC(=O)c4ccnc(c4)N5CCOCC5)ccc3C)c2cc1OCCN6CCCCC6,1,1,0.9999990971144292,1,0.99998285191475,1,1.0,1,1.0,1,0.9865011796829872,1,1.0,1
285,Cc1cnc(NC(=O)Cc2ccccc2)s1,1,1,0.9778249563211252,1,0.9982347373897654,1,1.0,1,1.0,1,0.973946290431224,1,1.0,1
286,Fc1ccc(cc1)c2cn3ccccc3n2,1,1,0.9947643554222105,1,0.9993055354206736,1,0.99,1,1.0,1,0.9785998456976509,1,1.0,1
287,Cc1nnc(NS(=O)(=O)c2ccc(N)cc2)s1,0,0,0.9598098044656461,1,0.9808978134346668,1,0.95,1,1.0,1,0.9689143923807021,1,1.0,1
288,NC1(CCN(CC1)c2ncnc3[nH]ccc23)C(=O)N[C@@H](CCN4CCCCC4)c5ccc(Cl)cc5,1,1,0.9999978184855459,1,0.9998779755981873,1,1.0,1,1.0,1,0.9855697662967463,1,1.0,1
289,CN1CCN(CC1)C(=O)c2ccc(cc2)C(=C3CCN(Cc4cscn4)CC3)c5cccc6cccnc56,1,1,0.9821426123614014,1,0.9989649507760368,1,1.0,1,1.0,1,0.9865011796829872,1,1.0,1
290,Cn1cc(cc1c2c3C(=O)N(CC#CCn4cncn4)C(=O)N(CC5CC5)c3nn2Cc6ccnc7ccc(Cl)cc67)C#N,1,1,0.999996032133029,1,0.9999411339783107,1,0.98,1,1.0,1,0.9865011796829872,1,1.0,1
291,COc1cc(F)ccc1c2cc(CNC3CCCC3)ccn2,1,1,0.9934615854339458,1,0.998488325143882,1,1.0,1,1.0,1,0.9865011796829872,1,1.0,1
292,COc1ccccc1CNCCc2cccc(CCNC[C@H](O)c3ccc(O)c4NC(=O)Sc34)c2,1,1,0.9969174037848725,1,0.9991214023519469,1,1.0,1,1.0,1,0.9835976938675768,1,1.0,1
293,CCOC(=O)CN(c1ccccc1C)S(=O)(=O)c2ccc(Cl)cc2,1,1,0.9727430413685016,1,0.9932603577787092,1,0.96,1,1.0,1,0.9705731698359955,1,1.0,1
294,CC(=O)Nc1ccc2ccn(c3cc(NC4COC4)n5ncc(C#N)c5n3)c2c1,1,1,0.982284637528518,1,0.9950461988241304,1,1.0,1,1.0,1,0.9865011796829872,1,1.0,1
295,COc1cc2ncnc(Nc3cccc(Cl)c3F)c2cc1OC4CCN(C)CC4,1,1,0.9968966038127539,1,0.9997695828949208,1,1.0,1,1.0,1,0.9865011796829872,1,1.0,1
296,CCCC1=CC(=O)NC(=S)N1,1,1,0.8465092214312081,1,0.8962788964150397,1,0.97,1,0.8,1,0.9607169476010862,1,1.0,1
297,CNC(=O)c1cc(c2nc(cc(n2)C3(CC3)S(=O)(=O)C)N4CCOCC4)c5cc[nH]c5c1,1,1,0.9944339021616327,1,0.9984737524247698,1,0.97,1,1.0,1,0.9775955295762196,1,1.0,1
298,N[C@@H](Cc1cccs1)C(=O)N[C@@]2(C[C@@H]2c3ccccc3)C#N,1,1,0.992494023874285,1,0.9941705883449988,1,0.97,1,1.0,1,0.9782859807824033,1,1.0,1
299,C=CCN(C1CCN(CCC(c2ccccc2)c3ccccc3)CC1)C(=O)Nc4ccccc4,1,1,0.9938258517766185,1,0.9984369947984074,1,0.99,1,1.0,1,0.9393951926149927,1,1.0,1
300,CC(=O)N1CCN(CC(O)COc2ccc(Br)cc2)CC1,1,1,0.999990396160764,1,0.9994326611058192,1,1.0,1,1.0,1,0.9904248873040837,1,1.0,1
301,CCN(C1CCN(CCC(c2ccccc2)c3ccc(NS(=O)(=O)C)cc3)CC1)C(=O)Cc4ccc(cc4)S(=O)(=O)C,1,1,0.9864620242842315,1,0.9967321091323877,1,1.0,1,1.0,1,0.9688494861020682,1,1.0,1
302,COc1cc(OC)c(cc1NC(=O)CSCC(=O)O)S(=O)(=O)N2C(C)CCc3ccccc23,0,0,0.8974632198435246,1,0.5961557753862841,1,0.67,1,0.6,1,0.7206939244891784,1,1.0,1
303,CNC(=O)c1cccc(O[C@H]2C[C@H]3CC[C@@H](C2)N3Cc4ccccc4)c1,1,1,0.929362218080083,1,0.9852371824092094,1,0.98,1,1.0,1,0.981429314990484,1,1.0,1
304,Clc1ccc(cc1Cl)[C@@H]2CNCC=CC2,1,1,0.9752305182707002,1,0.9949261556270702,1,1.0,1,1.0,1,0.9591802289387045,1,1.0,1
305,CC(C)C(NC(=O)CN1C(=O)C(=CC=C1c2ccccc2)NS(=O)(=O)c3cccc(NC(=O)C)c3)C(=O)C(F)(F)F,1,1,0.9936415778040308,1,0.9994931306695477,1,1.0,1,1.0,1,0.9601427137162967,1,1.0,1
306,CC(=O)c1ccc(nc1)N2CCN(CC2)S(=O)(=O)C[C@]34CC[C@H](CC3=O)C4(C)C,1,1,0.9803574770353849,1,0.9929011716478353,1,0.96,1,0.8,1,0.9826254777408384,1,1.0,1
307,Clc1cccc(C(=O)N2CCN(CC2)c3ccccn3)c1Cl,1,1,0.9944648650231935,1,0.9995070795897827,1,0.97,1,0.8,1,0.9817525844321566,1,1.0,1
308,Cc1ccc(cc1NC(=O)c2ccc(OCc3ccccn3)cc2)c4nc5ccccc5[nH]4,1,1,0.9911961159561191,1,0.9986635497677295,1,1.0,1,1.0,1,0.982046985408136,1,1.0,1
309,O[C@H](CNC(=O)c1c[nH]c2ccccc12)CN3CCC(CC3)Oc4ccc(Cl)c(Cl)c4,1,1,0.9909218680926882,1,0.99957165064109,1,0.97,1,1.0,1,0.9872338630657277,1,1.0,1
310,Cc1cc(CN2Cc3ccccc3C2C(=O)Nc4ccc(Cl)cc4Cl)ccc1OCC(=O)O,1,1,0.9955497424187568,1,0.9993601194143538,1,1.0,1,1.0,1,0.944837785422426,1,1.0,1
311,Oc1ccc(cc1)C2=Cc3ccc(O)cc3OC2=O,1,1,0.984015424802978,1,0.9968432880800654,1,1.0,1,1.0,1,0.9810223354808043,1,1.0,1
312,CC(NC(=O)c1cc(O)nc2ccccc12)c3ccccc3,1,1,0.9886612689347429,1,0.9981522750756701,1,0.92,1,0.8,1,0.9715095480506828,1,1.0,1
313,Cc1c(Oc2ccc(Cl)cc2)c3cc(ccc3n1CC(=O)O)C(F)(F)F,1,1,0.9923182736429008,1,0.9935834305590715,1,0.96,1,0.8,1,0.919676275398227,1,1.0,1
314,CC(=O)N1CCN(CCOc2ccc(cc2)C3CCN(CC3)c4ccc5nnc(n5n4)C(F)(F)F)CC1,1,1,0.9999962472810213,1,0.9998242182536798,1,0.96,1,1.0,1,0.9904248873040837,1,1.0,1
315,COc1ccccc1C(NC(=O)[C@@H]2CCCC[C@H]2C(=O)N3CCN(Cc4ccc(F)cc4)CC3)C#N,1,1,0.9999989036345563,1,0.9999893626072708,1,0.99,1,1.0,1,0.9909465557980647,1,1.0,1
316,CC(C)C(NC(=O)CN1C(=O)C(=CN=C1c2cccs2)N)C(=O)C(F)(F)F,1,1,0.9908942712767458,1,0.9991847654793006,1,1.0,1,1.0,1,0.9797206552301068,1,1.0,1
317,OC(CN1CCCCC1)(C(=O)c2ccccc2)c3ccccc3,1,1,0.996207403558079,1,0.9985715908438764,1,1.0,1,1.0,1,0.9796778390184498,1,1.0,1
318,Nc1n[nH]c(Nc2ccccc2)n1,1,1,0.9960698376703985,1,0.9985696566476187,1,0.99,1,1.0,1,0.9783109218312637,1,1.0,1
319,C\N=C(/S)\n1nc(nc1N)c2ccc(Cl)cc2,1,1,0.9999851248406811,1,0.9984472474060003,1,0.92,1,1.0,1,0.9797206552301068,1,1.0,1
320,CS(=O)(=O)N1CCN(Cc2cc3nc(nc(N4CCOCC4)c3s2)c5cccc6[nH]ncc56)CC1,1,1,0.9999833699265706,1,0.9999671538239272,1,0.95,1,1.0,1,0.9876616472375653,1,1.0,1
321,CC(C)(C)C(=O)N[C@H]1CCCCNC1=O,1,1,0.9723982217585033,1,0.9910645886528099,1,0.96,1,1.0,1,0.9438214223219399,1,1.0,1
322,O.O.O.CC(=O)O[C@@]12CO[C@@H]1C[C@H](O)[C@]3(C)[C@@H]2[C@H](OC(=O)c4ccccc4)[C@]5(O)C[C@H](OC(=O)[C@H](O)[C@@H](NC(=O)OC(C)(C)C)c6ccccc6)C(=C([C@@H](O)C3=O)C5(C)C)C,1,1,0.9999999331150167,1,0.9999948308150621,1,0.94,1,0.8,1,0.9782859807824033,1,1.0,1
323,CCN1CCCC1CNC(=O)c2cc(ccc2OC)S(=O)(=O)N,0,0,0.5903176680011454,0,0.2822052072451017,0,0.32,0,0.6,1,0.9714261534634223,1,1.0,1
324,CNC1=Nc2ncccc2C(=NC1c3cccs3)c4ccccc4,1,1,0.974751541847462,1,0.9844419378165717,1,1.0,1,1.0,1,0.9715095480506828,1,1.0,1
325,COc1ccc(cc1)n2cnc3cc(NS(=O)(=O)c4ccccc4)ccc23,1,1,0.8867184898437063,1,0.9201946135175573,1,0.95,1,1.0,1,0.9601427137162967,1,1.0,1
326,NC(=O)c1cccnc1Oc2ccccc2,1,1,0.8946503907792923,1,0.8260946642807921,1,0.98,1,1.0,1,0.9695756200048613,1,1.0,1
327,Cc1c(Cl)c(Cl)ccc1OC2CCN(CC3CCN(CC3)[C@@](C)(Cc4ccc(F)cc4)C(=O)O)CC2,1,1,0.993837021905569,1,0.9997459221257271,1,1.0,1,1.0,1,0.9785209299080467,1,1.0,1
328,CNCC[C@@H](Oc1cc(OC)ccc1C#N)c2ccccc2,1,1,0.979181001481315,1,0.9927934405609453,1,0.98,1,1.0,1,0.9715095480506828,1,1.0,1
329,Cc1ccc2nc(CCNCCCO)ccc2c1NC(=O)CC34CC5CC(CC(C5)C3)C4,1,1,0.9780270596061493,1,0.9968246774150047,1,1.0,1,1.0,1,0.9785209299080467,1,1.0,1
330,COc1cc2ncc(C(=O)N)c(Nc3ccc(F)c(Cl)c3)c2cc1OC,1,1,0.9999987387727868,1,0.9999548982936668,1,1.0,1,1.0,1,0.9797206552301068,1,1.0,1
331,O=C(Nc1nc(cs1)c2ccccc2)c3cccnc3,1,1,0.9476316372243405,1,0.9912356292884209,1,0.99,1,1.0,1,0.9430833735568743,1,1.0,1
332,Cc1ccc(cc1)c2nnc(N3CCN(CC3)C(=O)c4occc4)c5ccccc25,1,1,0.9947654771709233,1,0.9999152609256241,1,1.0,1,1.0,1,0.9763003468591613,1,1.0,1
333,COc1cc2ncnc(Nc3cccc(Cl)c3F)c2cc1CN4CCC[C@H]4CC(=O)N,1,1,0.9832384995552996,1,0.9980526924398899,1,0.99,1,1.0,1,0.986820274943052,1,1.0,1
334,CN[C@@H](C)C(=O)N[C@H]1CN(CC[C@H]2CC[C@H](N2C1=O)C(=O)NC(c3ccccc3)c4ccccc4)C(=O)CC(C)C,1,1,0.9836844589965278,1,0.9959265076770197,1,0.95,1,0.8,1,0.9796778390184498,1,1.0,1
335,CO[C@@H]1CC[C@@]2(CC1)Cc3ccc(cc3C24N=C(C)C(=N4)N)c5cc(Cl)cc(c5)C#N,1,1,0.9999999921530055,1,0.9999982491496205,1,0.97,1,1.0,1,0.979388906776104,1,1.0,1
336,CCc1c(C)nc2sc(C(=O)N)c(N)c2c1C,1,1,0.940553819688125,1,0.9616770584779372,1,0.95,1,1.0,1,0.9580820289796887,1,1.0,1
337,CCCc1c(cnn1c2ccccc2)C(=O)Nc3cc(C)on3,1,1,0.9880086369061373,1,0.9981811605733971,1,0.96,1,1.0,1,0.9715095480506828,1,1.0,1
338,COc1ccc(cc1F)c2cc(nn2c3ccc(cc3)S(=O)(=O)N)C(F)F,1,1,0.9860792238988616,1,0.9890013349435731,1,0.97,1,1.0,1,0.9689143923807021,1,1.0,1
339,CC(C)(C)c1cc(O)n2nc(N)nc2n1,1,1,0.9839517290755757,1,0.9903858910525886,1,0.97,1,1.0,1,0.9542639048909799,1,1.0,1
340,Oc1ccc(cc1)c2oc3ccc(O)cc3n2,1,1,0.9837497112428036,1,0.9983555841559225,1,0.97,1,1.0,1,0.9386719031896252,1,1.0,1
341,O=S(=O)(NCCNc1ncccn1)c2cccc3cnccc23,1,1,0.9423671606542943,1,0.9677022408883584,1,0.98,1,1.0,1,0.9756124678302059,1,1.0,1
342,O=C(CN1CCN(CC1)c2ccccc2)Nc3c(cnn3c4ccccc4)C#N,1,1,0.9999979872788032,1,0.9998778912196857,1,1.0,1,1.0,1,0.9855558501520214,1,1.0,1
343,NS(=O)(=O)c1cc2c(NC(NS2(=O)=O)C(Cl)Cl)cc1Cl,1,1,0.9743857105676706,1,0.9657338362007948,1,0.96,1,1.0,1,0.9464893840532159,1,1.0,1
344,OC(=O)COc1ccc(cc1c2ccccc2)C#N,0,0,0.9294255922312231,1,0.8688835181263184,1,0.93,1,0.8,1,0.805049752143776,1,1.0,1
345,OC(=O)c1ccc(NC(=O)c2cc(OCc3ccccc3)cc(OCc4ccccc4)c2)nc1,1,1,0.9972439477058301,1,0.9991667551998614,1,1.0,1,1.0,1,0.973946290431224,1,1.0,1
346,CN(C)c1nc(N[C@@H]2CC[C@@H](CC2)NC(=O)c3ccc(F)c(F)c3)nc4ccccc14,1,1,0.9458065125038673,1,0.9931833918923538,1,0.96,1,0.6,1,0.977790686798127,1,1.0,1
347,CN(C)C(=O)CN1C(=O)C(Cc2ccccc12)NC(=O)c3cc4cc(Cl)sc4[nH]3,1,1,0.9974226318046814,1,0.9998665758071458,1,1.0,1,1.0,1,0.9855292425360774,1,1.0,1
348,CCc1c(C(=O)C(=O)N)c2c(OCC(=O)N)cccc2n1Cc3ccccc3,1,1,0.9999874826031501,1,0.9957927322096755,1,0.9,1,1.0,1,0.9668134485998623,1,1.0,1
349,OC(=O)c1cn(Cc2ccccc2)c3ccccc13,1,1,0.9593294608780115,1,0.9587469542669046,1,0.93,1,0.8,1,0.8922163295494823,1,1.0,1
350,COc1cnc(nc1NC(C)C)c2ccccn2,1,1,0.9909330141226607,1,0.9977350161994957,1,1.0,1,1.0,1,0.982046985408136,1,1.0,1
351,CCOC(=O)\C=C\[C@H](C[C@@H]1CCNC1=O)NC(=O)[C@H](CC#C)N2C=CC=C(NC(=O)c3cc(C)on3)C2=O,1,1,0.9657786022577057,1,0.9951816203958586,1,0.84,1,0.8,1,0.9408232134716502,1,1.0,1
352,COc1cc(CNc2nc3ccccc3[nH]2)cc(OC)c1OC,1,1,0.9760104302121039,1,0.991007846234393,1,0.99,1,1.0,1,0.982046985408136,1,1.0,1
353,C(=C\c1c(nc2sccn12)c3ccccc3)/c4ccncn4,1,1,0.9906478985967001,1,0.9981466673230435,1,1.0,1,1.0,1,0.920775922941512,1,1.0,1
354,CCN(C1CCN(CCC(c2ccccc2)c3ccccc3)CC1)C(=O)Cc4ccc(cc4)S(=O)(=O)N,1,1,0.9935323743654519,1,0.9987486835546728,1,0.98,1,1.0,1,0.9667411748902203,1,1.0,1
355,C[C@H](NC1=NC(=O)[C@](C)(S1)C(F)(F)F)c2ccccc2F,1,1,0.988555927567119,1,0.9976447965945358,1,0.99,1,1.0,1,0.9418476115323764,1,1.0,1
356,COc1cc(c(OC)nn1)c2c(F)ccc3c(N)c(nnc23)C(=O)NC4CC4,1,1,0.8782925930283795,1,0.9754146956021201,1,0.96,1,1.0,1,0.9695511898297291,1,1.0,1
357,CC1N(C(=O)c2ccccc2)c3ccccc3NC1=O,1,1,0.8060161711742956,0,0.9199640482521638,1,0.98,1,1.0,1,0.9677738486576106,1,1.0,1
358,CO[C@@H](C(=O)N1Cc2n[nH]c(NC(=O)c3ccc(cc3)N4CCN(C)CC4)c2C1)c5ccccc5,1,1,0.9920393062369115,1,0.9995615673010865,1,0.98,1,1.0,1,0.9855558501520214,1,1.0,1
359,Fc1cc(cc(F)c1C2=CCN(CC2)C=O)N3C[C@H](COc4ccon4)OC3=O,1,1,0.9902522685885659,1,0.9991921900116156,1,0.99,1,1.0,1,0.9872338630657277,1,1.0,1
360,CC1=CC2=NNC(=O)N2c3cc(ccc13)c4cn[nH]c4,1,1,0.9907567766000619,1,0.9996844927402083,1,1.0,1,1.0,1,0.9726423993308309,1,1.0,1
361,COCCN(C)Cc1ccc(Nc2ncc3cc(ccc3n2)c4ccncc4)cc1,1,1,0.9959003656825214,1,0.999508399391255,1,1.0,1,1.0,1,0.9792573921223795,1,1.0,1
362,Cc1ccc(NC(=O)c2ccnc(c2)N3CCOCC3)cc1Nc4ccnc(Cl)n4,1,1,0.9999999815998573,1,0.999998027177279,1,0.99,1,1.0,1,0.9865011796829872,1,1.0,1
363,CN(C)CCCN(C)S(=O)(=O)c1ccc(Nc2nccc(n2)c3cnc4ccccn34)cc1,1,1,0.9999990725333533,1,0.9996537823218082,1,0.98,1,1.0,1,0.9620688349489503,1,1.0,1
364,O[C@H](CNC(=O)C1=CNC(=O)C=C1C(F)(F)F)CN2CCC(CC2)Oc3ccc(Cl)c(Cl)c3,1,1,0.9999892919572866,1,0.9998211147733733,1,0.98,1,1.0,1,0.9865011796829872,1,1.0,1
365,NC1(CCC1)c2ccc(cc2)c3c(ccn4ccnc34)c5ccccc5,1,1,0.9999950053669666,1,0.9995094505292783,1,0.99,1,1.0,1,0.9782859807824033,1,1.0,1
366,Nc1nnc(c(N)n1)c2cccc(Cl)c2Cl,1,1,0.9894428796401612,1,0.9972460107391329,1,0.99,1,1.0,1,0.9797206552301068,1,1.0,1
367,CC(C(Cc1nc2ccccc2[nH]1)c3nc4ccccc4[nH]3)c5ccccc5,1,1,0.6256420451678564,0,0.5010915254884586,1,0.96,1,1.0,1,0.8087819257086333,1,1.0,1
368,COc1cccc(COCC(O)CN2CCC(CC2)C(=O)N)c1,0,0,0.9198096097997677,1,0.9802575223833543,1,0.94,1,1.0,1,0.986820274943052,1,1.0,1
369,Cc1ccc2c(c1)c(c(C)n2CC(=O)O)c3ccnc4cc(Cl)ccc34,1,1,0.9690114543335604,1,0.9900609761859513,1,0.99,1,1.0,1,0.919676275398227,1,1.0,1
370,N[C@@H]1CCCN(C1)c2c(\C=C\3/SC(=O)NC3=O)cccc2c4ccncc4,1,1,0.9999825038958079,1,0.9991697681149593,1,0.98,1,1.0,1,0.986820274943052,1,1.0,1
371,OC(=O)CNCCNc1ccc(Cl)c(c1)C(=O)NCC23CC4CC(CC(C4)C2)C3,1,1,0.9665140119024299,1,0.9904671960086371,1,0.99,1,1.0,1,0.9418152829746675,1,1.0,1
372,OC(=O)C1=CN(C2CC2)c3cc(N4CCN(CC4)C(=O)CC[N+](=O)[O-])c(F)cc3C1=O,1,1,0.4628265790543948,0,0.07358346362350654,0,0.4,0,0.2,0,0.44334525930664087,0,1.0,1
373,NC(=N)c1cc2c(\C=C\c3ccc4OCOc4c3)cccc2s1,1,1,0.9668183621911673,1,0.9914335429623182,1,0.96,1,1.0,1,0.9836466250973576,1,1.0,1
374,CC(C)n1c(C)ncc1c2ccnc(Nc3ccc(cc3)C(=O)N4CCN(C)CC4)n2,1,1,0.9999913076815771,1,0.9997508774940851,1,1.0,1,1.0,1,0.9865011796829872,1,1.0,1
375,CCCSc1c(cnn1c2cccc(c2)C(=O)O)C(=O)NC3CCCCC3,1,1,0.9926603195186734,1,0.9994800979590982,1,0.98,1,1.0,1,0.9765289189052591,1,1.0,1
376,CN1C[C@@H](c2ccccc2)c3cccc(N)c3C1,1,1,0.9318818259613858,1,0.9638384541777569,1,0.99,1,1.0,1,0.975416330713674,1,1.0,1
377,O=C(NC1(CC1)C#N)[C@@H]2CCCC[C@H]2C(=O)N3CCN(CC3)c4nccs4,1,1,0.9934614089557902,1,0.998972432186685,1,0.99,1,1.0,1,0.9718899760893136,1,1.0,1
378,CC1(C)N=C(N)N=C(N)N1c2ccc(Oc3ccc(Cl)cc3)c(Cl)c2,1,1,0.7272482224866378,0,0.77902801000498,1,0.66,1,0.6,1,0.9797206552301068,1,1.0,1
379,O=C(Nc1ccc(nc1)N2CCOCC2)c3oc(Nc4ccccc4)nn3,1,1,0.9968182750026864,1,0.9999296645412545,1,1.0,1,1.0,1,0.9796778390184498,1,1.0,1
380,O=C(Cc1ccccc1)Nc2nccs2,1,1,0.9746934954187657,1,0.9922679413331076,1,0.99,1,1.0,1,0.973946290431224,1,1.0,1
381,CC(=O)Nc1nnc(s1)S(=O)(=O)N,0,0,0.9355787447929381,1,0.9310068632456848,1,0.96,1,1.0,1,0.9115119658868089,1,1.0,1
382,O[C@@H](CNCCCCCCCCCN1CCC(CC1)OC(=O)Nc2ccccc2c3ccccc3)c4ccc(O)c5NC(=O)C=Cc45,1,1,0.999999548529765,1,0.9999488050790556,1,0.98,1,1.0,1,0.9796778390184498,1,1.0,1
383,OC(=O)c1cc2ccccc2n1Cc3ccccc3,1,1,0.9946271060269195,1,0.9970654212126246,1,1.0,1,0.8,1,0.9665879903313505,1,1.0,1
384,Cc1ccc(NC(=O)c2cccc(c2)C(F)(F)F)cc1NC(=O)c3ccc4ncccc4c3,1,1,0.999999655824762,1,0.9999642020322735,1,0.99,1,1.0,1,0.9852317299884752,1,1.0,1
385,O=C1N2CCOC2=Nc3ccccc13,1,1,0.97805296420719,1,0.9950770901295474,1,0.94,1,0.8,1,0.9796778390184498,1,1.0,1
386,CCCCSc1nc(N)c2ncn(Cc3c(F)ccc(C)c3F)c2n1,1,1,0.9999915095596584,1,0.9998670758570811,1,0.93,1,0.8,1,0.9730684416005733,1,1.0,1
387,Clc1ccc(NC(=O)N2CCN(C[C@@H]3CCCN(CC4CC4)C3)CC2)cc1Cl,1,1,0.9999989510052203,1,0.999975915963459,1,1.0,1,1.0,1,0.9904248873040837,1,1.0,1
388,Cc1cc(C)nc(N)c1,1,1,0.9668891180856868,1,0.9693585154417503,1,0.99,1,1.0,1,0.9580820289796887,1,1.0,1
389,Nc1cc(nc2ccc(Nc3cc(nc(N)n3)c4ccc(cc4)C(F)(F)F)cc12)c5ccc(F)cc5,1,1,0.999982645351458,1,0.999526397273564,1,0.94,1,0.8,1,0.9678624730352313,1,1.0,1
390,COc1cc(F)ccc1c2cncc(CNC3CCCCC3)c2,1,1,0.9939536084073619,1,0.9984872805460632,1,1.0,1,1.0,1,0.9865011796829872,1,1.0,1
391,Nc1nccc(n1)c2cccs2,1,1,0.9522601670422386,1,0.9724614782255755,1,0.99,1,1.0,1,0.9797206552301068,1,1.0,1
392,CC(CN1c2ccccc2Sc3ccccc13)N(C)C,1,1,0.948333222150394,1,0.9897645810444903,1,0.97,1,1.0,1,0.9796640446051146,1,1.0,1
393,COc1ccccc1CNC(=O)NS(=O)(=O)c2ccc(Cl)cc2,1,1,0.9803385966085194,1,0.990961403228218,1,0.98,1,1.0,1,0.972445490589296,1,1.0,1
394,C(Oc1cccc2ccccc12)C3=NCCN3,1,1,0.9942722979217887,1,0.9993173466206099,1,0.95,1,1.0,1,0.9872338630657277,1,1.0,1
395,ON=Cc1oc(cc1)[N+](=O)[O-],1,1,0.9347930416542904,1,0.9151083934780755,1,0.95,1,0.8,1,0.9544808637855254,1,1.0,1
396,CC(N)Cc1c[nH]c2ccc(OCc3cccs3)cc12,1,1,0.9883840692935255,1,0.9829446824939583,1,0.91,1,0.4,0,0.9554723215482258,1,1.0,1
397,CC1=CN([C@H]2CCCN(C2)[C@H](CC3CCCCC3)c4ccc(C(=O)O)c(Oc5cccc(Cl)c5)c4)C(=O)NC1=O,1,1,0.9965822305969507,1,0.999289836960947,1,0.99,1,1.0,1,0.9309811020593336,1,1.0,1
398,Cc1ccc(cc1NC(=O)c2ccc(OCc3ccccn3)cc2)c4cn(C)cn4,1,1,0.9949216874312127,1,0.9992510713782423,1,0.99,1,1.0,1,0.982046985408136,1,1.0,1
399,O[C@@H](CNCCc1cccc(CNCc2ccccc2Cl)c1)c3ccc(O)c4NC(=O)Sc34,1,1,0.9999983977269128,1,0.9997949193898008,1,1.0,1,1.0,1,0.9835976938675768,1,1.0,1
400,C[C@H]1O[C@H]([C@H](O)[C@@H]1O)n2cnc3c(N)nc(OCC4CC(F)(F)C4(F)F)nc23,1,1,0.9845217576108112,1,0.993897160352125,1,0.99,1,1.0,1,0.9451246332335305,1,1.0,1
401,Cc1sc(N)nc1c2ccccc2,1,1,0.9507282096950944,1,0.9953202764216988,1,0.99,1,1.0,1,0.9695756200048613,1,1.0,1
402,Clc1c(NCC2CCNCC2)nccc1C(=O)NCC34CC5CC(CC(C5)C3)C4,1,1,0.9926006955808679,1,0.9985852281469132,1,0.98,1,1.0,1,0.9865011796829872,1,1.0,1
403,CN1N=Nc2c(ncn2C1=O)C(=O)N,0,0,0.7610236242514391,0,0.6295318237298124,1,0.97,1,1.0,1,0.9580820289796887,1,1.0,1
404,Cc1ccc(\C=C(/C#N)\C(=O)N)cc1,1,1,0.9776483521975329,1,0.9672279486913482,1,0.94,1,1.0,1,0.9797206552301068,1,1.0,1
405,O=S1NC(=NO1)Cc2ccc3ccccc3c2,1,1,0.9999847078795722,1,0.9997425702153068,1,1.0,1,1.0,1,0.982046985408136,1,1.0,1
406,CCOC(=O)\C=C\[C@H](C[C@@H]1CCNC1=O)NC(=O)[C@@H](CC(=O)[C@@H](NC(=O)c2cc(C)on2)C(C)C)Cc3ccc(F)cc3,1,1,0.9766444084876891,1,0.999044117724842,1,0.96,1,0.6,1,0.9827446498006652,1,1.0,1
407,C[C@@](O)(C(=O)Nc1ccc(cc1Cl)S(=O)(=O)NCC=C)C(F)(F)F,1,1,0.999991735262661,1,0.9994758717406514,1,0.97,1,1.0,1,0.9708890894567098,1,1.0,1
408,Oc1ccc(CCNCCN(C2CCCCC2)C(=O)CCNCCc3ccc(Cl)c(Cl)c3)c4OCC(=O)Nc14,1,1,0.9999997347209019,1,0.999995675314203,1,0.98,1,1.0,1,0.9904248873040837,1,1.0,1
409,Oc1oc(c2ccccc2)c(n1)c3ccccc3,1,1,0.9930904113172985,1,0.9979371113684677,1,0.99,1,1.0,1,0.9715095480506828,1,1.0,1
410,CCNCc1cnc(s1)c2ccc(cc2)C(=O)Nc3ccccc3N,1,1,0.9999980682784823,1,0.9998923859964856,1,1.0,1,1.0,1,0.9808142115388807,1,1.0,1
411,O=S(=O)(C1CCNCC1)C2(CC2)c3cc(nc(n3)c4cccc5[nH]ccc45)N6CCOCC6,1,1,0.999992139366006,1,0.9997809863347407,1,1.0,1,1.0,1,0.9775955295762196,1,1.0,1
412,COc1ccc(cc1)c2nc3c(NCCCNC(=O)C4CC4)c(Br)cnc3[nH]2,1,1,0.9999999071511032,1,0.9999914526735246,1,1.0,1,1.0,1,0.9904248873040837,1,1.0,1
413,Fc1cccc(COc2ccc(Nc3ncnc4ccc(cc34)c5cccc(c5)N6CCOCC6)cc2Cl)c1,1,1,0.9999999914531592,1,0.9999993581895843,1,1.0,1,1.0,1,0.9876719826683307,1,1.0,1
414,COc1ccc(CNCc2ccc(cc2)c3cc(C(=O)N)c(NC(=O)N)s3)cc1,1,1,0.99999905964326,1,0.9996329996063265,1,0.98,1,1.0,1,0.9797206552301068,1,1.0,1
415,Cc1ccc2c(c1)c(Sc3ccc(Cl)cc3)c(C)n2CC(=O)O,1,1,0.9939777170740832,1,0.995530797738789,1,1.0,1,1.0,1,0.919676275398227,1,1.0,1
416,CN1C[C@H](c2ccccc2)c3cccc(N)c3C1,1,1,0.9318818259613858,1,0.9638384541777569,1,0.99,1,1.0,1,0.975416330713674,1,1.0,1
417,CC(C)(C)OC(=O)N1CCN(CC1)c2ccc(OCc3ccc(cc3)S(=O)(=O)C)cn2,1,1,0.9755902078691635,1,0.9975872225536636,1,1.0,1,1.0,1,0.9792314648108444,1,1.0,1
418,CCCNCC(O)COc1ccccc1C(=O)CCc2ccccc2,1,1,0.9999879679425617,1,0.9991879569215412,1,1.0,1,1.0,1,0.973946290431224,1,1.0,1
419,OC(=O)c1ccc2cccc(O)c2n1,1,1,0.8557487022743192,1,0.8184693380096432,1,0.97,1,0.8,1,0.9699019169819167,1,1.0,1
420,CC(C)C(NC(=O)CN1C(=O)C(=CC=C1c2ccccc2)NC(=O)OCc3cc(C)nc(C)c3)C(=O)C(F)(F)F,1,1,0.9999998280014712,1,0.9999896245187093,1,1.0,1,1.0,1,0.9695756200048613,1,1.0,1
421,CCOc1ccc(NC(=O)CCc2c(C)nc3nc(C)nn3c2C)cc1,1,1,0.9947647223130073,1,0.9993002861995,1,1.0,1,1.0,1,0.9810223354808043,1,1.0,1
422,Oc1cccc2nc(cc(O)c12)c3ccccc3,1,1,0.911780948360801,1,0.8946383178205066,1,0.96,1,0.8,1,0.9715095480506828,1,1.0,1
423,CC(N)(COP(=O)(O)O)C(=O)O,1,1,0.373458982027304,0,0.1290221491466257,0,0.94,1,1.0,1,0.8081198248230311,1,1.0,1
424,FC(F)(F)c1ccc(NC(=O)N2CCN(C[C@@H]3CCCN(C3)C4CC4)CC2)cc1Cl,1,1,0.9999965010924428,1,0.9998994361753387,1,1.0,1,1.0,1,0.9891416673866023,1,1.0,1
425,Fc1cc(Oc2ccc(cc2c3ccnnc3)C(F)(F)F)c(Cl)cc1S(=O)(=O)Nc4nncs4,1,1,0.9999995192826725,1,0.9999915553402271,1,0.97,1,1.0,1,0.9826254777408384,1,1.0,1
426,C[C@H](Nc1nc(Nc2ncc(C#N)s2)cc(n1)N3CCOCC3)c4ncc(F)cn4,1,1,0.9999948774680847,1,0.99993782282273,1,0.99,1,1.0,1,0.9692892423213799,1,1.0,1
427,CN(C)CCN(Cc1ccccc1)c2ccccn2,1,1,0.9308997393156468,1,0.9639553140175217,1,0.99,1,1.0,1,0.973946290431224,1,1.0,1
428,O=C(Nc1ccc(nc1)N2CCOCC2)c3oc(Nc4cccc(OCc5ccccn5)c4)nn3,1,1,0.9999993432060525,1,0.9999968324758132,1,1.0,1,1.0,1,0.9872338630657277,1,1.0,1
429,CN1CCOc2nc(ccc12)C#Cc3ccccc3,1,1,0.9909059061839909,1,0.9932475166195264,1,0.96,1,1.0,1,0.9796778390184498,1,1.0,1
430,CCS(=O)(=O)c1ccc(c(C)c1)c2cc(ccc2OCC(=O)N)C(F)(F)F,1,1,0.9099311240432886,1,0.8475361880275815,1,0.55,1,0.6,1,0.8255962776935758,1,1.0,1
431,Cc1c(Sc2ccc(Cl)cc2)c3cc(Cl)ccc3n1CC(=O)O,1,1,0.9955225279466564,1,0.9971329028487838,1,1.0,1,1.0,1,0.919676275398227,1,1.0,1
432,Clc1ccc2C(=O)C3=C(Nc2c1)C(=O)NN(Cc4ccccn4)C3=O,1,1,0.9999950138649268,1,0.9999023783997879,1,1.0,1,1.0,1,0.982046985408136,1,1.0,1
433,C[C@H](N)C(=O)N[C@@H](CCc1ccccc1)\C=C\S(=O)(=O)c2ccccc2,1,1,0.7498821914707334,0,0.8726033076760676,1,0.91,1,1.0,1,0.8724953113137878,1,1.0,1
434,Clc1ccc(cc1)c2c[nH]nn2,1,1,0.987418499949092,1,0.997643772530731,1,0.99,1,1.0,1,0.9347781012050055,1,1.0,1
435,COc1ccc2nccc([C@H](O)[C@H]3C[C@@H]4CCN3C[C@@H]4C=C)c2c1,1,1,0.9843341263536851,1,0.9987133642617826,1,1.0,1,1.0,1,0.9865011796829872,1,1.0,1
436,CN[C@@H](C)C(=O)N[C@@H](C1CCCCC1)C(=O)N[C@H]2CCCCN(Cc3ccccc3)C2,1,1,0.9966937293654959,1,0.9997298305151388,1,1.0,1,1.0,1,0.981429314990484,1,1.0,1
437,Cc1ccc(OC(=O)N2CCN3CCC2CC3)cc1,1,1,0.8337879163124305,1,0.9180064563918348,1,0.98,1,1.0,1,0.9865011796829872,1,1.0,1
438,CC(C)(C)OC(=O)N[C@@H](Cc1ccccc1)C(=O)O,0,0,0.9601340867709995,1,0.9914486726113038,1,0.97,1,1.0,1,0.973946290431224,1,1.0,1
439,Clc1cnc(OC2CCNCC2)cc1C(=O)NCC34CC5CC(CC(C5)C3)C4,1,1,0.9959704688431994,1,0.9991477628345383,1,0.98,1,1.0,1,0.9718899760893136,1,1.0,1
440,CCCN(C)c1nc(ccc1C(=O)NC2CCCCC2)N3CCC[C@@H](CC(=O)O)C3,1,1,0.9912896109301809,1,0.9955959972081808,1,0.96,1,1.0,1,0.9418152829746675,1,1.0,1
441,CS(=O)(=O)c1cccc(Nc2nccc(n2)N(CC#N)c3c(Cl)ccc4OCOc34)c1,1,1,0.9970724432020351,1,0.9999343864882532,1,0.97,1,1.0,1,0.9385984267543608,1,1.0,1
442,OC(c1ccccc1)c2ccc3C(=O)C=C(Nc3c2)c4cccnc4,1,1,0.9961413952987703,1,0.9941325482369984,1,0.95,1,1.0,1,0.9299126373304335,1,1.0,1
443,CCC(CC)NC(=O)c1cnn(C)c1NS(=O)(=O)c2ccc(C)cc2,1,1,0.9327443321295551,1,0.9721353096317263,1,0.98,1,1.0,1,0.9708890894567098,1,1.0,1
444,CC1CC(CN)CC(CO)C1,0,0,0.5215443931871154,0,0.16189869319278766,0,0.82,1,0.6,1,0.7354700634718087,1,1.0,1
445,Fc1cc(C(=O)Nc2cccc(c2)c3nnn[nH]3)c4nc[nH]c4c1,1,1,0.9973514169461482,1,0.9996505996489502,1,0.96,1,1.0,1,0.9629581012794514,1,1.0,1
446,O=C1NC=Nc2[nH]ncc12,0,0,0.9797087613595469,1,0.9851706198559377,1,0.97,1,0.8,1,0.9248061274568969,1,1.0,1
447,CCN1CCC[C@H]1CNC(=O)c2c(O)c(Cl)cc(Cl)c2OC,1,1,0.6016691045325551,0,0.6342617459267522,1,0.94,1,0.8,1,0.9393349328247563,1,1.0,1
448,Clc1cc(Cl)cc(CS(=O)(=O)NCC(N2CCCCCC2)c3ccccc3)c1,1,1,0.9999982935170592,1,0.9997409848447958,1,1.0,1,1.0,1,0.9738949013253597,1,1.0,1
449,CCOC(=O)Nc1cccc(c1)[C@H](N2CCN(Cc3nc[nH]c3C)CC2)c4ccc(cc4)C(=O)N(C)CC,1,1,0.9916273522111126,1,0.999386804002068,1,0.98,1,1.0,1,0.9717092596664363,1,1.0,1
450,C[C@@H](Oc1cc(cnc1N)c2cnn(c2)C3CCNCC3)c4c(Cl)ccc(F)c4Cl,1,1,0.9999891771210279,1,0.999931786689855,1,0.95,1,1.0,1,0.9855697662967463,1,1.0,1
451,Cc1ccccc1CN2CCC(CC2)N3CCC(CC3)N4C(=O)Nc5ccccc45,1,1,0.9531374929848145,1,0.9907470720381014,1,0.99,1,1.0,1,0.9872338630657277,1,1.0,1
452,CCC1(C(=O)NC(=O)NC1=O)c2ccccc2,1,1,0.990855794045991,1,0.9978786662766376,1,1.0,1,1.0,1,0.9448989816523338,1,1.0,1
453,CC(=O)NCc1ccc(CN2CCN(CC2)c3ccc(F)cc3F)cc1,1,1,0.9968936707292554,1,0.9998250382490258,1,0.99,1,0.8,1,0.9904248873040837,1,1.0,1
454,CCC(CC)NC(=O)c1cnn(c1NS(=O)(=O)c2ccc(C)cc2)c3ccccn3,1,1,0.9939046855204258,1,0.9981507288394477,1,0.99,1,0.8,1,0.972445490589296,1,1.0,1
455,CC(C)C[C@H](NC(=O)N1CCOCC1)C(=O)N[C@@H](CCc2ccccc2)\C=C\S(=O)(=O)c3ccccc3,1,1,0.9141664188802862,1,0.9935253514801939,1,0.91,1,1.0,1,0.9119035306110321,1,1.0,1
456,NC1=NC(=O)N(C=C1)[C@@H]2O[C@H](CO)[C@@H](O)C2(F)F,0,0,0.9504257712727047,1,0.9434599853963941,1,0.84,1,1.0,1,0.9797206552301068,1,1.0,1
457,COc1cc(ccc1Nc2ncc(Cl)c(n2)c3cnc4ccccn34)N5CCN(CCO)CC5,1,1,0.9999992903247733,1,0.9999150242432789,1,1.0,1,1.0,1,0.9909465557980647,1,1.0,1
458,COc1ccc(N(C(C(=O)NC2CCCC2)c3ccccc3F)C(=O)C)c(OC)c1,1,1,0.9999983261109193,1,0.999961452813927,1,1.0,1,1.0,1,0.9872338630657277,1,1.0,1
459,COc1cc(cc(OC)c1OC)C(=O)c2cc(Cl)ccc2N,1,1,0.9511986939524083,1,0.9709603643075353,1,1.0,1,1.0,1,0.9797206552301068,1,1.0,1
460,NCC(O)(c1ccc(Cl)cc1)c2ccc(Cl)cc2,1,1,0.9808477191942774,1,0.9878283591563347,1,1.0,1,1.0,1,0.9336124584911122,1,1.0,1
461,Clc1ccccc1CNC(=O)c2ccccc2Oc3ccccc3,1,1,0.9866275811167629,1,0.9919394980762012,1,0.97,1,1.0,1,0.9715095480506828,1,1.0,1
462,CN(C)CCOC(c1ccccc1)c2ccccc2C,1,1,0.9951081125492183,1,0.9976329945624065,1,1.0,1,1.0,1,0.9715095480506828,1,1.0,1
463,C[C@H](Nc1nc(Nc2cc(C)[nH]n2)cnc1C#N)c3ccc(F)cn3,1,1,0.9999933462225452,1,0.9997509456848359,1,1.0,1,1.0,1,0.9629581012794514,1,1.0,1
464,COc1ccc2cc(CCC(=O)C)ccc2c1,1,1,0.9772125021994286,1,0.9916599372181352,1,1.0,1,1.0,1,0.9810223354808043,1,1.0,1
465,NC1(CCC1)c2ccc(cc2)c3nc4ccccc4cc3c5ccccc5,1,1,0.9955460893871554,1,0.9993106525063956,1,1.0,1,1.0,1,0.9782859807824033,1,1.0,1
466,Oc1ncc(NCc2ccccc2)c(O)n1,1,1,0.9896711312324653,1,0.9905919831928061,1,0.99,1,1.0,1,0.973946290431224,1,1.0,1
467,CCCN(CCC)CCc1cccc2NC(=O)Cc12,1,1,0.9770785095210398,1,0.9965657388116104,1,0.98,1,1.0,1,0.9865011796829872,1,1.0,1
468,CNC(=O)c1ccc(Oc2ccc3CCN(CCc3c2)C4CCC4)nc1,1,1,0.7814267473364314,0,0.7379064472958476,1,0.97,1,1.0,1,0.9826254777408384,1,1.0,1
469,Fc1ccc(cc1C#N)S(=O)(=O)NCC(N2CCCCCC2)c3ccccc3,1,1,0.9999981898650876,1,0.9997489315413693,1,1.0,1,1.0,1,0.9688494861020682,1,1.0,1
470,CN1C(=O)N(CC2CC2)c3nn(Cc4ccnc5ccc(Cl)cc45)c(c6cc(oc6C)S(=O)(=O)C)c3C1=O,1,1,0.9957731994122956,1,0.9999278705708009,1,1.0,1,1.0,1,0.9826254777408384,1,1.0,1
471,CCCCC1=NC2(CCCC2)C(=O)N1Cc3ccc(cc3)c4ccccc4c5nn[nH]n5,1,1,0.9999995511152446,1,0.999996640690975,1,0.98,1,1.0,1,0.9872338630657277,1,1.0,1
472,C1NCC(CC=C1)c2ccc3ccccc3c2,1,1,0.9918580346677329,1,0.9984265998796048,1,1.0,1,1.0,1,0.9613377101632313,1,1.0,1
473,COc1cc2nc(Nc3ccc(cc3)[C@@H](C)NC(=O)C)ncc2cc1c4ccncc4,1,1,0.9999820850427159,1,0.9998663636452705,1,1.0,1,1.0,1,0.9792573921223795,1,1.0,1
474,OC(=O)c1[nH]c2ccccc2c1CC(=O)Nc3cccc(c3)C(F)(F)F,1,1,0.9952147186962844,1,0.9989583106134099,1,0.96,1,1.0,1,0.9715095480506828,1,1.0,1
475,CC(O)C(C)OC(=O)[C@@H]1CC2C(Cc3cn(C(C)C)c4cccc2c34)N(C)C1,1,1,0.978802849890852,1,0.991155698267804,1,0.95,1,0.6,1,0.9529675751500145,1,1.0,1
476,NC(=O)Nc1sc(cc1C(=O)N)c2ccc(CNC3CCCC3)cc2,1,1,0.9968267964559199,1,0.9980242529566192,1,0.99,1,1.0,1,0.9855697662967463,1,1.0,1
477,COc1ccc(N(C(C(=O)NC[C@@H](C)O)c2ccccc2F)C(=O)c3occc3Cl)c(OC)c1,1,1,0.9999874152248751,1,0.9999255654492701,1,1.0,1,1.0,1,0.982046985408136,1,1.0,1
478,OC(c1ccccc1)c2cccnc2,1,1,0.9469327360653965,1,0.9665304551448922,1,0.99,1,0.8,1,0.9715095480506828,1,1.0,1
479,FC(F)c1nc2ccccc2[nH]1,1,1,0.9302450547545834,1,0.9676359931730764,1,0.94,1,1.0,1,0.9462025875812565,1,1.0,1
480,O=C(NCc1ccncc1)c2ccc(Oc3ccccc3C#N)cc2,1,1,0.9752291618309331,1,0.9877638728229582,1,0.95,1,0.8,1,0.982046985408136,1,1.0,1
481,CNC(=O)c1c(F)cccc1Nc2nc(Nc3cc4N(CCc4cc3OC)C(=O)CN(C)C)nc5[nH]ccc25,1,1,0.8417583165045779,1,0.8525327658648624,1,0.96,1,1.0,1,0.9847002425105926,1,1.0,1
482,CC[C@H]1N(C2CCCC2)c3nc(Nc4ccc(cc4OC)C(=O)NC5CCN(C)CC5)ncc3N(C)C1=O,1,1,0.9835370880941463,1,0.9941583586866398,1,0.96,1,1.0,1,0.9865011796829872,1,1.0,1
483,CC(=O)Nc1ccc2ccn(c3cc(NC4CC4)n5ncc(C#N)c5n3)c2c1,1,1,0.9857317546741047,1,0.9957642199512982,1,1.0,1,1.0,1,0.9865011796829872,1,1.0,1
484,Cc1onc(n1)c2ccc(OCC3CN(C3)c4ccc(C)nn4)cc2,1,1,0.9999999695417309,1,0.9999601602618992,1,0.99,1,1.0,1,0.9865011796829872,1,1.0,1
485,CNc1cccc(CCOc2ccc(C[C@H](NC(=O)c3c(C)cc(C)cc3C)C(=O)O)cc2)n1,1,1,0.7287250228122686,0,0.5510597913392893,1,0.89,1,0.8,1,0.9699019169819167,1,1.0,1
486,COCCC(C)n1nc(C)c(C(=O)N[C@@H](C)C(C)(C)C)c1NS(=O)(=O)c2ccc(C)cc2,1,1,0.982202107614314,1,0.9911863577145337,1,1.0,1,1.0,1,0.96259079341731,1,1.0,1
487,O=C(Nc1cccc2cccnc12)c3ccc(cc3)N4C(=O)[C@@H]5[C@H]6C[C@H](C=C6)[C@@H]5C4=O,1,1,0.9610260449515005,1,0.9836354578014074,1,0.97,1,1.0,1,0.983855425997498,1,1.0,1
488,CC1=CN([C@H]2CCCN(C2)S(=O)(=O)c3ccc(C(=O)O)c(Oc4cccc(Cl)c4)c3)C(=O)NC1=O,0,0,0.6476592125618926,0,0.4743336580541399,0,0.69,1,0.8,1,0.8969351664402947,1,1.0,1
489,NC(=N)c1ccc(cc1)C(=O)N2CCN(CC2)S(=O)(=O)c3ccc4cc(Br)ccc4c3,1,1,0.9149490509371707,1,0.9105607749312025,1,0.96,1,1.0,1,0.9748787531244771,1,1.0,1
490,COc1cc(ccc1Cn2ncc3ccc(NC(=O)OC4CCCC4)cc23)C(=O)NS(=O)(=O)c5ccccc5,1,1,0.9933086823602548,1,0.9982445621306825,1,0.98,1,1.0,1,0.9714742183964648,1,1.0,1
491,COc1ccc2nc(C)cc(c2c1)n3cc(CNC(=O)C)nn3,1,1,0.9866147864125189,1,0.9771111966515901,1,0.98,1,1.0,1,0.9714866251134944,1,1.0,1
492,FC1(F)Oc2ccc(\C=C\3/SC(=O)NC3=O)cc2O1,1,1,0.9999848383250417,1,0.9992662053886779,1,1.0,1,0.8,1,0.9865011796829872,1,1.0,1
493,CCOc1ccccc1c2ccc(cc2)c3nc4ccncc4c(O)c3C#N,1,1,0.9999877080684599,1,0.9997884101470584,1,0.99,1,1.0,1,0.920775922941512,1,1.0,1
494,COc1ccc2CC3C4C=CC(O)C5Oc1c2C45CCN3C,1,1,0.9609828417455472,1,0.9617929156391036,1,0.99,1,1.0,1,0.9855697662967463,1,1.0,1
495,N[C@@H](Cc1cccs1)C(=O)N[C@]2(C[C@H]2c3ccccc3)C#N,1,1,0.992494023874285,1,0.9941705883449988,1,0.97,1,1.0,1,0.9782859807824033,1,1.0,1
496,COc1cc2ncc(C(=O)N)c(Nc3ccc(F)cc3F)c2cc1NCCN4CCCCC4,1,1,0.9999994479380481,1,0.9999596502217958,1,1.0,1,1.0,1,0.9855697662967463,1,1.0,1
497,C[C@H](CO)Nc1nc(SCc2cccc(F)c2F)nc3ncc(C)nc13,1,1,0.9904119779405035,1,0.9996984806375057,1,1.0,1,1.0,1,0.9865011796829872,1,1.0,1
498,Cc1ccc(cc1)n2c(C)cc(C(=O)NS(=O)(=O)c3ccc(C)cc3)c2C,1,1,0.9864268202112672,1,0.9655529267877563,1,1.0,1,0.8,1,0.9708890894567098,1,1.0,1
499,COc1ccc(c(C)n1)c2cccc3c(N)c4C(=O)N(Cc4nc23)C5CCC5,1,1,0.9898738058581179,1,0.9981725841874463,1,0.99,1,1.0,1,0.9855697662967463,1,1.0,1
500,CC(C)(NC(=O)c1sccc1Oc2ccc(F)cc2[N+](=O)[O-])C#C,1,1,0.8812739180055431,1,0.882429331184551,1,0.98,1,0.8,1,0.9647933836402639,1,1.0,1
501,CN1CCNc2nc(CCOc3ccc(C[C@H](NC(=O)c4c(Cl)cccc4Cl)C(=O)O)cc3)ccc12,1,1,0.8816841844653881,1,0.6575614908844615,1,0.85,1,0.6,1,0.9266371644427256,1,1.0,1
502,Cc1cc2cc(C)c3nnc(SCC(=O)N4CCN(CC4)C(=O)c5occc5)n3c2cc1C,1,1,0.9973707025124396,1,0.9999017728151364,1,0.99,1,1.0,1,0.9829287562955492,1,1.0,1
503,OCCNS(=O)(=O)c1ccc2C(=CNC(=O)c2c1)C(=O)NC[C@@H](O)CN3CCC(CC3)Oc4ccc(Cl)c(Cl)c4,1,1,0.9681235364463922,1,0.9901097011793213,1,0.99,1,1.0,1,0.9792314648108444,1,1.0,1
504,Cc1cccc(n1)c2nc3cc(Cl)ccc3[nH]2,1,1,0.9879789422146834,1,0.9983941904449594,1,0.99,1,1.0,1,0.9810223354808043,1,1.0,1
505,CCN(C)C(=O)c1ccc(cc1)C(=C2CCN(Cc3ccc(F)cc3)CC2)c4ccccc4NC(=O)C,1,1,0.999999461777052,1,0.9999668425932957,1,1.0,1,1.0,1,0.9872338630657277,1,1.0,1
506,CN1CCN(CC1)c2ccc3N=CN(C(=O)c3c2)c4cc(NC(=O)C5CC5)ccc4C,1,1,0.9863561281291853,1,0.9967731297860254,1,1.0,1,1.0,1,0.9865011796829872,1,1.0,1
507,CC(C)C(NC(=O)CN1C(=O)C(=CC=C1c2ccccc2)N)C(=O)C(F)(F)F,1,1,0.9719406481000818,1,0.9924648430842781,1,0.99,1,1.0,1,0.9695756200048613,1,1.0,1
508,CNC(=O)Nc1nc2ccc(cn2n1)c3cncc(c3)S(=O)(=O)NC(C)(C)C,1,1,0.9832793222006305,1,0.9866155618195479,1,0.98,1,1.0,1,0.9733466932407527,1,1.0,1
509,CCN(C1CCN(CC[C@H](c2ccc(cc2)S(=O)(=O)C)c3cc(F)c(F)c(F)c3)CC1)C(=O)Cc4ccc(cc4)S(=O)(=O)C,1,1,0.9487126109465961,1,0.9881788937245227,1,0.97,1,1.0,1,0.9670968392626267,1,1.0,1
510,NCc1nc2ccccc2[nH]1,1,1,0.737169365467036,0,0.6114166021680504,1,0.99,1,1.0,1,0.9370325817639147,1,1.0,1
511,CCCNC(=O)c1nnc2c(cccc2c1N)c3cncc(c3)C(=O)N4CCC4,1,1,0.9682880376122731,1,0.997547581691537,1,0.99,1,1.0,1,0.9707497176811234,1,1.0,1
512,CCc1cc2C(=NCc3nnc(C)n3c2s1)c4ccccc4Cl,1,1,0.9999998498913102,1,0.9999969213975194,1,1.0,1,1.0,1,0.9872338630657277,1,1.0,1
513,Cc1cccc2c3CN(CCc3[nH]c12)C(=O)[C@@H]4CCCC[C@H]4C(=O)NC5(CC5)C#N,1,1,0.9972772045619697,1,0.9998990914313035,1,1.0,1,1.0,1,0.9865011796829872,1,1.0,1
514,OC(=O)C(N1CCC(CN2CCC(CC2)Oc3ccc(Cl)c(Cl)c3)CC1)c4ccccc4,1,1,0.9999954351811671,1,0.9999610168607048,1,1.0,1,1.0,1,0.9769878052544244,1,1.0,1
515,CNc1c(Cl)cnc2[nH]c(nc12)c3ccc(OCCN4CCOCC4)cc3,1,1,0.9999892613730959,1,0.9999346380311723,1,1.0,1,1.0,1,0.9865011796829872,1,1.0,1
516,Cc1c(Sc2ccc(Cl)cc2)c3cc(ccc3n1CC(=O)O)S(=O)(=O)C,1,1,0.9618596956210724,1,0.9241118470471357,1,1.0,1,1.0,1,0.8807680355207628,1,1.0,1
517,Clc1ccc(cc1)C(=O)N[C@H]2CN3CCC2CC3,1,1,0.9584994676382824,1,0.9960360089564197,1,1.0,1,1.0,1,0.9865011796829872,1,1.0,1
518,C[C@@](Cc1ccc(O)c(O)c1)(NN)C(=O)O,0,0,0.9414608680729224,1,0.9591930555274848,1,0.98,1,0.8,1,0.9678624730352313,1,1.0,1
519,CC12CCC3C(CCC4=CC(=O)CCC34C)C1CCC2O,1,1,0.9962896546302931,1,0.999253605434494,1,1.0,1,1.0,1,0.9485302842190018,1,1.0,1
520,CCCC(=O)C1(CCN(CC1)C(=O)[C@@H](Cc2ccc(OC)cc2)NC(=O)[C@@H](N)Cc3cncn3C)c4ccccc4,1,1,0.8886820066349742,1,0.9925160429956842,1,0.93,1,1.0,1,0.9302631980337188,1,1.0,1
521,CCCCNc1nc(N)c2NC(=O)N(Cc3ccc(OCCN(C)C)nc3)c2n1,1,1,0.9999911209944119,1,0.9994679345308677,1,0.97,1,1.0,1,0.9814685108670322,1,1.0,1
522,Cc1ccc2[nH]ccc2c1c3nc(cc(n3)C4(CC4)S(=O)(=O)C)N5CCOCC5,1,1,0.989994569339209,1,0.9985622078751347,1,0.99,1,1.0,1,0.9760645390467768,1,1.0,1
523,CC1Nc2cc(Cl)c(cc2C(=O)N1c3ccccc3C)S(=O)(=O)N,1,1,0.9434890412499907,1,0.987272985430747,1,0.93,1,1.0,1,0.9720994641735227,1,1.0,1
524,FC(F)(F)Oc1ccccc1S(=O)(=O)NCC(N2CCCCCC2)c3ccccc3,1,1,0.9968828527127936,1,0.9986933280411713,1,0.99,1,1.0,1,0.9738949013253597,1,1.0,1
525,COc1ccc2c(c1)c(c(C)n2CC(=O)O)c3ccnc4cc(Cl)ccc34,1,1,0.95961776743072,1,0.9859538995099605,1,0.91,1,1.0,1,0.919676275398227,1,1.0,1
526,CN1C(=O)CC(C)(CCc2cccc(c2)c3ccccc3)N=C1N,1,1,0.9936329526794101,1,0.9994311611194007,1,0.99,1,1.0,1,0.9801549848269225,1,1.0,1
527,CNC(=O)C1(CCN(CC[C@H](CN(C)C(=O)c2c(OC)c(cc3ccccc23)C#N)c4ccc(Cl)c(Cl)c4)CC1)N5CCCCC5=O,1,1,0.999999994735579,1,0.9999996651513952,1,0.99,1,1.0,1,0.9872338630657277,1,1.0,1
528,CC(C)n1c(C)ncc1c2ccnc(Nc3ccc(C(=O)NCCN(C)C)c(F)c3)n2,1,1,0.9999967792843378,1,0.9996782183510535,1,1.0,1,1.0,1,0.9810223354808043,1,1.0,1
529,O[C@@H](CNCCc1cccc(CNCc2ccccc2F)c1)c3ccc(O)c4NC(=O)Sc34,1,1,0.9938088053948009,1,0.998155432027437,1,1.0,1,1.0,1,0.9835976938675768,1,1.0,1
530,CCc1[nH]nc(NC(=O)Cc2ncc(Oc3ccnc4cc(OC)c(OC)cc34)cc2OC)c1C,1,1,0.981772215107369,1,0.9969674143181891,1,0.99,1,1.0,1,0.98651681468357,1,1.0,1
531,Cc1ccc(cc1)C(=O)N2CCC(CC2)C(=O)c3ccc(Cl)cc3,1,1,0.9862491542943961,1,0.9978976418906869,1,1.0,1,1.0,1,0.9865011796829872,1,1.0,1
532,NC(=N)Nc1ccc(cc1)C(=O)Oc2ccc(cc2)[N+](=O)[O-],1,1,0.9525376632679644,1,0.8127024049133218,1,0.94,1,1.0,1,0.9749099751062833,1,1.0,1
533,NC(=O)c1c(NC(=O)NCCCCN2CCCC2)snc1OCc3c(F)cc(Br)cc3F,1,1,0.9999993550665275,1,0.9996645515526322,1,0.93,1,1.0,1,0.9699810735234934,1,1.0,1
534,CN(CC[C@@H](Oc1ccc(cc1)c2ccccc2)c3ccc(F)cc3)CC(=O)O,1,1,0.9935736251805721,1,0.9956528544034922,1,0.96,1,1.0,1,0.8939472684486313,1,1.0,1
535,FC(F)(F)c1nnc2ccc(nn12)n3ccnc3,1,1,0.9816303872755223,1,0.9854589778169867,1,0.99,1,1.0,1,0.9773274145061096,1,1.0,1
536,C[C@@H](O)[C@@H](CO)Nc1nc(SCc2cccc(F)c2F)nc3nc(N)sc13,1,1,0.9044647987119749,1,0.9879853233768702,1,0.99,1,1.0,1,0.9778373890535652,1,1.0,1
537,FC(F)(F)c1nnc2ccc(NCn3nnc4ccccc34)nn12,1,1,0.9940312994593455,1,0.9973774035126964,1,0.99,1,1.0,1,0.9796640446051146,1,1.0,1
538,CC1=CC2=NNC(=O)N2c3cc(ccc13)c4ccc(cc4)C(=O)N5CCOCC5,1,1,0.9870551810530922,1,0.9997980832358594,1,0.98,1,1.0,1,0.98049242042331,1,1.0,1
539,CC1CN(C1)C(=O)c2nnc3c(cccc3c2N)c4ncccn4,1,1,0.9562501753276399,1,0.9949035188878159,1,1.0,1,1.0,1,0.9855697662967463,1,1.0,1
540,CCCNC(=O)c1nnc2c(c(F)ccc2c1N)c3ncccn3,1,1,0.9389294324979905,1,0.9879502062726462,1,0.98,1,1.0,1,0.9797206552301068,1,1.0,1
541,CC(=O)Nc1ccc2c(c1)c(cn2C)c3cc(NC4CC4)n5ncc(C#N)c5n3,1,1,0.9762491524527684,1,0.9929086579615298,1,0.92,1,0.8,1,0.9826254777408384,1,1.0,1
542,CC(C)C[C@@H](CO)NS(=O)(=O)c1ccc(Cl)s1,1,1,0.8516455577102628,1,0.9275022663373416,1,0.98,1,0.8,1,0.9708955028397102,1,1.0,1
543,CC(C)Oc1cc(Nc2nc3c(cc2F)ncn3[C@@H](CO)c4ccc(F)cn4)n[nH]1,1,1,0.9792906012868255,1,0.9982458722474222,1,1.0,1,1.0,1,0.98651681468357,1,1.0,1
544,CS(=O)(=O)C1(CC1)c2cc(nc(n2)c3cccc4[nH]ccc34)N5CC6CCC(C5)O6,1,1,0.992151485915624,1,0.9980400803165049,1,0.98,1,1.0,1,0.944375576146022,1,1.0,1
545,[O-][N+](=O)c1cc(C(=O)NCC=C)c2N=C(Nc3ccc(Cl)c(Cl)c3)NC(=O)c2c1,1,1,0.9999962064596344,1,0.9990097494624568,1,0.98,1,1.0,1,0.9544808637855254,1,1.0,1
546,Cc1cc(CNc2ncc(Br)c(Nc3cc([nH]n3)C4CC4)n2)on1,1,1,0.9999955904016872,1,0.9997352672140738,1,1.0,1,1.0,1,0.9799745153360047,1,1.0,1
547,NC(=O)Nc1sc(cc1C(=O)N[C@H]2CCCNC2)c3ccsc3,1,1,0.999994731670627,1,0.9995640422700082,1,1.0,1,1.0,1,0.9855697662967463,1,1.0,1
548,CC(C)[C@@H](CN1CC[C@](C)([C@@H](C)C1)c2cccc(O)c2)NC(=O)[C@H]3Cc4ccc(O)cc4CN3,1,1,0.9999972666677908,1,0.999718859184397,1,0.95,1,1.0,1,0.9865011796829872,1,1.0,1
549,Cc1ccc(cc1NC(=O)c2ccc(OCc3ccccn3)cc2)c4cn(C)c(C)n4,1,1,0.9999863915101578,1,0.9995058144893546,1,1.0,1,1.0,1,0.982046985408136,1,1.0,1
550,CC(=O)Nc1cccc(Nc2nc(NC3CC3)n4ncc(C#N)c4n2)c1,1,1,0.9961174176454776,1,0.9996323566477717,1,0.97,1,1.0,1,0.980783589372451,1,1.0,1
551,CN[C@@H](C)C(=O)N[C@H](C(=O)N[C@H]1CCCN(CCc2ccccn2)C1)C(C)(C)C,0,0,0.9999829581072376,1,0.9995983432615625,1,0.99,1,1.0,1,0.9872338630657277,1,1.0,1
552,Nc1ccccc1NC(=O)c2ccc(cc2)C3CCN(CCC(=O)Nc4ccccc4F)CC3,1,1,0.9842702876460411,1,0.995270386767572,1,0.99,1,1.0,1,0.9863523051513061,1,1.0,1
553,CC(C)Nc1ccc2cnn(c3cncc(n3)n4ccc(CC(=O)O)c4)c2c1,1,1,0.9207903154098293,1,0.9609108870972587,1,0.94,1,1.0,1,0.919676275398227,1,1.0,1
554,CC1=C(C(=O)c2cc(O)c(O)c(CCc3ccc(C)cc3)c2C1=O)C4=C(C)C(=O)c5c(CCc6ccc(C)cc6)c(O)c(O)cc5C4=O,1,1,0.9871302934546031,1,0.9964267185023508,1,0.98,1,1.0,1,0.9756124678302059,1,1.0,1
555,CCSc1ccc(cc1)c2cc(ccc2OCC(=O)O)C(F)(F)F,1,1,0.986876576983304,1,0.9896782810211185,1,0.85,1,0.8,1,0.7960214148129058,1,1.0,1
556,CC(C)N1CCN(CC1)C(=O)NCc2ccc(Cl)c(Cl)c2,1,1,0.9681924207772084,1,0.9985478678399028,1,1.0,1,1.0,1,0.9865011796829872,1,1.0,1
557,CC(C)C(NC(=O)CN1C(=O)C(=CC=C1c2ccccc2)NC(=O)C)C(=O)C(F)(F)F,1,1,0.994051370074935,1,0.9984676793380988,1,0.96,1,1.0,1,0.9715095480506828,1,1.0,1
558,CC(C)CN1C(=O)N(C)C(=O)c2c(SCCCO)n(Cc3cccc4ccccc34)cc12,1,1,0.9999989849013541,1,0.9999272749863197,1,0.96,1,1.0,1,0.9761392904996213,1,1.0,1
559,Cc1onc(NS(=O)(=O)c2ccc(N)cc2)c1,0,0,0.9605326741959301,1,0.97674129429327,1,0.95,1,0.8,1,0.9689143923807021,1,1.0,1
560,CCc1cccc2c3CCOC(CC)(CC(=O)O)c3[nH]c12,1,1,0.995194007138357,1,0.9989755953959999,1,0.94,1,1.0,1,0.9418152829746675,1,1.0,1
561,Cc1ccc(cc1)c2c[nH]nn2,1,1,0.9668162480734762,1,0.9908833506594302,1,0.97,1,1.0,1,0.9347781012050055,1,1.0,1
562,CC1=CN([C@H]2CCCN(C2)S(=O)(=O)c3ccc(O)c(Oc4ccc(Cl)c(C)c4)c3)C(=O)NC1=O,1,1,0.9830453718146862,1,0.9739531110426304,1,0.92,1,0.8,1,0.9792314648108444,1,1.0,1
563,CCCCCCCN(CC)CCCC(O)c1ccc(NS(=O)(=O)C)cc1,1,1,0.9522555509558884,1,0.9224536599105743,1,0.94,1,1.0,1,0.9756124678302059,1,1.0,1
564,O=S(=O)(Nc1cccnc1)c2cccs2,1,1,0.9891523755524424,1,0.9971418108508499,1,0.97,1,1.0,1,0.9756124678302059,1,1.0,1
565,[O-][N+](=O)c1cccc2C(=O)C(=O)c3ccccc3c12,1,1,0.9753551088589811,1,0.9895651521572968,1,0.87,1,0.8,1,0.9747858910783244,1,1.0,1
566,CN1CCN(CC1)c2ccc3N=CN(C(=O)c3c2)c4cc(ccc4C)C(=O)NC5CCC5,1,1,0.9608403170875904,1,0.9956103992749162,1,1.0,1,1.0,1,0.9865011796829872,1,1.0,1
567,O=C(Nc1cccc2cccnc12)[C@@H]3CC[C@H](CC3)N4C(=O)[C@@H]5[C@@H]6CC[C@@H](C6)[C@@H]5C4=O,1,1,0.9964293992962606,1,0.9970406729648154,1,1.0,1,1.0,1,0.9865011796829872,1,1.0,1
568,CCCCSc1nc(N)c2ncn([C@@H]3O[C@H](CO)[C@@H](O)[C@H]3O)c2n1,1,1,0.9809537517741733,1,0.9834654633314953,1,0.82,1,0.8,1,0.7715711169640165,1,1.0,1
569,CN1CCCC(CC1)N2N=C(Cc3ccc(Cl)cc3)c4ccccc4C2=O,1,1,0.9803661571984652,1,0.9989332894396632,1,0.99,1,1.0,1,0.9872338630657277,1,1.0,1
570,COc1ccc(cc1)C2=CC(=O)c3ccccc3N2,1,1,0.997147005691843,1,0.9992826352945517,1,0.99,1,1.0,1,0.982046985408136,1,1.0,1
571,COc1ccccc1Cn2c(C)nc3ccccc23,1,1,0.9943325054568964,1,0.9984188241417566,1,1.0,1,1.0,1,0.982046985408136,1,1.0,1
572,O=C1CCOc2nc(\C=C\c3ccccc3)ccc12,1,1,0.9880346197474561,1,0.9982558273412337,1,0.98,1,1.0,1,0.9426307497001378,1,1.0,1
573,CNC1=CN=C(N(CC(=O)NC(C(C)C)C(=O)C(F)(F)F)C1=O)c2ccc(F)cc2,1,1,0.9999926128990991,1,0.9998757199502898,1,1.0,1,1.0,1,0.9810223354808043,1,1.0,1
574,Fc1cnc(NC(=O)C(CC2CCOCC2)c3ccc(cc3)S(=O)(=O)C4CC4)s1,1,1,0.9999981873660534,1,0.9999765380766077,1,1.0,1,1.0,1,0.9792314648108444,1,1.0,1
575,COc1cc2ncc(C(=O)N)c(Nc3cc(C)ccc3F)c2cc1OC,1,1,0.9933025402299215,1,0.9991025514439135,1,1.0,1,1.0,1,0.9797206552301068,1,1.0,1
576,CN1C(=O)CC(C1=O)c2ccccc2,1,1,0.9674038520339348,1,0.9873281770438928,1,0.98,1,1.0,1,0.9796778390184498,1,1.0,1
577,COc1cc(N2CC[C@H](C2)N(C)C)c3NC(=CC(=O)c3c1)C(=O)Nc4ccc(cc4)N5CCOCC5,1,1,0.981763828634454,1,0.993830989493758,1,1.0,1,1.0,1,0.9629161746923925,1,1.0,1
578,CC(C)OC(=O)C1=CN(Cc2c(F)cccc2F)c3sc(c(CN(C)Cc4ccccc4)c3C1=O)c5ccc(NC(=O)C(C)C)cc5,1,1,0.9999984987592729,1,0.9999794733236927,1,0.95,1,1.0,1,0.9654666831276604,1,1.0,1
579,COc1ccc(Oc2cccc(CN3CCCC(C3)N4C=C(C)C(=O)NC4=O)c2)cc1,1,1,0.9731470659636424,1,0.9764740820907573,1,0.99,1,0.6,1,0.9588836359998684,1,1.0,1
580,NC(=O)Cc1nc(cs1)c2ccccc2,1,1,0.8486190636682573,1,0.837487496753505,1,0.92,1,0.8,1,0.9110857363152913,1,1.0,1
581,Clc1ccc(cc1)S(=O)(=O)NC(=O)N2CCC(CC2)N3CCC(CC3)Oc4ccc(Cl)c(Cl)c4,1,1,0.9718965281844403,1,0.9969023676706811,1,1.0,1,1.0,1,0.9792314648108444,1,1.0,1
582,Clc1cccc(CN2C=CN3C(=O)C=C(N=C23)N4CCOCC4)c1Cl,1,1,0.99998906019796,1,0.999943838600825,1,1.0,1,1.0,1,0.9820323839141699,1,1.0,1
583,CN(C)S(=O)(=O)c1ccc(CC(=O)N(C)C2CCN(CCC(c3ccccc3)c4ccccc4)CC2)cc1,1,1,0.9910715417722533,1,0.998363471112837,1,1.0,1,1.0,1,0.9688494861020682,1,1.0,1
584,COc1cc(ccc1Cn2ccc3ccc(NC(=O)OC4CCCC4)cc23)c5nn[nH]n5,1,1,0.9999980939368275,1,0.9998632529468966,1,0.96,1,1.0,1,0.9785298138630424,1,1.0,1
585,Nc1ncc(cc1c2oc3ccccc3n2)c4cnn(c4)C5CCN(CC5)C(=O)CO,1,1,0.9946514320183368,1,0.9996562923952681,1,0.97,1,1.0,1,0.9553549025392188,1,1.0,1
586,NC1(CCC1)c2ccc(cc2)c3ncc4ccccc4c3c5ccccc5,1,1,0.9999932335665773,1,0.9998426304060644,1,1.0,1,1.0,1,0.9782859807824033,1,1.0,1
587,OC1=C(C(=O)Nc2cc(Cl)ccc12)c3cccc(Oc4ccccc4)c3,1,1,0.9967843442765566,1,0.9994840140858245,1,1.0,1,1.0,1,0.9715095480506828,1,1.0,1
588,COc1cc(OC)c(cc1NC(=O)CCC(=O)O)S(=O)(=O)N2c3ccccc3Oc4ccccc24,0,0,0.10736505972949925,0,0.03911060834190919,0,0.3,0,0.4,0,0.7093409860848514,1,1.0,1
589,Fc1ccccc1C(=O)Nc2c(cnn2c3ccccc3)C#N,1,1,0.9863305163902059,1,0.9970160460461609,1,0.98,1,0.8,1,0.9715095480506828,1,1.0,1
590,Cc1cnc([nH]1)c2cc(NC(=O)c3ccc(nc3C)C(F)(F)F)ccc2Cl,1,1,0.9999979233392272,1,0.9997832581846777,1,0.98,1,1.0,1,0.977322385335721,1,1.0,1
591,CCCSc1nc(N[C@@H]2C[C@H]2c3ccccc3)c4nnn([C@@H]5C[C@H](OCCO)[C@@H](O)[C@H]5O)c4n1,1,1,0.9710067867146293,1,0.9983814463307672,1,0.98,1,1.0,1,0.965496681964472,1,1.0,1
592,COc1cc2ncnc(Nc3ccncc3)c2cc1OC,1,1,0.9563220402301007,1,0.9859852486045201,1,0.98,1,1.0,1,0.9810223354808043,1,1.0,1
593,COc1ccc(cc1OC)c2cc(NC(=O)Cc3ccc4ccccc4c3)[nH]n2,1,1,0.9999997784213085,1,0.9999675529841717,1,0.99,1,1.0,1,0.9872486604054618,1,1.0,1
594,Cn1c(ccc1c2cc(F)c3NC(=O)C(C)(C)c3c2)C#N,1,1,0.9920990336979173,1,0.9946107658243027,1,0.97,1,1.0,1,0.9483657844069399,1,1.0,1
595,Cn1cncc1c2c3C(=O)N(CC=C)C(=O)N(CC4CC4)c3nn2Cc5ccnc6ccc(Cl)cc56,1,1,0.9999970500178998,1,0.9999842426413994,1,1.0,1,1.0,1,0.9865011796829872,1,1.0,1
596,OC(=O)c1cccc(c1)N2CCC(CN3CCC(CC3)Oc4ccc(Cl)c(Cl)c4)CC2,1,1,0.9972249849338278,1,0.999887807683871,1,1.0,1,1.0,1,0.9785209299080467,1,1.0,1
597,CC[C@H](NC(=O)c1c([S+](C)[O-])c(nc2ccccc12)c3cccc(F)c3)c4ccccc4,1,1,0.9816269605154185,1,0.997516973626996,1,1.0,1,1.0,1,0.9688879624228385,1,1.0,1
598,CC(C)CNc1nc(nc(N2CCNCC2)c1N)C#N,1,1,0.9900829909930009,1,0.9927754552462738,1,0.95,1,1.0,1,0.9575671681576624,1,1.0,1
599,COc1ccccc1CCNCc2ccc(CCNC[C@H](O)c3ccc(O)c4NC(=O)Sc34)cc2,1,1,0.9851335534383234,1,0.9936612824278693,1,0.94,1,0.8,1,0.982046985408136,1,1.0,1
600,C[S+]([O-])c1ccc(\C=C/2\C(=C(CC(=O)O)c3cc(F)ccc23)C)cc1,1,1,0.8676601549274398,1,0.8290585075621387,1,0.89,1,0.6,1,0.9127137056429726,1,1.0,1
601,OS(=N)(=O)Cc1noc2ccccc12,1,1,0.9322326812807968,1,0.9594526379013052,1,1.0,1,0.8,1,0.9738772861993285,1,1.0,1
602,CC(C)C(NC(=O)CN1C(=O)C(=CC=C1c2ccccc2)NS(=O)(=O)C(F)(F)F)C(=O)C(F)(F)F,1,1,0.9724077465571226,1,0.992334156228411,1,1.0,1,1.0,1,0.9634888427045879,1,1.0,1
603,Cc1ccc(cc1NC(=O)c2ccc(OCc3ccccn3)cc2)c4ccc(N)nn4,1,1,0.9951007087531604,1,0.9987688611125721,1,0.99,1,1.0,1,0.9808142115388807,1,1.0,1
604,CCCCC(CC)COC(=O)CC(C(=O)OCC(CC)CCCC)S(=O)(=O)O,1,1,0.9671891790002661,1,0.8685924017334292,1,0.86,1,0.8,1,0.8394443009648844,1,1.0,1
605,CN1CCC(CC1)Oc2cccc3ncnc(Nc4ccc(OCc5cnccn5)c(Cl)c4)c23,1,1,0.9999972868024058,1,0.9999715413516053,1,1.0,1,1.0,1,0.9865011796829872,1,1.0,1
606,O=C(NCc1occc1)c2ccc3[nH]c(COc4ccc(cc4)C56CC7CC(CC(C7)C5)C6)nc3c2,1,1,0.9686661156013407,1,0.9955511172763715,1,0.96,1,0.8,1,0.961402906082418,1,1.0,1
607,Oc1ccc(cc1)C2CC(=O)c3ccc(O)cc3O2,1,1,0.9891702918741011,1,0.9949470692692415,1,0.98,1,1.0,1,0.983855425997498,1,1.0,1
608,CC(C)(c1cc(nc(n1)c2cccc3[nH]ccc23)N4CCOCC4)S(=O)(=O)C,1,1,0.9999875888350113,1,0.9998308402184025,1,1.0,1,1.0,1,0.9809985714608268,1,1.0,1
609,CC(=O)Nc1ccc(cc1)c2ccnc(Nc3ccc(cc3)N4CCOCC4)n2,1,1,0.9999908245505446,1,0.9998775394467576,1,1.0,1,1.0,1,0.9865011796829872,1,1.0,1
610,Clc1ccc(OC2CCN(CC2)C3CCN(CC3)C(=O)NS(=O)(=O)c4cccc(c4)C#N)cc1Cl,1,1,0.9945648986794937,1,0.9997774581430933,1,1.0,1,1.0,1,0.9809985714608268,1,1.0,1
611,CCNC(=O)c1cc2c(c(cnc2[nH]1)c3cncc(c3)C(=O)NC)n4ccc(n4)C(F)(F)F,1,1,0.5936017525257967,0,0.21172035254319788,0,0.52,1,0.6,1,0.8272042171148084,1,1.0,1
612,CN(C(CN1CCCC1)c2ccccc2)C(=O)Cc3ccc(Cl)c(Cl)c3,1,1,0.999995205811026,1,0.9999038207461696,1,1.0,1,1.0,1,0.9796778390184498,1,1.0,1
613,CC(=O)NC1CC2CCCC(C1)N2C(=O)Nc3ccc(Cl)c(c3)C(F)(F)F,1,1,0.9999823929912552,1,0.9996506961836323,1,0.98,1,1.0,1,0.9865011796829872,1,1.0,1
614,CNC(=O)c1ccc(Oc2ccc(cc2)C#C[C@]3(O)CN4CCC3CC4)cc1,1,1,0.9159232977303666,1,0.9427057451937289,1,0.99,1,1.0,1,0.9865011796829872,1,1.0,1
615,CC[C@H](NC(=O)c1c([S+]([O-])C(C)C)c(nc2ccccc12)c3ccccc3)c4ccccc4,1,1,0.9852908770201484,1,0.9955136701906933,1,0.99,1,1.0,1,0.9688879624228385,1,1.0,1
616,CC(C)N(c1ccnc(Nc2cc(cc(c2)N3CCOCC3)N4CCOCC4)n1)c5cc(CO)ccc5C,1,1,0.9999994668278264,1,0.9999404883991844,1,1.0,1,1.0,1,0.9826254777408384,1,1.0,1
617,COc1ccccc1CCNCc2cccc(CCNC[C@H](O)c3ccc(O)c4NC(=O)Sc34)c2,1,1,0.9999910697119452,1,0.999620982609131,1,1.0,1,1.0,1,0.9835976938675768,1,1.0,1
618,CCS(=O)(=O)c1ccc(Oc2cc3nc([nH]c3cc2CN4C(=O)CCC4=O)c5ccccn5)cc1,1,1,0.9999977222126321,1,0.9998952758212656,1,0.97,1,1.0,1,0.9637600869320828,1,1.0,1
619,CN1CCN(CC1)C(=O)c2cc(sc2NC(=O)N)c3ccccc3,1,1,0.9882298169933503,1,0.9968446830563303,1,0.98,1,1.0,1,0.9782859807824033,1,1.0,1
620,O=C1C(=O)c2cc(ccc2c3ccccc13)c4ccsc4,1,1,0.9999936697633459,1,0.9999077066620937,1,0.99,1,1.0,1,0.9769223383783192,1,1.0,1
621,OCCNCc1cc(Br)ccc1OCc2ccc(Cl)cc2,1,1,0.9999951169916956,1,0.9993869404655857,1,1.0,1,1.0,1,0.9810223354808043,1,1.0,1
622,NC(=O)Nc1cc(sc1C(=O)N[C@H]2CCCNC2)c3cccc(F)c3F,1,1,0.9999970257569069,1,0.9999282807141067,1,0.99,1,1.0,1,0.9863523051513061,1,1.0,1
623,Cc1ccccc1NC(=O)CCS(=O)(=O)c2ccc(Br)s2,1,1,0.9999908593527101,1,0.9987940453542437,1,0.93,1,1.0,1,0.9769223383783192,1,1.0,1
624,CNC(=O)c1[nH]cnc1C(=O)Nc2ccc(OC)cc2,1,1,0.8630724057620833,1,0.9021623310384872,1,0.98,1,1.0,1,0.9483657844069399,1,1.0,1
625,CC[C@H](NC(=O)c1c([S+](C)[O-])c(nc2ccccc12)c3ccccc3)c4cccnc4,1,1,0.9751407511796819,1,0.9933394888400315,1,1.0,1,1.0,1,0.9688879624228385,1,1.0,1
626,COc1cc(CO)cc(c1)N(C)c2ccnc(Nc3cc(cc(c3)N4CCOCC4)N5CCOCC5)n2,1,1,0.9999942672371934,1,0.9994798765747805,1,1.0,1,1.0,1,0.9865011796829872,1,1.0,1
627,COc1cc(OC)cc(c1)C2=CC=C(NC(=O)OCc3ccccc3)C(=O)N2CC(=O)NC(C(C)C)C(=O)C(F)(F)F,1,1,0.999999591637556,1,0.9999771384328264,1,0.99,1,1.0,1,0.9721730304099739,1,1.0,1
628,CCCCC(O)c1[nH]c2cc(C)c(cc2c1CCc3ccccc3)C(=O)O,1,1,0.9697604651186383,1,0.9924322684327591,1,0.92,1,0.8,1,0.9399977787233981,1,1.0,1
629,CC(C)NCC(O)COc1ccc(COCCOC(C)C)cc1,1,1,0.9722121276414387,1,0.9673227599300028,1,0.97,1,0.8,1,0.9810223354808043,1,1.0,1
