,Unnamed: 0.1,Unnamed: 0,Compound ID,ESOL predicted log solubility in mols per litre,Minimum Degree,Molecular Weight,Number of H-Bond Donors,Number of Rings,Number of Rotatable Bonds,Polar Surface Area,measured log solubility in mols per litre,smiles,binned_sol,target_actual,fp,cluster,Random_Forest_prediction,SVM_prediction,Dummy_Most_Frequent_prediction,Logistic_Regression_prediction,Gradient_Boosted_Tree_prediction,KNN_prediction
0,211,211,"2,2-Dimethylpentane",-2.938,1,100.20499999999998,0,0,1,0.0,-4.36,CCCC(C)(C)C,0,0,[0 0 0 ... 0 0 0],0,0.14,0.0244931266533886,0.0,0.032121646050818436,0.33025839045730565,0.0
1,327,327,"2,2-Dimethyl-1-butanol",-1.365,1,102.17699999999998,1,0,2,20.23,-1.04,CCC(C)(C)CO,0,0,[0 0 0 ... 0 0 0],0,0.59,0.477734159645916,0.0,0.6172976771343045,0.3516773153702753,0.6
2,438,438,2-Chloro-2-methylbutane,-2.278,1,106.596,0,0,1,0.0,-2.51,CCC(C)(C)Cl,0,0,[0 0 0 ... 0 0 0],0,0.05,0.010336357017624559,0.0,0.013115719448367494,0.2057918081034756,0.0
3,446,446,3-Methyl-3-pentanol,-1.308,1,102.17699999999998,1,0,2,20.23,-0.36,CCC(C)(O)CC,1,1,[0 0 0 ... 0 0 0],0,0.31,0.1121148043431931,0.0,0.15130057039006828,0.33025839045730565,0.4
4,508,508,3-Methyl-3-heptanol,-2.017,1,130.23099999999997,1,0,4,20.23,-1.6,CCCCC(C)(O)CC,0,0,[0 0 0 ... 0 0 0],0,0.13,0.010815313858849145,0.0,0.013077483747462393,0.24857602027055534,0.0
5,690,690,"3,3-Dimethyl-1-butanol",-1.365,1,102.177,1,0,1,20.23,-0.5,CC(C)(C)CCO,1,1,[0 0 0 ... 0 0 0],0,0.7,0.5,0.0,0.6741973972511582,0.3630941918431934,0.6
6,705,705,"2,2-Dimethylpentanol",-1.719,1,116.20399999999998,1,0,3,20.23,-1.52,CCCC(C)(C)CO,0,0,[0 0 0 ... 0 0 0],0,0.5,0.3709403057576426,0.0,0.29663921365473606,0.3516773153702753,0.6
7,766,766,3-Methyl-3-hexanol,-1.663,1,116.20399999999998,1,0,3,20.23,-0.98,CCCC(C)(O)CC,1,1,[0 0 0 ... 0 0 0],0,0.25,0.05528129079995424,0.0,0.046852622638572344,0.33025839045730565,0.4
8,880,880,"2,2-Dimethylbutane",-2.584,1,86.17799999999998,0,0,0,0.0,-3.55,CCC(C)(C)C,0,0,[0 0 0 ... 0 0 0],0,0.17,0.051140887854024084,0.0,0.09559762289983546,0.33025839045730565,0.2
9,896,896,2-Methyl-2-hexanol,-1.663,1,116.20399999999998,1,0,3,20.23,-1.08,CCCCC(C)(C)O,0,0,[0 0 0 ... 0 0 0],0,0.13,0.016806637640241987,0.0,0.021110450319011594,0.24857602027055534,0.0
10,926,926,2-Methyl-2-pentanol,-1.308,1,102.17699999999998,1,0,2,20.23,-0.49,CCCC(C)(C)O,1,1,[0 0 0 ... 0 0 0],0,0.22,0.051670140014212024,0.0,0.05693646036438069,0.33025839045730565,0.6
11,929,929,2-Methyl-2-heptanol,-2.017,1,130.231,1,0,4,20.23,-1.72,CCCCCC(C)(C)O,0,0,[0 0 0 ... 0 0 0],0,0.14,0.005909238238118846,0.0,0.00853065333383717,0.11082749649768729,0.0
12,998,998,2-Methylbutan-2-ol,-0.954,1,88.14999999999998,1,0,1,20.23,0.15,CCC(C)(C)O,1,1,[0 0 0 ... 0 0 0],0,0.3,0.08118277939841535,0.0,0.154686727228576,0.33025839045730565,0.6
13,1029,1029,3-Ethyl-3-pentanol,-1.663,1,116.204,1,0,3,20.23,-0.85,CCC(O)(CC)CC,1,1,[0 0 0 ... 0 0 0],0,0.3,0.11802390898801834,0.0,0.1705798989770958,0.33025839045730565,0.6
14,1063,1063,"3,3-Dimethylpentane",-2.938,1,100.20499999999998,0,0,2,0.0,-4.23,CCC(C)(C)CC,0,0,[0 0 0 ... 0 0 0],0,0.33,0.07156502838329447,0.0,0.16237677131477304,0.33025839045730565,0.0
15,1105,1105,"2,2-Dimethylpropanol",-1.011,1,88.14999999999999,1,0,0,20.23,-0.4,CC(C)(C)CO,1,1,[0 0 0 ... 0 0 0],0,0.55,0.5596976858395302,0.0,0.635342857856342,0.3630941918431934,0.4
16,5,5,benzothiazole,-2.733,2,135.191,0,2,0,12.89,-1.5,c2ccc1scnc1c2 ,0,0,[0 0 0 ... 0 0 0],1,0.16,0.43839099312345564,0.0,0.08089065957062846,0.0922259542379112,0.0
17,116,116,Isoquinoline,-2.531,2,129.16199999999998,0,2,0,12.89,-1.45,c1ccc2cnccc2c1,0,0,[0 0 0 ... 0 0 0],1,0.34,0.550549965920518,0.0,0.3435601244288124,0.2279808875923246,0.0
18,145,145,2-hydroxypteridine,-1.404,1,148.125,1,2,0,71.79,-1.947,Oc2ncc1nccnc1n2,0,0,[0 0 0 ... 0 0 0],1,0.26,0.3273593252155763,0.0,0.23550981738509122,0.1633989868532651,0.8
19,207,207,6-hydroxyquinoline,-2.725,1,145.161,1,2,0,33.120000000000005,-2.16,Oc2ccc1ncccc1c2 ,0,0,[0 0 0 ... 0 0 0],1,0.3,0.6231240996065833,0.0,0.47640829274332624,0.1633989868532651,0.4
20,216,216,"2,3-Dimethylpyridine",-2.067,1,107.156,0,1,0,12.89,0.38,Cc1cccnc1C,1,1,[0 0 0 ... 0 0 0],1,0.24,0.24339372443766133,0.0,0.15012024022703185,0.17760763532868998,0.2
21,224,224,6-methoxypteridine,-1.589,1,162.15200000000002,0,2,1,60.790000000000006,-1.139,COc2cnc1ncncc1n2,0,0,[0 0 0 ... 0 0 0],1,0.32,0.11111235335261953,0.0,0.1732875946178698,0.121974821547123,0.4
22,313,313,"1,7-phenantroline",-2.994,2,180.21,0,3,0,25.78,-2.68,c1cnc2c(c1)ccc3ncccc23,0,0,[0 0 0 ... 0 0 0],1,0.16,0.1421779472918368,0.0,0.039543881001253924,0.1633989868532651,0.0
23,399,399,5-hydroxyquinoline,-2.725,1,145.161,1,2,0,33.120000000000005,-2.54,Oc1cccc2ncccc12 ,0,0,[0 0 0 ... 0 0 0],1,0.31,0.8456278965281141,0.0,0.7577213554441675,0.17760763532868998,0.6
24,459,459,Benzoxazole,-2.214,2,119.12299999999998,0,2,0,26.03,-1.16,c2ccc1ocnc1c2,0,0,[0 0 0 ... 0 0 0],1,0.19,0.6998733396106107,0.0,0.3167114470675126,0.0922259542379112,0.0
25,513,513,2-methoxypteridine,-1.589,1,162.152,0,2,1,60.790000000000006,-1.11,COc2ncc1nccnc1n2,0,0,[0 0 0 ... 0 0 0],1,0.3,0.0892564472768619,0.0,0.1198214297989697,0.1633989868532651,0.4
26,551,551,2-methylpteridine,-1.24,1,146.153,0,2,0,51.56,-0.12,Cc2ncc1nccnc1n2,1,1,[0 0 0 ... 0 0 0],1,0.33,0.11999291033403316,0.0,0.08815562539932909,0.1633989868532651,0.2
27,599,599,2-Hydroxypyridine,-1.655,1,95.101,1,1,0,33.120000000000005,1.02,Oc1ccccn1,1,1,[0 0 0 ... 0 0 0],1,0.48,0.46225397216821484,0.0,0.5000728517126336,0.17760763532868998,0.6
28,602,602,mercaptobenzothiazole,-3.411,1,167.25799999999998,1,2,0,12.89,-3.18,Sc2nc1ccccc1s2 ,0,0,[0 0 0 ... 0 0 0],1,0.09,0.09611012667286176,0.0,0.027140058147704448,0.08414894163272961,0.0
29,642,642,8-quinolinol,-2.725,1,145.16099999999997,1,2,0,33.120000000000005,-2.42,Oc1cccc2cccnc12 ,0,0,[0 0 0 ... 0 0 0],1,0.27,0.6026755192834543,0.0,0.31555407064467783,0.1633989868532651,0.4
30,657,657,Quinoline,-2.6630000000000003,2,129.16199999999998,0,2,0,12.89,-1.3,c1ccc2ncccc2c1,0,0,[0 0 0 ... 0 0 0],1,0.12,0.4182409061971984,0.0,0.20029754310519907,0.1633989868532651,0.0
31,685,685,7-methylpteridine,-1.24,1,146.153,0,2,0,51.56,-0.8540000000000001,Cc2cnc1cncnc1n2,1,1,[0 0 0 ... 0 0 0],1,0.33,0.1803569293634793,0.0,0.08474539799228507,0.11520305531108009,0.4
32,765,765,phenanthridine,-3.713,2,179.22199999999998,0,3,0,12.89,-2.78,c1ccc2c(c1)cnc3ccccc23 ,0,0,[0 0 0 ... 0 0 0],1,0.04,0.39283833835804566,0.0,0.09649091679742659,0.08414894163272961,0.0
33,798,798,7-methoxypteridine,-1.589,1,162.152,0,2,1,60.790000000000006,-0.91,COc2cnc1cncnc1n2,1,1,[0 0 0 ... 0 0 0],1,0.3,0.12435462169379537,0.0,0.15638926263994604,0.121974821547123,0.6
34,932,932,Pteridine,-0.906,2,132.12599999999998,0,2,0,51.56,0.02,c2cnc1ncncc1n2,1,1,[0 0 0 ... 0 0 0],1,0.47,0.3117386021285476,0.0,0.35261734113598225,0.2461530235897633,0.8
35,47,47,brompyrazone,-3.005,1,266.098,1,2,1,60.91,-3.127,c1ccccc1n2ncc(N)c(Br)c2(=O),0,0,[0 0 0 ... 0 0 0],2,0.25,0.573188561448244,0.0,0.4622933070039977,0.0922259542379112,0.2
36,243,243,norflurazon,-4.029,1,303.67100000000005,1,2,2,46.92,-4.046,CNc2cnn(c1cccc(c1)C(F)(F)F)c(=O)c2Cl,0,0,[0 0 0 ... 0 0 0],2,0.27,0.02362434014180876,0.0,0.007152141086493024,0.2502204286478559,0.0
37,656,656,Flurochloridone,-4.749,1,312.118,0,2,2,20.31,-4.047,FC(F)(F)c1cccc(c1)N2CC(CCl)C(Cl)C2=O,0,0,[0 0 0 ... 0 0 0],2,0.11,0.0023490423085536375,0.0,0.000730960879970937,0.04376467711004893,0.2
38,997,997,Pyrazon,-2.603,1,221.647,1,2,1,60.91,-2.878,Nc2cnn(c1ccccc1)c(=O)c2Cl,0,0,[0 0 0 ... 0 0 0],2,0.19,0.08302616537481235,0.0,0.06335561188788316,0.05067984073222653,0.2
39,39,39,1-Iodoheptane,-3.904,1,226.101,0,0,5,0.0,-4.81,CCCCCCCI,0,0,[0 0 0 ... 0 0 0],3,0.0,0.0016103678046401426,0.0,0.0021416397204715677,0.11992310664322592,0.0
40,538,538,1-Iodopropane,-2.486,1,169.993,0,0,1,0.0,-2.29,CCCI,0,0,[0 0 0 ... 0 0 0],3,0.1,0.08908878735465922,0.0,0.10796237533424267,0.3502685899433731,0.0
41,553,553,1-Iodobutane,-2.841,1,184.02,0,0,2,0.0,-2.96,CCCCI,0,0,[0 0 0 ... 0 0 0],3,0.03,0.023843977710549115,0.0,0.03294080843900365,0.265599789333834,0.0
42,81,81,4-methylpteridine,-1.24,1,146.15299999999996,0,2,0,51.56,-0.466,Cc1ncnc2nccnc12,1,1,[0 0 0 ... 0 0 0],4,0.39,0.09124462511869937,0.0,0.14995792251568632,0.17760763532868998,0.0
43,507,507,4-methoxypteridine,-1.589,1,162.15200000000002,0,2,1,60.790000000000006,-1.11,COc1ncnc2nccnc12 ,0,0,[0 0 0 ... 0 0 0],4,0.39,0.2013486446345823,0.0,0.19086758000818518,0.17760763532868998,0.6
44,777,777,2-Ethylhexanal,-2.232,1,128.21499999999995,0,0,5,17.07,-2.13,CCCCC(CC)C=O,0,0,[0 1 0 ... 0 0 0],5,0.37,0.034407878745507,0.0,0.0691589738110732,0.265599789333834,0.0
45,781,781,2-Ethylbutanal,-1.523,1,100.161,0,0,3,17.07,-1.52,CCC(CC)C=O,0,0,[0 1 0 ... 0 0 0],5,0.63,0.552906057676381,0.0,0.620914589986149,0.3502685899433731,0.2
46,15,15,2-Chloropropane,-1.585,1,78.542,0,0,0,0.0,-1.41,CC(C)Cl,0,0,[0 1 0 ... 0 0 0],6,0.04,0.06334219191053374,0.0,0.06545879726557999,0.22941669710014276,0.0
47,16,16,2-Methylbutanol,-1.027,1,88.14999999999999,1,0,2,20.23,-0.47,CCC(C)CO,1,1,[0 1 0 ... 0 0 0],6,0.55,0.5421119087697617,0.0,0.43365506310441226,0.37226393920404993,0.6
48,44,44,Isopropyl formate,-0.684,1,88.106,0,0,2,26.3,-0.63,CC(C)OC=O,1,1,[0 1 0 ... 0 0 0],6,0.64,0.8221677472903313,0.0,0.7965365971707369,0.4108574280806484,0.8
49,53,53,Bromacil,-3.419,1,261.119,1,1,2,54.86,-2.523,CCC(C)n1c(=O)[nH]c(C)c(Br)c1=O ,0,0,[0 1 0 ... 0 0 0],6,0.09,0.03942256708537615,0.0,0.01868274638221875,0.09618448864793151,0.2
50,56,56,"2,2,5-Trimethylhexane",-3.631,1,128.259,0,0,2,0.0,-5.05,CC(C)CCC(C)(C)C,0,0,[0 1 0 ... 0 0 0],6,0.21,0.006658852207792439,0.0,0.017735857660887772,0.3413460252927769,0.2
51,93,93,Propylisopropylether,-1.354,1,102.17699999999998,0,0,3,9.23,-1.34,CCCOC(C)C,0,0,[0 1 0 ... 0 0 0],6,0.38,0.3486193760955011,0.0,0.26501366619453953,0.3988792815229966,0.4
52,108,108,2-Methylpropane,-1.891,1,58.124,0,0,0,0.0,-2.55,CC(C)C,0,0,[0 1 0 ... 0 0 0],6,0.24,0.27803988664707063,0.0,0.3070612220038443,0.36166524547821194,0.8
53,121,121,"2,3,4-Trimethylpentane",-3.276,1,114.232,0,0,2,0.0,-4.8,CC(C)C(C)C(C)C,0,0,[0 1 0 ... 0 0 0],6,0.26,0.19351450592757427,0.0,0.27494081575598733,0.36166524547821194,0.8
54,174,174,cycloheximide,-1.5319999999999998,1,281.35200000000003,2,2,3,83.47,-1.13,CC1CC(C)C(=O)C(C1)C(O)CC2CC(=O)NC(=O)C2 ,0,0,[0 1 0 ... 0 0 0],6,0.21,0.030534890147855574,0.0,0.05071122922140199,0.09488095937758612,0.8
55,180,180,3-Methylpentane,-2.6,1,86.178,0,0,2,0.0,-3.68,CCC(C)CC,0,0,[0 1 0 ... 0 0 0],6,0.18,0.11701614443880212,0.0,0.09862900264928103,0.3502685899433731,0.2
56,193,193,2-Chlorobutane,-1.94,1,92.569,0,0,1,0.0,-1.96,CCC(C)Cl,0,0,[0 1 0 ... 0 0 0],6,0.07,0.0172573451600489,0.0,0.01550294910123419,0.2207462658776202,0.0
57,199,199,Diisopropyl ether ,-1.281,1,102.177,0,0,2,9.23,-1.1,CC(C)OC(C)C,0,0,[0 1 0 ... 0 0 0],6,0.46,0.3053581770987503,0.0,0.35183965072734147,0.36166524547821194,0.8
58,233,233,mannitol,0.647,1,182.172,6,0,5,121.38,0.06,OCC(O)C(O)C(O)C(O)CO ,1,1,[0 1 0 ... 0 0 0],6,0.54,0.8008762400975935,0.0,0.820913230722806,0.3604726814546701,0.6
59,255,255,"2,4-Dimethyl-3-pentanol",-1.6469999999999998,1,116.20399999999998,1,0,2,20.23,-1.22,CC(C)C(O)C(C)C,0,0,[0 1 0 ... 0 0 0],6,0.52,0.7586397754995456,0.0,0.8700497468362357,0.5463588006950246,0.8
60,269,269,4-Methyl-2-pentanone,-1.1840000000000002,1,100.161,0,0,2,17.07,-0.74,CC(C)CC(=O)C,1,1,[0 1 0 ... 0 0 0],6,0.58,0.1678623548736918,0.0,0.2938677936361572,0.36166524547821194,0.8
61,276,276,Sorbitol,0.647,1,182.172,6,0,5,121.38,1.09,OCC(O)C(O)C(O)C(O)CO,1,1,[0 1 0 ... 0 0 0],6,0.54,0.8008762400975935,0.0,0.820913230722806,0.3604726814546701,0.6
62,301,301,"1,1-Dichloroethane",-1.5759999999999998,1,98.96,0,0,0,0.0,-1.29,CC(Cl)Cl,0,0,[0 1 0 ... 0 0 0],6,0.04,0.06085184864550562,0.0,0.06080974052343467,0.22941669710014276,0.0
63,335,335,"2,4-Dimethylpentane",-2.938,1,100.20499999999998,0,0,2,0.0,-4.26,CC(C)CC(C)C,0,0,[0 1 0 ... 0 0 0],6,0.26,0.136357647908268,0.0,0.19300309220049083,0.36166524547821194,0.4
64,344,344,Lovastatin,-4.731,1,404.54700000000025,1,3,6,72.83,-6.005,CCC(C)C(=O)OC2CC(C)C=C3C=CC(C)C(CCC1CC(O)CC(=O)O1)C23 ,0,0,[1 1 0 ... 0 0 0],6,0.22,0.0010305554015633202,0.0,0.0038964745517050905,0.09961578774996838,1.0
65,350,350,2-Propanol,-0.261,1,60.096,1,0,0,20.23,0.43,CC(C)O,1,1,[0 1 0 ... 0 0 0],6,0.41,0.675392432994057,0.0,0.7361479998690962,0.36166524547821194,0.8
66,470,470,3-Methyl-2-butanol,-0.954,1,88.14999999999999,1,0,1,20.23,-0.18,CC(C)C(C)O,1,1,[0 1 0 ... 0 0 0],6,0.41,0.48931632194900404,0.0,0.6689986935656049,0.36166524547821194,0.8
67,474,474,1-Bromo-2-methylpropane,-2.2880000000000003,1,137.01999999999998,0,0,1,0.0,-2.43,CC(C)CBr,0,0,[0 1 0 ... 0 0 0],6,0.19,0.058153480140934674,0.0,0.110566641650835,0.36166524547821194,0.4
68,478,478,2-Methylpentane,-2.6,1,86.178,0,0,2,0.0,-3.74,CCCC(C)C,0,0,[0 1 0 ... 0 0 0],6,0.15,0.037370029138545584,0.0,0.051853853883316245,0.3502685899433731,0.0
69,490,490,2-Bromopropane,-1.949,1,122.993,0,0,0,0.0,-1.59,CC(C)Br,0,0,[0 1 0 ... 0 0 0],6,0.28,0.20529071179798447,0.0,0.24620054039079572,0.5983606431854456,0.2
70,491,491,"2,2,4-Trimethylpentane",-3.276,1,114.232,0,0,1,0.0,-4.74,CC(C)CC(C)(C)C,0,0,[0 1 0 ... 0 0 0],6,0.24,0.02066925551301649,0.0,0.05225987702897355,0.3413460252927769,0.2
71,511,511,"Sparsomycin (3,8mg/ml)",-1.57,1,361.4450000000001,4,1,8,132.11999999999998,-1.981,CSCS(=O)CC(CO)NC(=O)C=Cc1c(C)[nH]c(=O)[nH]c1=O,0,0,[0 1 0 ... 0 0 0],6,0.3,0.48687606145628276,0.0,0.15538629768995904,0.2444348619871346,0.4
72,515,515,isocarbamid,-1.508,1,185.227,2,1,2,61.440000000000005,-2.15,C1N(C(=O)NCC(C)C)C(=O)NC1,0,0,[0 1 0 ... 0 0 0],6,0.33,0.03805256668350547,0.0,0.08053350070349026,0.23351680333908317,0.8
73,524,524,3-Methylbutan-1-ol,-1.027,1,88.14999999999999,1,0,2,20.23,-0.51,CC(C)CCO,1,1,[0 1 0 ... 0 0 0],6,0.65,0.4671923257966396,0.0,0.6606669468546397,0.3839533416818321,0.6
74,542,542,2-Pentanol,-0.97,1,88.14999999999999,1,0,2,20.23,-0.29,CCCC(C)O,1,1,[0 1 0 ... 0 0 0],6,0.48,0.9021000590172957,0.0,0.8065578446256093,0.3502685899433731,0.2
75,550,550,3-Methyl-2-pentanol,-1.308,1,102.177,1,0,3,20.23,-0.71,CCC(C)CCO,1,1,[0 1 0 ... 0 0 0],6,0.67,0.5934800042621026,0.0,0.4889848029016938,0.37226393920404993,0.4
76,598,598,3-Methyl-1-Butene,-1.994,1,70.135,0,0,1,0.0,-2.73,CC(C)C=C,0,0,[0 1 0 ... 0 0 0],6,0.24,0.30871387779777004,0.0,0.2514304918915711,0.36166524547821194,0.2
77,608,608,"3,3-Dimethyl-2-butanol",-1.2919999999999998,1,102.177,1,0,0,20.23,-0.62,CC(O)C(C)(C)C,1,1,[0 1 0 ... 0 0 0],6,0.38,0.2277959952479431,0.0,0.27345544145037093,0.3413460252927769,0.6
78,617,617,Butylate,-3.4530000000000003,1,217.378,0,0,5,20.31,-3.68,CCSC(=O)N(CC(C)C)CC(C)C,0,0,[0 1 0 ... 0 0 0],6,0.33,0.04355475156773213,0.0,0.11914267865849364,0.3502685899433731,0.6
79,618,618,nitroglycerin,-2.029,1,227.085,0,0,8,157.11,-2.22,O=N(=O)OCC(CON(=O)=O)ON(=O)=O ,0,0,[0 1 0 ... 0 0 0],6,0.66,0.9427240424974654,0.0,0.9579590900382993,0.36166524547821194,0.8
80,651,651,"1,1-Diethoxyethane ",-0.899,1,118.176,0,0,4,18.46,-0.43,CCOC(C)OCC,1,1,[0 1 0 ... 0 0 0],6,0.425,0.31989433708773685,0.0,0.4126887071009304,0.3502685899433731,0.4
81,666,666,"2,3-Dimethylbutane",-2.584,1,86.178,0,0,1,0.0,-3.65,CC(C)C(C)C,0,0,[0 1 0 ... 0 0 0],6,0.26,0.25321740466963494,0.0,0.3412767319496284,0.36166524547821194,0.8
82,679,679,Glycerol,0.688,1,92.094,3,0,2,60.69,1.12,OCC(O)CO,1,1,[0 1 0 ... 0 0 0],6,0.56,0.6277293025198494,0.0,0.8123535495454196,0.3839533416818321,0.8
83,698,698,Diisopropylsulfide,-2.162,1,118.245,0,0,2,0.0,-2.24,CC(C)SC(C)C,0,0,[0 1 0 ... 0 0 0],6,0.27,0.16615905182416177,0.0,0.22812302661670708,0.36166524547821194,0.6
84,747,747,2-Methyl-3-pentanol,-1.308,1,102.177,1,0,2,20.23,-0.7,CCC(O)C(C)C,1,1,[0 1 0 ... 0 0 0],6,0.44,0.37845152340645727,0.0,0.5140146118639295,0.3502685899433731,0.4
85,793,793,Isopentyl formate,-1.449,1,116.15999999999998,0,0,4,26.3,-1.52,CC(C)CCOC=O,0,0,[0 1 0 ... 0 0 0],6,0.59,0.1724150777595711,0.0,0.5313823334262061,0.4108574280806484,0.6
86,800,800,2-Nitropropane,-0.743,1,89.094,0,0,1,43.14,-0.62,CC(C)N(=O)=O,1,1,[0 1 0 ... 0 0 0],6,0.65,0.41959493666665215,0.0,0.5065529044643218,0.46139225232125564,0.6
87,802,802,Erythritol,0.675,1,122.12,4,0,3,80.92,0.7,OCC(O)C(O)CO,1,1,[0 1 0 ... 0 0 0],6,0.53,0.8365666691517238,0.0,0.8480045408616379,0.3604726814546701,0.8
88,806,806,"2,3-Dimethylpentane",-2.938,1,100.20499999999998,0,0,2,0.0,-4.28,CCC(C)C(C)C,0,0,[0 1 0 ... 0 0 0],6,0.37,0.3694818444854352,0.0,0.24627741072333018,0.3502685899433731,0.4
89,815,815,1-Chloro-2-methylpropane,-1.924,1,92.569,0,0,1,0.0,-2.0,ClCC(C)C,0,0,[0 1 0 ... 0 0 0],6,0.15,0.02854858594372597,0.0,0.03522585035697003,0.22941669710014276,0.2
90,842,842,Butan-2-ol,-0.616,1,74.12299999999999,1,0,1,20.23,0.47,CCC(C)O,1,1,[0 1 0 ... 0 0 0],6,0.45,0.6825196427718978,0.0,0.6352627580312104,0.3502685899433731,0.6
91,856,856,Isobutyl formate,-1.095,1,102.13299999999998,0,0,3,26.3,-1.01,CC(C)COC=O,0,0,[0 1 0 ... 0 0 0],6,0.67,0.3394303186935697,0.0,0.6619563117294954,0.36166524547821194,0.6
92,873,873,"2,4-Dimethyl-2-pentanol ",-1.6469999999999998,1,116.20399999999998,1,0,2,20.23,-0.92,CC(C)CC(C)(C)O,1,1,[0 1 0 ... 0 0 0],6,0.31,0.03887367176791236,0.0,0.08017131041181115,0.3413460252927769,0.4
93,895,895,2-Methylpentanol,-1.381,1,102.177,1,0,3,20.23,-1.11,CCCC(C)CO,0,0,[0 1 0 ... 0 0 0],6,0.55,0.5658724427901244,0.0,0.48719870690175543,0.37226393920404993,0.6
94,937,937,3-Methyl-2-pentanone,-1.266,1,100.161,0,0,2,17.07,-0.67,CCC(C)C(=O)C,1,1,[0 1 0 ... 0 0 0],6,0.53,0.025950714982588562,0.0,0.08118202087669855,0.3502685899433731,0.8
95,941,941,Triallate,-4.578,1,304.67,0,0,4,20.31,-4.88,CC(C)N(C(C)C)C(=O)SCC(Cl)=C(Cl)Cl,0,0,[0 1 0 ... 0 0 0],6,0.3,0.0007432481585011158,0.0,0.0034157550172330795,0.22941669710014276,0.4
96,958,958,"1,2-Dichloropropane",-1.794,1,112.987,0,0,1,0.0,-1.6,CC(Cl)CCl,0,0,[0 1 0 ... 0 0 0],6,0.11,0.0403655356301795,0.0,0.03880054857081628,0.22941669710014276,0.2
97,972,972,2-Iodopropane,-2.486,1,169.993,0,0,0,0.0,-2.09,CC(C)I,0,0,[0 1 0 ... 0 0 0],6,0.36,0.22295686826537242,0.0,0.25472836033434915,0.36166524547821194,0.8
98,974,974,3-Methyl-2-butanone,-0.912,1,86.13399999999999,0,0,1,17.07,-0.12,CC(C)C(=O)C,1,1,[0 1 0 ... 0 0 0],6,0.58,0.34835319167088985,0.0,0.49122200883401074,0.36166524547821194,0.8
99,992,992,3-Pentanol,-0.97,1,88.15,1,0,2,20.23,-0.24,CCC(O)CC,1,1,[0 1 0 ... 0 0 0],6,0.4,0.3137029074554815,0.0,0.45410666356581514,0.3502685899433731,0.4
100,994,994,4-Methylpentanol,-1.381,1,102.177,1,0,3,20.23,-1.14,CC(C)CCCO,0,0,[0 1 0 ... 0 0 0],6,0.66,0.4545893624640741,0.0,0.5541345703926353,0.29483699073304054,0.8
101,1027,1027,Dyphylline,-0.847,1,254.24599999999995,2,2,3,102.28,-0.17,Cn2c(=O)n(C)c1ncn(CC(O)CO)c1c2=O,1,1,[1 1 0 ... 0 0 0],6,0.34,0.18911958683171226,0.0,0.2236895101158522,0.0404069765275034,0.6
102,1035,1035,"2,4-Dimethyl-3-pentanone",-1.7519999999999998,1,114.18799999999996,0,0,2,17.07,-1.3,CC(C)C(=O)C(C)C,0,0,[0 1 0 ... 0 0 0],6,0.6,0.29773230465032985,0.0,0.5066752933736152,0.36166524547821194,0.8
103,1056,1056,Diallate,-3.827,1,270.225,0,0,4,20.31,-4.2860000000000005,CC(C)N(C(C)C)C(=O)SCC(=CCl)Cl,0,0,[0 1 0 ... 0 0 0],6,0.28,0.00029313862709493606,0.0,0.002167617380963752,0.22941669710014276,0.2
104,1073,1073,2-Methylpropan-1-ol,-0.672,1,74.12299999999999,1,0,1,20.23,0.1,CC(C)CO,1,1,[0 1 0 ... 0 0 0],6,0.51,0.5355074397820163,0.0,0.6741870197645548,0.3839533416818321,0.6
105,1099,1099,2-Ethyl-1-butanol,-1.381,1,102.177,1,0,3,20.23,-1.17,CCC(CC)CO,0,0,[0 1 0 ... 0 0 0],6,0.54,0.4290842278324494,0.0,0.44141825878655766,0.37226393920404993,0.6
106,1103,1103,4-Methyl-2-pentanol,-1.308,1,102.17699999999998,1,0,2,20.23,-0.8,CC(C)CC(C)O,1,1,[0 1 0 ... 0 0 0],6,0.45,0.5624936725953064,0.0,0.6739336589356251,0.36166524547821194,0.4
107,1119,1119,"2,2,3-Trimethylbutane",-2.922,1,100.20499999999998,0,0,0,0.0,-4.36,CC(C)C(C)(C)C,0,0,[0 1 0 ... 0 0 0],6,0.27,0.08127535605191871,0.0,0.09546396477874972,0.3413460252927769,0.6
108,1126,1126,2-Methylbutane,-2.245,1,72.151,0,0,1,0.0,-3.18,CCC(C)C,0,0,[0 1 0 ... 0 0 0],6,0.18,0.06931636369955356,0.0,0.09777713844917549,0.3502685899433731,0.4
109,7,7,Estradiol,-4.138,1,272.388,2,4,0,40.46,-5.03,CC12CCC3C(CCc4cc(O)ccc34)C2CCC1O,0,0,[0 0 0 ... 0 0 0],7,0.14,0.014345033183771134,0.0,0.001977425726812276,0.04596172945008288,0.4
110,23,23,Phenacetin,-2.342,1,179.219,1,1,3,38.33,-2.35,CCOc1ccc(NC(=O)C)cc1,0,0,[0 0 0 ... 0 0 0],7,0.06,0.034532963316787214,0.0,0.010006690414181129,0.08814732133672261,0.2
111,46,46,p-Bromoacetanilide,-3.012,1,214.062,1,1,1,29.1,-3.083,CC(=O)Nc1ccc(Br)cc1,0,0,[0 0 0 ... 0 0 0],7,0.05,0.0010940754951014318,0.0,0.0029336316378245587,0.0922259542379112,0.0
112,262,262,TEFLUBENZURON,-5.462000000000001,1,381.1120000000001,2,2,2,58.2,-7.28,Fc1cccc(F)c1C(=O)NC(=O)Nc2cc(Cl)c(F)c(Cl)c2F ,0,0,[0 0 0 ... 0 0 0],7,0.06,0.009422589279688035,0.0,0.0032060338100239854,0.05067984073222653,0.0
113,264,264,Monuron,-2.6710000000000003,1,198.653,1,1,1,32.34,-2.89,CN(C)C(=O)Nc1ccc(Cl)cc1,0,0,[0 0 0 ... 0 0 0],7,0.05,0.016665849508794434,0.0,0.005116426669581845,0.05067984073222653,0.2
114,293,293,Equilin,-3.555,1,268.356,1,4,0,37.3,-5.282,CC34CCC1C(=CCc2cc(O)ccc12)C3CCC4=O,0,0,[0 0 0 ... 0 0 0],7,0.1,0.1303689389620695,0.0,0.01798552935770368,0.06098511550870732,0.4
115,325,325,Isoproturon,-2.867,1,206.289,1,1,2,32.34,-3.536,CC(C)c1ccc(NC(=O)N(C)C)cc1,0,0,[0 1 0 ... 0 0 0],7,0.04,0.00884538164841766,0.0,0.002612561703020559,0.0922259542379112,0.4
116,326,326,Azintamide,-2.231,1,259.762,0,1,5,46.09,-1.716,CCN(CC)C(=O)CSc1ccc(Cl)nn1,0,0,[0 0 0 ... 0 0 0],7,0.1,0.03634409789987138,0.0,0.005958957503866893,0.10128765264464039,0.6
117,338,338,Fluometuron,-3.065,1,232.205,1,1,1,32.34,-3.43,CN(C)C(=O)Nc1cccc(c1)C(F)(F)F,0,0,[0 0 0 ... 0 0 0],7,0.08,0.011151028010801187,0.0,0.005183968059743855,0.08502808648516455,0.2
118,343,343,Indapamide,-4.345,1,365.842,2,3,3,92.5,-3.5860000000000003,CC2Cc1ccccc1N2NC(=O)c3ccc(Cl)c(c3)S(N)(=O)=O ,0,0,[0 0 0 ... 0 0 0],7,0.12,0.0017603304083337091,0.0,0.0004595083906291472,0.06725537267674109,0.2
119,348,348,Fenuron,-1.847,1,164.208,1,1,1,32.34,-1.6,CN(C)C(=O)Nc1ccccc1,0,0,[0 0 0 ... 0 0 0],7,0.02,0.04825657160834133,0.0,0.033289785224471735,0.0922259542379112,0.0
120,357,357,Chlorbromuron,-3.938,1,293.548,1,1,2,41.57,-3.924,CON(C)C(=O)Nc1ccc(Br)c(Cl)c1,0,0,[0 0 0 ... 0 0 0],7,0.05,0.0074266433283800845,0.0,0.002550144214344092,0.05067984073222653,0.2
121,360,360,Dimefuron,-3.831,1,338.79500000000013,1,2,2,80.37,-4.328,CN(C)C(=O)Nc1ccc(c(Cl)c1)n2nc(oc2=O)C(C)(C)C,0,0,[0 0 0 ... 0 0 0],7,0.07,0.002199523142590451,0.0,0.00026505522458744536,0.04655817866101791,0.2
122,361,361,p-Fluoroacetanilide,-2.181,1,153.156,1,1,1,29.1,-1.78,CC(=O)Nc1ccc(F)cc1,0,0,[0 0 0 ... 0 0 0],7,0.05,0.010025986648073117,0.0,0.009194587913750421,0.0922259542379112,0.0
123,369,369,Neburon,-4.157,1,275.179,1,1,4,32.34,-4.77,CCCCN(C)C(=O)Nc1ccc(Cl)c(Cl)c1,0,0,[0 0 0 ... 0 0 0],7,0.03,0.0007139288714058248,0.0,8.874822801736658e-05,0.032953866492459384,0.0
124,378,378,Propanil,-3.644,1,218.083,1,1,2,29.1,-3.0,CCC(=O)Nc1ccc(Cl)c(Cl)c1,0,0,[0 0 0 ... 0 0 0],7,0.07,0.02370521402321416,0.0,0.004899498716810985,0.048340715288217984,0.2
125,407,407,Chlortoluron,-3.048,1,212.68,1,1,1,32.34,-3.483,CN(C)C(=O)Nc1ccc(C)c(Cl)c1,0,0,[0 0 0 ... 0 0 0],7,0.03,0.0037730106264353483,0.0,0.0010657070069352136,0.05067984073222653,0.4
126,408,408,Linuron,-3.5810000000000004,1,249.097,1,1,2,41.57,-3.592,CON(C)C(=O)Nc1ccc(Cl)c(Cl)c1,0,0,[0 0 0 ... 0 0 0],7,0.06,0.047991848197129934,0.0,0.01275743807853687,0.05067984073222653,0.0
127,410,410,Thiamphenicol,-1.936,1,356.2270000000001,3,1,6,103.70000000000002,-2.154,CS(=O)(=O)c1ccc(cc1)C(O)C(CO)NC(=O)C(Cl)Cl ,0,0,[0 1 0 ... 0 0 0],7,0.06,0.0004953122655749922,0.0,0.0008486693989998087,0.05546839404469443,0.4
128,434,434,Equilenin,-3.927,1,266.34,1,4,0,37.3,-5.24,CC34CCc1c(ccc2cc(O)ccc12)C3CCC4=O,0,0,[0 0 0 ... 0 0 0],7,0.09,0.007521449231589227,0.0,0.0010127431319722293,0.033000811989475305,0.4
129,482,482,Fluvalinate,-8.057,1,502.9200000000002,1,3,8,71.35,-8.003,CC(C)C(Nc1ccc(cc1Cl)C(F)(F)F)C(=O)OC(C#N)c2cccc(Oc3ccccc3)c2,0,0,[0 1 0 ... 0 0 0],7,0.13,0.031083178867155507,0.0,0.005934033448632647,0.05669766145450083,0.0
130,624,624,Estrone,-3.872,1,270.372,1,4,0,37.3,-3.955,CC12CCC3C(CCc4cc(O)ccc34)C2CCC1=O,0,0,[0 0 0 ... 0 0 0],7,0.07,0.0982416496116832,0.0,0.01214924462074056,0.06098511550870732,0.2
131,658,658,methyl gallate,-1.913,1,184.147,3,1,1,86.99000000000001,-1.24,COC(=O)c1cc(O)c(O)c(O)c1 ,0,0,[0 0 0 ... 0 0 0],7,0.08,0.046892630066131806,0.0,0.06889710283414059,0.0922259542379112,0.4
132,694,694,chloropropylate,-5.093,1,339.21800000000013,1,2,4,46.53,-4.53,c1ccc(Cl)cc1C(c2ccc(Cl)cc2)(O)C(=O)OC(C)C,0,0,[0 1 0 ... 0 0 0],7,0.04,0.0027850688162316226,0.0,0.0010657321033498818,0.04655817866101791,0.2
133,696,696,Difenoxuron,-3.928,1,286.331,1,2,4,50.8,-4.16,COc2ccc(Oc1ccc(NC(=O)N(C)C)cc1)cc2,0,0,[0 0 0 ... 0 0 0],7,0.08,0.019177646509332926,0.0,0.00574655304169501,0.08414894163272961,0.2
134,731,731,Diuron,-3.301,1,233.098,1,1,1,32.34,-3.8,CN(C)C(=O)Nc1ccc(Cl)c(Cl)c1,0,0,[0 0 0 ... 0 0 0],7,0.04,0.007505132283583281,0.0,0.002301448758877258,0.05067984073222653,0.2
135,742,742,Chlorbufam,-3.629,1,223.659,1,1,2,38.33,-2.617,CC(OC(=O)Nc1cccc(Cl)c1)C#C,0,0,[0 1 0 ... 0 0 0],7,0.05,0.023654458993936023,0.0,0.00314123795903785,0.05067984073222653,0.2
136,775,775,Pencycuron,-5.126,1,328.843,1,3,4,32.34,-5.915,Clc1ccc(CN(C2CCCC2)C(=O)Nc3ccccc3)cc1,0,0,[0 0 0 ... 0 0 0],7,0.09,0.12820419521916596,0.0,0.00310928240615717,0.036363311990209715,0.0
137,791,791,Isonazid,-0.7170000000000001,1,137.14200000000002,2,1,1,68.01,0.009,c1nccc(C(=O)NN)c1,1,1,[0 0 0 ... 0 0 0],7,0.44,0.9642425530403156,0.0,0.9296058461515099,0.2461530235897633,0.8
138,827,827,Monolinuron,-2.948,1,214.652,1,1,2,41.57,-2.57,CON(C)C(=O)Nc1ccc(Cl)cc1,0,0,[0 0 0 ... 0 0 0],7,0.07,0.09732303073763868,0.0,0.028002529218541905,0.05067984073222653,0.2
139,832,832,Rovral,-4.004,1,330.17100000000005,1,2,2,69.72,-4.376,CC(C)NC(=O)N1CC(=O)N(C1=O)c2cc(Cl)cc(Cl)c2,0,0,[0 1 0 ... 0 0 0],7,0.12,0.0009071492046243129,0.0,0.0025681073699599082,0.04765139816501872,0.0
140,837,837,Metoxuron,-2.6830000000000003,1,228.679,1,1,2,41.57,-2.564,COc1ccc(NC(=O)N(C)C)cc1Cl,0,0,[0 0 0 ... 0 0 0],7,0.03,0.010905301740407923,0.0,0.0026725519524813117,0.05067984073222653,0.6
141,844,844,estriol,-3.858,1,288.387,3,4,0,60.69,-4.955,CC34CCC1C(CCc2cc(O)ccc12)C3CC(O)C4O ,0,0,[0 0 0 ... 0 0 0],7,0.19,0.004903713004539049,0.0,0.0021775084908991845,0.06700141127605388,0.4
142,877,877,Barban,-4.16,1,258.104,1,1,2,38.33,-4.37,ClCC#CCOC(=O)Nc1cccc(Cl)c1,0,0,[0 0 0 ... 0 0 0],7,0.1,0.29237531615050366,0.0,0.03817074078057101,0.05067984073222653,0.2
143,878,878,p-Chloroacetanilide,-2.642,1,169.611,1,1,1,29.1,-2.843,CC(=O)Nc1ccc(Cl)cc1,0,0,[0 0 0 ... 0 0 0],7,0.06,0.017730909606846215,0.0,0.005760850784673304,0.05067984073222653,0.2
144,905,905,Buturon,-3.199,1,236.702,1,1,2,32.34,-3.9,CC(C#C)N(C)C(=O)Nc1ccc(Cl)cc1,0,0,[0 1 0 ... 0 0 0],7,0.1,0.003439489597131096,0.0,0.0005807226757438422,0.05067984073222653,0.2
145,915,915,p-Hydroxyacetanilide,-1.495,1,151.165,2,1,1,49.33,-1.03,CC(=O)Nc1ccc(O)cc1,0,0,[0 0 0 ... 0 0 0],7,0.41,0.13845372263494823,0.0,0.14235299445784544,0.18235202320093136,0.4
146,946,946,Xipamide,-3.642,1,354.8150000000001,3,2,3,109.48999999999998,-3.79,Cc1cccc(C)c1NC(=O)c2cc(c(Cl)cc2O)S(N)(=O)=O,0,0,[0 0 0 ... 0 0 0],7,0.15,0.009507496238683811,0.0,0.0022676051277687676,0.05067984073222653,0.4
147,950,950,Chloropham,-3.544,1,213.664,1,1,2,38.33,-3.38,CC(C)OC(=O)Nc1cccc(Cl)c1,0,0,[0 1 0 ... 0 0 0],7,0.12,0.022651628471974286,0.0,0.004897131672229037,0.12309578111204345,0.4
148,963,963,difluron,-4.692,1,310.687,2,2,2,58.2,-6.02,Fc1cccc(F)c1C(=O)NC(=O)Nc2ccc(Cl)cc2,0,0,[0 0 0 ... 0 0 0],7,0.11,0.0298263217261552,0.0,0.01820428378810098,0.05067984073222653,0.2
149,996,996,bromopropylate,-5.832999999999999,1,428.12000000000006,1,2,4,46.53,-4.93,CC(C)OC(=O)C(O)(c1ccc(Br)cc1)c2ccc(Br)cc2 ,0,0,[0 1 0 ... 0 0 0],7,0.06,0.00058728237283353,0.0,0.0016137111202843876,0.08502808648516455,0.2
150,1021,1021,Chloroxuron,-4.477,1,290.75,1,2,3,41.57000000000001,-4.89,CN(C)C(=O)Nc2ccc(Oc1ccc(Cl)cc1)cc2,0,0,[0 0 0 ... 0 0 0],7,0.1,0.02524315013241958,0.0,0.004131076696386368,0.05067984073222653,0.2
151,1106,1106,Triadimefon,-4.132,1,293.754,0,2,4,57.010000000000005,-3.61,CC(C)(C)C(=O)C(Oc1ccc(Cl)cc1)n2cncn2,0,0,[0 1 0 ... 0 0 0],7,0.16,0.14444726990027734,0.0,0.016326607840765155,0.06875512786720046,0.2
152,252,252,2-Bromotoluene,-3.667,1,171.03699999999998,0,1,0,0.0,-2.23,Cc1ccccc1Br,0,0,[0 0 0 ... 0 0 0],10,0.05,0.11068614653430839,0.0,0.044728946220527324,0.0922259542379112,0.2
153,423,423,"1,2,4-tribromobenzene",-5.144,1,314.802,0,1,0,0.0,-4.5,c1(Br)c(Br)cc(Br)cc1,0,0,[0 0 0 ... 0 0 0],10,0.02,0.002279359193197659,0.0,0.004340368425233045,0.0922259542379112,0.0
154,664,664,m-Fluorobromobenzene,-3.467,1,175.0,0,1,0,0.0,-2.67,Fc1cccc(Br)c1,0,0,[0 0 0 ... 0 0 0],10,0.0,0.04064549085576946,0.0,0.02973649541311846,0.10475818764851866,0.0
155,1031,1031,"1,2-Dibromobenzene",-4.172,1,235.906,0,1,0,0.0,-3.5,Brc1ccccc1Br,0,0,[0 0 0 ... 0 0 0],10,0.01,0.11229057332690111,0.0,0.05869169003137564,0.0922259542379112,0.0
156,1049,1049,o-Chlorobromobenzene,-3.84,1,191.455,0,1,0,0.0,-3.19,Clc1ccccc1Br,0,0,[0 0 0 ... 0 0 0],10,0.01,0.003555491021468526,0.0,0.0016496511057973293,0.05067984073222653,0.0
157,100,100,Deoxycorticosterone,-3.939,1,330.4680000000001,1,4,2,54.370000000000005,-3.45,CC12CCC3C(CCC4=CC(=O)CCC34C)C2CCC1C(=O)CO,0,0,[0 0 0 ... 0 0 0],12,0.03,0.1740249493140414,0.0,0.02519729372072007,0.07321319580485357,0.0
158,695,695,aldosterone,-3.0660000000000003,1,360.4500000000001,2,4,3,91.67000000000002,-3.85,CC13CCC(=O)C=C1CCC4C2CCC(C(=O)CO)C2(CC(O)C34)C=O ,0,0,[0 0 0 ... 0 0 0],12,0.07,0.054667145041156766,0.0,0.022440019333353926,0.07321319580485357,0.0
159,966,966,Corticosterone,-3.454,1,346.46700000000016,2,4,2,74.6,-3.24,CC12CC(O)C3C(CCC4=CC(=O)CCC34C)C2CCC1C(=O)CO,0,0,[0 0 0 ... 0 0 0],12,0.03,0.05536720137046396,0.0,0.014943341129250325,0.07321319580485357,0.0
160,78,78,1-Bromopropane,-1.949,1,122.993,0,0,1,0.0,-1.73,CCCBr,0,0,[0 0 0 ... 0 0 0],13,0.14,0.10721125219655289,0.0,0.12850733973274267,0.3502685899433731,0.0
161,267,267,1-Bromobutane,-2.303,1,137.01999999999998,0,0,2,0.0,-2.37,CCCCBr,0,0,[0 0 0 ... 0 0 0],13,0.06,0.0069503126486393585,0.0,0.02051551790653417,0.265599789333834,0.0
162,614,614,Dibromomethane,-1.883,1,173.83499999999998,0,0,0,0.0,-1.17,BrCBr,0,0,[0 0 0 ... 0 0 0],13,0.31,0.38648196236757554,0.0,0.5041501589469596,0.36166524547821194,0.6
163,638,638,Bromoethane,-1.529,1,108.966,0,0,0,0.0,-1.09,CCBr,0,0,[0 0 0 ... 0 0 0],13,0.19,0.28203575939218745,0.0,0.31529827961237644,0.3502685899433731,0.4
164,1012,1012,"1,2-Dibromoethane",-2.102,1,187.862,0,0,1,0.0,-1.68,BrCCBr,0,0,[0 0 0 ... 0 0 1],13,0.3,0.33322271576481133,0.0,0.41831335155901583,0.36166524547821194,0.6
165,589,589,o-Fluorobromobenzene,-3.467,1,175.0,0,1,0,0.0,-2.7,Fc1ccccc1Br,0,0,[0 0 0 ... 0 0 0],22,0.0,0.13191979268329349,0.0,0.03739169981268672,0.0922259542379112,0.0
166,2,2,citral,-2.579,1,152.237,0,0,4,17.07,-2.06,CC(C)=CCCC(C)=CC(=O),0,0,[0 0 0 ... 0 0 0],27,0.52,0.0884142940643061,0.0,0.3140960751273409,0.36166524547821194,0.6
167,165,165,Nerol,-2.603,1,154.253,1,0,4,20.23,-2.46,CC(C)=CCC/C(C)=C\CO,0,0,[0 0 0 ... 0 0 0],27,0.35416666666666674,0.6547741301427777,0.0,0.6806369302603393,0.31974661900663215,0.6
168,228,228,linalool,-2.399,1,154.253,1,0,4,20.23,-1.99,CC(C)=CCCC(O)(C)C=C,0,0,[0 0 0 ... 0 0 0],27,0.17,0.1075224905370229,0.0,0.051241260792244565,0.3413460252927769,0.2
